t_s,ch1_uv
0.000000,3322.887
0.001000,3322.887
0.002000,3322.506
0.003000,3322.506
0.004000,3322.506
0.005000,3322.506
0.006000,3322.506
0.007000,3323.793
0.008000,3323.793
0.009000,3323.793
0.010000,3323.793
0.011000,3323.793
0.012000,3326.225
0.013000,3326.225
0.014000,3326.225
0.015000,3326.225
0.016000,3326.225
0.017000,3324.890
0.018000,3324.890
0.019000,3324.890
0.020000,3324.890
0.021000,3324.890
0.022000,3323.793
0.023000,3323.793
0.024000,3323.793
0.025000,3323.793
0.026000,3323.793
0.027000,3324.413
0.028000,3324.413
0.029000,3324.413
0.030000,3324.413
0.031000,3324.413
0.032000,3323.126
0.033000,3323.126
0.034000,3323.126
0.035000,0.000
0.036000,3315.592
0.037000,3315.592
0.038000,3315.592
0.039000,3315.592
0.040000,3315.592
0.041000,3317.165
0.042000,3317.165
0.043000,3317.165
0.044000,3317.165
0.045000,3317.165
0.046000,3319.454
0.047000,3319.454
0.048000,3319.454
0.049000,3319.454
0.050000,3319.454
0.051000,3322.029
0.052000,3322.029
0.053000,3322.029
0.054000,3322.029
0.055000,3322.029
0.056000,3323.364
0.057000,3323.364
0.058000,3323.364
0.059000,3323.364
0.060000,3323.364
0.061000,3324.223
0.062000,3324.223
0.063000,3324.223
0.064000,3324.223
0.065000,3322.792
0.066000,3322.792
0.067000,3322.792
0.068000,3322.792
0.069000,3314.877
0.070000,3314.877
0.071000,3314.877
0.072000,3314.877
0.073000,3314.877
0.074000,3316.402
0.075000,3316.402
0.076000,3316.402
0.077000,3316.402
0.078000,3316.402
0.079000,3318.739
0.080000,3318.739
0.081000,3318.739
0.082000,3318.739
0.083000,3318.739
0.084000,3321.457
0.085000,3321.457
0.086000,3321.457
0.087000,3321.457
0.088000,3321.457
0.089000,3320.360
0.090000,3320.360
0.091000,3320.360
0.092000,3320.360
0.093000,3320.360
0.094000,3321.791
0.095000,3321.791
0.096000,3321.791
0.097000,3321.791
0.098000,3321.362
0.099000,3321.362
0.100000,3321.362
0.101000,3321.362
0.102000,3321.362
0.103000,3320.169
0.104000,3320.169
0.105000,3320.169
0.106000,3320.169
0.107000,3320.169
0.108000,3320.265
0.109000,3320.265
0.110000,3320.265
0.111000,3320.265
0.112000,3320.265
0.113000,3318.977
0.114000,3318.977
0.115000,3318.977
0.116000,3318.977
0.117000,3318.977
0.118000,3315.496
0.119000,3315.496
0.120000,3315.496
0.121000,3315.496
0.122000,3322.363
0.123000,3322.363
0.124000,3322.363
0.125000,3322.363
0.126000,3322.363
0.127000,3323.841
0.128000,3323.841
0.129000,3323.841
0.130000,3323.841
0.131000,3320.456
0.132000,3320.456
0.133000,3320.456
0.134000,3320.456
0.135000,3320.456
0.136000,3320.742
0.137000,3320.742
0.138000,3320.742
0.139000,3320.742
0.140000,3320.742
0.141000,3318.262
0.142000,3318.262
0.143000,3318.262
0.144000,3318.262
0.145000,3318.262
0.146000,3312.969
0.147000,3312.969
0.148000,3312.969
0.149000,3312.969
0.150000,3312.969
0.151000,3314.447
0.152000,3314.447
0.153000,3314.447
0.154000,3314.447
0.155000,3314.447
0.156000,3321.218
0.157000,3321.218
0.158000,3321.218
0.159000,3321.218
0.160000,0.000
0.161000,3319.979
0.162000,3319.979
0.163000,3319.979
0.164000,3319.979
0.165000,3319.979
0.166000,3325.701
0.167000,3325.701
0.168000,3325.701
0.169000,3325.701
0.170000,3325.701
0.171000,3319.931
0.172000,3319.931
0.173000,3319.931
0.174000,3319.931
0.175000,3319.931
0.176000,3319.025
0.177000,3319.025
0.178000,3319.025
0.179000,3319.025
0.180000,3319.025
0.181000,3314.877
0.182000,3314.877
0.183000,3314.877
0.184000,3314.877
0.185000,3314.877
0.186000,3315.115
0.187000,3315.115
0.188000,3315.115
0.189000,3315.115
0.190000,3315.115
0.191000,3317.165
0.192000,3317.165
0.193000,3317.165
0.194000,3317.165
0.195000,3326.941
0.196000,3326.941
0.197000,3326.941
0.198000,3326.941
0.199000,3326.941
0.200000,3328.085
0.201000,3328.085
0.202000,3328.085
0.203000,3328.085
0.204000,3328.085
0.205000,3324.318
0.206000,3324.318
0.207000,3324.318
0.208000,3324.318
0.209000,3324.318
0.210000,3322.220
0.211000,3322.220
0.212000,3322.220
0.213000,3322.220
0.214000,3322.220
0.215000,3321.648
0.216000,3321.648
0.217000,3321.648
0.218000,3321.648
0.219000,3321.648
0.220000,3321.218
0.221000,3321.218
0.222000,3321.218
0.223000,3321.218
0.224000,0.000
0.225000,3322.220
0.226000,3322.220
0.227000,3322.220
0.228000,3322.220
0.229000,3322.220
0.230000,3326.464
0.231000,3326.464
0.232000,3326.464
0.233000,3326.464
0.234000,3326.464
0.235000,3327.656
0.236000,3327.656
0.237000,3327.656
0.238000,3327.656
0.239000,3327.656
0.240000,3325.033
0.241000,3325.033
0.242000,3325.033
0.243000,3325.033
0.244000,3325.033
0.245000,3321.457
0.246000,3321.457
0.247000,3321.457
0.248000,3321.457
0.249000,3321.457
0.250000,3320.837
0.251000,3320.837
0.252000,3320.837
0.253000,3320.837
0.254000,3320.837
0.255000,3319.168
0.256000,3319.168
0.257000,3319.168
0.258000,3319.168
0.259000,3318.214
0.260000,3318.214
0.261000,3318.214
0.262000,3318.214
0.263000,3318.214
0.264000,3321.028
0.265000,3321.028
0.266000,3321.028
0.267000,3321.028
0.268000,3321.028
0.269000,3319.836
0.270000,3319.836
0.271000,3319.836
0.272000,3319.836
0.273000,3319.836
0.274000,3321.123
0.275000,3321.123
0.276000,3321.123
0.277000,3321.123
0.278000,3321.123
0.279000,3321.552
0.280000,3321.552
0.281000,3321.552
0.282000,3321.552
0.283000,3321.552
0.284000,3323.030
0.285000,3323.030
0.286000,3323.030
0.287000,3323.030
0.288000,0.000
0.289000,3327.179
0.290000,3327.179
0.291000,3327.179
0.292000,3327.179
0.293000,-400000.000
0.294000,3318.119
0.295000,3318.119
0.296000,3318.119
0.297000,3318.119
0.298000,3318.119
0.299000,3320.122
0.300000,3320.122
0.301000,3320.122
0.302000,3320.122
0.303000,3320.122
0.304000,3321.314
0.305000,3321.314
0.306000,3321.314
0.307000,3321.314
0.308000,3321.314
0.309000,3320.742
0.310000,3320.742
0.311000,3320.742
0.312000,3320.742
0.313000,3320.742
0.314000,3319.550
0.315000,3319.550
0.316000,3319.550
0.317000,3319.550
0.318000,3319.550
0.319000,3325.272
0.320000,3325.272
0.321000,3325.272
0.322000,3325.272
0.323000,0.000
0.324000,0.000
0.325000,0.000
0.326000,0.000
0.327000,0.000
0.328000,3320.169
0.329000,3320.169
0.330000,3320.169
0.331000,3320.169
0.332000,3320.169
0.333000,3314.686
0.334000,3314.686
0.335000,3314.686
0.336000,3314.686
0.337000,3314.686
0.338000,3314.638
0.339000,3314.638
0.340000,3314.638
0.341000,3314.638
0.342000,3314.638
0.343000,3316.355
0.344000,3316.355
0.345000,3316.355
0.346000,3316.355
0.347000,3316.355
0.348000,3317.976
0.349000,3317.976
0.350000,3317.976
0.351000,3317.976
0.352000,12.970
0.353000,0.000
0.354000,0.000
0.355000,0.000
0.356000,0.000
0.357000,0.000
0.358000,0.000
0.359000,0.000
0.360000,0.000
0.361000,0.000
0.362000,0.000
0.363000,3320.026
0.364000,3320.026
0.365000,3320.026
0.366000,3320.026
0.367000,3320.026
0.368000,3316.212
0.369000,3316.212
0.370000,3316.212
0.371000,3316.212
0.372000,3316.212
0.373000,3313.684
0.374000,3313.684
0.375000,3313.684
0.376000,3313.684
0.377000,3313.684
0.378000,3315.878
0.379000,3315.878
0.380000,3315.878
0.381000,3315.878
0.382000,3315.878
0.383000,3318.262
0.384000,3318.262
0.385000,3318.262
0.386000,3318.262
0.387000,3326.654
0.388000,3326.654
0.389000,3326.654
0.390000,3326.654
0.391000,3326.654
0.392000,3324.604
0.393000,3324.604
0.394000,3324.604
0.395000,3324.604
0.396000,3324.604
0.397000,3323.269
0.398000,3323.269
0.399000,3323.269
0.400000,3323.269
0.401000,3323.269
0.402000,3322.840
0.403000,3322.840
0.404000,3322.840
0.405000,3322.840
0.406000,3322.840
0.407000,3321.600
0.408000,3321.600
0.409000,3321.600
0.410000,3321.600
0.411000,3321.600
0.412000,3315.878
0.413000,3315.878
0.414000,3315.878
0.415000,3315.878
0.416000,0.000
0.417000,3318.119
0.418000,3318.119
0.419000,3318.119
0.420000,3318.119
0.421000,3318.119
0.422000,3327.322
0.423000,3327.322
0.424000,3327.322
0.425000,3327.322
0.426000,3327.322
0.427000,3325.844
0.428000,3325.844
0.429000,3325.844
0.430000,3325.844
0.431000,3325.844
0.432000,3322.172
0.433000,3322.172
0.434000,3322.172
0.435000,3322.172
0.436000,3322.172
0.437000,3321.838
0.438000,3321.838
0.439000,3321.838
0.440000,3321.838
0.441000,3321.838
0.442000,3320.646
0.443000,3320.646
0.444000,3320.646
0.445000,3320.646
0.446000,3320.646
0.447000,3320.503
0.448000,3320.503
0.449000,3320.503
0.450000,3320.503
0.451000,3320.360
0.452000,3320.360
0.453000,3320.360
0.454000,3320.360
0.455000,3320.360
0.456000,3320.408
0.457000,3320.408
0.458000,3320.408
0.459000,3320.408
0.460000,3320.408
0.461000,3322.029
0.462000,3322.029
0.463000,3322.029
0.464000,3322.029
0.465000,3322.029
0.466000,3322.649
0.467000,3322.649
0.468000,3322.649
0.469000,3322.649
0.470000,3322.649
0.471000,3324.175
0.472000,3324.175
0.473000,3324.175
0.474000,3324.175
0.475000,3324.175
0.476000,3322.029
0.477000,3322.029
0.478000,3322.029
0.479000,3322.029
0.480000,0.000
0.481000,3319.693
0.482000,3319.693
0.483000,3319.693
0.484000,3319.693
0.485000,3319.693
0.486000,3317.261
0.487000,3317.261
0.488000,3317.261
0.489000,3317.261
0.490000,3317.261
0.491000,3319.836
0.492000,3319.836
0.493000,3319.836
0.494000,3319.836
0.495000,3319.836
0.496000,3321.457
0.497000,3321.457
0.498000,3321.457
0.499000,3321.457
0.500000,3321.457
0.501000,3321.600
0.502000,3321.600
0.503000,3321.600
0.504000,3321.600
0.505000,3321.600
0.506000,3325.367
0.507000,3325.367
0.508000,3325.367
0.509000,3325.367
0.510000,3325.367
0.511000,3327.656
0.512000,3327.656
0.513000,3327.656
0.514000,3327.656
0.515000,3320.408
0.516000,3320.408
0.517000,3320.408
0.518000,3320.408
0.519000,3320.408
0.520000,3315.258
0.521000,3315.258
0.522000,3315.258
0.523000,3315.258
0.524000,3315.258
0.525000,3319.120
0.526000,3319.120
0.527000,3319.120
0.528000,3319.120
0.529000,3319.120
0.530000,3321.218
0.531000,3321.218
0.532000,3321.218
0.533000,3321.218
0.534000,3321.218
0.535000,3320.742
0.536000,3320.742
0.537000,3320.742
0.538000,3320.742
0.539000,3320.742
0.540000,3321.362
0.541000,3321.362
0.542000,3321.362
0.543000,3321.362
0.544000,0.000
0.545000,3326.082
0.546000,3326.082
0.547000,3326.082
0.548000,3326.082
0.549000,3326.082
0.550000,3320.074
0.551000,3320.074
0.552000,3320.074
0.553000,3320.074
0.554000,3320.074
0.555000,3316.545
0.556000,3316.545
0.557000,3316.545
0.558000,3316.545
0.559000,3316.545
0.560000,3313.923
0.561000,3313.923
0.562000,3313.923
0.563000,3313.923
0.564000,3313.923
0.565000,3315.592
0.566000,3315.592
0.567000,3315.592
0.568000,3315.592
0.569000,3315.592
0.570000,3317.022
0.571000,3317.022
0.572000,3317.022
0.573000,3317.022
0.574000,3317.022
0.575000,3319.550
0.576000,3319.550
0.577000,3319.550
0.578000,3319.550
0.579000,3325.939
0.580000,3325.939
0.581000,3325.939
0.582000,3325.939
0.583000,3325.939
0.584000,3319.597
0.585000,3319.597
0.586000,3319.597
0.587000,3319.597
0.588000,3319.597
0.589000,3318.357
0.590000,3318.357
0.591000,3318.357
0.592000,3318.357
0.593000,3318.357
0.594000,3313.494
0.595000,3313.494
0.596000,3313.494
0.597000,3313.494
0.598000,3313.494
0.599000,3314.543
0.600000,3314.543
0.601000,3314.543
0.602000,3314.543
0.603000,3314.543
0.604000,3317.213
0.605000,3317.213
0.606000,3317.213
0.607000,3317.213
0.608000,0.000
0.609000,3318.119
0.610000,3318.119
0.611000,3318.119
0.612000,3318.119
0.613000,3318.119
0.614000,3328.562
0.615000,3328.562
0.616000,3328.562
0.617000,3328.562
0.618000,3328.562
0.619000,3325.605
0.620000,3325.605
0.621000,3325.605
0.622000,3325.605
0.623000,3325.605
0.624000,3324.747
0.625000,3324.747
0.626000,3324.747
0.627000,3324.747
0.628000,3324.747
0.629000,3322.411
0.630000,3322.411
0.631000,3322.411
0.632000,3322.411
0.633000,3322.411
0.634000,3320.932
0.635000,3320.932
0.636000,3320.932
0.637000,3320.932
0.638000,3320.932
0.639000,3320.694
0.640000,3320.694
0.641000,3320.694
0.642000,3320.694
0.643000,3325.987
0.644000,3325.987
0.645000,3325.987
0.646000,3325.987
0.647000,3325.987
0.648000,3325.748
0.649000,3325.748
0.650000,3325.748
0.651000,3325.748
0.652000,3325.748
0.653000,3325.367
0.654000,3325.367
0.655000,3325.367
0.656000,3325.367
0.657000,3325.367
0.658000,3321.838
0.659000,3321.838
0.660000,3321.838
0.661000,3321.838
0.662000,3321.838
0.663000,3320.503
0.664000,3320.503
0.665000,3320.503
0.666000,3320.503
0.667000,3320.503
0.668000,3318.691
0.669000,3318.691
0.670000,3318.691
0.671000,3318.691
0.672000,0.000
0.673000,3316.593
0.674000,3316.593
0.675000,3316.593
0.676000,3316.593
0.677000,3316.593
0.678000,0.000
0.679000,0.000
0.680000,0.000
0.681000,0.000
0.682000,0.000
0.683000,3322.887
0.684000,3322.887
0.685000,3322.887
0.686000,3322.887
0.687000,3322.887
0.688000,3320.503
0.689000,3320.503
0.690000,3320.503
0.691000,3320.503
0.692000,3320.503
0.693000,3322.268
0.694000,3322.268
0.695000,3322.268
0.696000,3322.268
0.697000,3322.268
0.698000,3326.464
0.699000,3326.464
0.700000,3326.464
0.701000,3326.464
0.702000,3326.464
0.703000,3323.936
0.704000,3323.936
0.705000,3323.936
0.706000,3324.080
0.707000,3317.833
0.708000,3317.833
0.709000,3317.833
0.710000,3317.833
0.711000,3317.833
0.712000,3318.644
0.713000,3318.644
0.714000,3318.644
0.715000,3318.644
0.716000,3318.644
0.717000,3318.691
0.718000,3318.691
0.719000,3318.691
0.720000,3318.691
0.721000,3318.691
0.722000,3320.122
0.723000,3320.122
0.724000,3320.122
0.725000,3320.122
0.726000,3320.122
0.727000,3323.317
0.728000,3323.317
0.729000,3323.317
0.730000,3323.317
0.731000,3323.317
0.732000,3324.938
0.733000,3324.938
0.734000,3324.938
0.735000,3324.938
0.736000,0.000
0.737000,3327.274
0.738000,3327.274
0.739000,3327.274
0.740000,3327.274
0.741000,3327.274
0.742000,3319.025
0.743000,3319.025
0.744000,3319.025
0.745000,3319.025
0.746000,3319.025
0.747000,3317.499
0.748000,3317.499
0.749000,3317.499
0.750000,3317.499
0.751000,3317.499
0.752000,3312.874
0.753000,3312.874
0.754000,3312.874
0.755000,3312.874
0.756000,3312.874
0.757000,3315.592
0.758000,3315.592
0.759000,3315.592
0.760000,3315.592
0.761000,3315.592
0.762000,3318.262
0.763000,3318.262
0.764000,3318.262
0.765000,3318.262
0.766000,3318.262
0.767000,3319.645
0.768000,3319.645
0.769000,3319.645
0.770000,3319.931
0.771000,3321.075
0.772000,3321.075
0.773000,3321.075
0.774000,3321.075
0.775000,3321.075
0.776000,3319.597
0.777000,3319.597
0.778000,3319.597
0.779000,3319.597
0.780000,3319.597
0.781000,3319.168
0.782000,3319.168
0.783000,3319.168
0.784000,3319.168
0.785000,3319.168
0.786000,3314.686
0.787000,3314.686
0.788000,3314.686
0.789000,3314.686
0.790000,3314.686
0.791000,3315.592
0.792000,3315.592
0.793000,3315.592
0.794000,3315.592
0.795000,3315.592
0.796000,3317.356
0.797000,3317.356
0.798000,3317.356
0.799000,3317.356
0.800000,0.000
0.801000,3319.216
0.802000,3319.216
0.803000,3319.216
0.804000,3319.216
0.805000,3319.216
0.806000,3328.133
0.807000,3328.133
0.808000,3328.133
0.809000,3328.133
0.810000,3328.133
0.811000,3326.702
0.812000,3326.702
0.813000,3326.702
0.814000,3326.702
0.815000,3326.702
0.816000,3323.984
0.817000,3323.984
0.818000,3323.984
0.819000,3323.984
0.820000,3323.984
0.821000,3323.746
0.822000,3323.746
0.823000,3323.746
0.824000,3323.746
0.825000,3323.746
0.826000,3323.030
0.827000,3323.030
0.828000,3323.030
0.829000,3323.030
0.830000,3323.030
0.831000,3315.401
0.832000,3315.401
0.833000,3315.401
0.834000,3315.401
0.835000,3322.744
0.836000,3322.744
0.837000,3322.744
0.838000,3322.744
0.839000,3322.744
0.840000,3327.036
0.841000,3327.036
0.842000,3327.036
0.843000,3327.036
0.844000,3327.036
0.845000,3326.893
0.846000,3326.893
0.847000,3326.893
0.848000,3326.893
0.849000,3326.893
0.850000,3324.747
0.851000,3324.747
0.852000,3324.747
0.853000,3324.747
0.854000,3324.747
0.855000,3322.840
0.856000,3322.840
0.857000,3322.840
0.858000,3322.840
0.859000,3322.840
0.860000,3320.694
0.861000,3320.694
0.862000,3320.694
0.863000,3320.694
0.864000,0.000
0.865000,3320.408
0.866000,3320.408
0.867000,3320.408
0.868000,3320.408
0.869000,3320.408
0.870000,3319.168
0.871000,3319.168
0.872000,3319.168
0.873000,3319.168
0.874000,3319.168
0.875000,3320.169
0.876000,3320.169
0.877000,3320.169
0.878000,3320.169
0.879000,3320.169
0.880000,3322.315
0.881000,3322.315
0.882000,3322.315
0.883000,3322.315
0.884000,3322.315
0.885000,3323.126
0.886000,3323.126
0.887000,3323.126
0.888000,3323.126
0.889000,3323.126
0.890000,3323.650
0.891000,3323.650
0.892000,3323.650
0.893000,3323.650
0.894000,3323.650
0.895000,3323.603
0.896000,3323.603
0.897000,3323.603
0.898000,3323.603
0.899000,3318.453
0.900000,3318.453
0.901000,3318.453
0.902000,3318.453
0.903000,3318.453
0.904000,3318.644
0.905000,3318.644
0.906000,3318.644
0.907000,3318.644
0.908000,3318.644
0.909000,3320.360
0.910000,3320.360
0.911000,3320.360
0.912000,3320.360
0.913000,3320.360
0.914000,3321.218
0.915000,3321.218
0.916000,3321.218
0.917000,3321.218
0.918000,3321.218
0.919000,3323.841
0.920000,3323.841
0.921000,3323.841
0.922000,3323.841
0.923000,3323.841
0.924000,3322.268
0.925000,3322.268
0.926000,3322.268
0.927000,3322.268
0.928000,0.000
0.929000,3325.748
0.930000,3325.748
0.931000,3325.748
0.932000,3325.748
0.933000,3325.748
0.934000,3318.357
0.935000,3318.357
0.936000,3318.357
0.937000,3318.357
0.938000,3318.357
0.939000,3319.263
0.940000,3319.263
0.941000,3319.263
0.942000,3319.263
0.943000,3319.263
0.944000,3316.307
0.945000,3316.307
0.946000,3316.307
0.947000,3316.307
0.948000,3316.307
0.949000,3322.124
0.950000,3322.124
0.951000,3322.124
0.952000,3322.124
0.953000,3322.124
0.954000,3321.314
0.955000,3321.314
0.956000,3321.314
0.957000,3321.314
0.958000,3321.314
0.959000,3325.129
0.960000,3325.129
0.961000,3325.129
0.962000,3325.129
0.963000,3406.286
0.964000,3406.286
0.965000,3406.286
0.966000,3406.286
0.967000,3406.286
0.968000,3415.632
0.969000,3415.632
0.970000,3415.632
0.971000,3415.632
0.972000,3415.632
0.973000,3416.967
0.974000,3416.967
0.975000,3416.967
0.976000,3416.967
0.977000,3416.967
0.978000,3414.774
0.979000,3414.774
0.980000,3414.774
0.981000,3414.774
0.982000,3414.774
0.983000,3435.326
0.984000,3435.326
0.985000,3435.326
0.986000,3435.326
0.987000,3435.326
0.988000,3458.738
0.989000,3458.738
0.990000,3458.738
0.991000,3458.738
0.992000,0.000
0.993000,3485.823
0.994000,3485.823
0.995000,3485.823
0.996000,3485.823
0.997000,3485.823
0.998000,3588.390
0.999000,3588.390
1.000000,3588.390
1.001000,3588.390
1.002000,3588.390
1.003000,3579.044
1.004000,3579.044
1.005000,3579.044
1.006000,3579.044
1.007000,3579.044
1.008000,3579.664
1.009000,3579.664
1.010000,3579.664
1.011000,3579.664
1.012000,3579.664
1.013000,3576.851
1.014000,3576.851
1.015000,3576.851
1.016000,3576.851
1.017000,3576.851
1.018000,3577.280
1.019000,3577.280
1.020000,3577.280
1.021000,3577.280
1.022000,3577.280
1.023000,3579.283
1.024000,3579.283
1.025000,3579.283
1.026000,3579.283
1.027000,3412.962
1.028000,3412.962
1.029000,3412.962
1.030000,3412.962
1.031000,3412.962
1.032000,3399.658
1.033000,3399.658
1.034000,3399.658
1.035000,3399.658
1.036000,3399.658
1.037000,3384.972
1.038000,3384.972
1.039000,3384.972
1.040000,3384.972
1.041000,3384.972
1.042000,3373.766
1.043000,3373.766
1.044000,3373.766
1.045000,3373.766
1.046000,3373.766
1.047000,3372.955
1.048000,3372.955
1.049000,3372.955
1.050000,3372.955
1.051000,3372.955
1.052000,3370.667
1.053000,3370.667
1.054000,3370.667
1.055000,3370.667
1.056000,0.000
1.057000,3321.695
1.058000,3321.695
1.059000,3321.695
1.060000,3321.695
1.061000,3321.695
1.062000,3327.560
1.063000,3327.560
1.064000,3327.560
1.065000,3327.560
1.066000,3327.560
1.067000,3327.036
1.068000,3327.036
1.069000,3327.036
1.070000,3327.036
1.071000,3327.036
1.072000,3325.129
1.073000,3325.129
1.074000,3325.129
1.075000,3325.129
1.076000,3325.129
1.077000,3324.318
1.078000,3324.318
1.079000,3324.318
1.080000,3324.318
1.081000,3324.318
1.082000,3322.268
1.083000,3322.268
1.084000,3322.268
1.085000,3322.268
1.086000,3322.268
1.087000,3320.646
1.088000,3320.646
1.089000,3320.646
1.090000,3320.646
1.091000,3320.503
1.092000,3320.503
1.093000,3320.503
1.094000,3320.503
1.095000,3320.503
1.096000,3319.883
1.097000,3319.883
1.098000,3319.883
1.099000,3319.883
1.100000,3319.883
1.101000,3321.075
1.102000,3321.075
1.103000,3321.075
1.104000,3321.075
1.105000,3321.075
1.106000,3321.648
1.107000,3321.648
1.108000,3321.648
1.109000,3321.648
1.110000,3321.648
1.111000,3322.220
1.112000,3322.220
1.113000,3322.220
1.114000,3322.220
1.115000,3322.220
1.116000,3324.652
1.117000,3324.652
1.118000,3324.652
1.119000,3324.652
1.120000,0.000
1.121000,3326.178
1.122000,3326.178
1.123000,3326.178
1.124000,3326.178
1.125000,0.000
1.126000,3320.599
1.127000,3320.599
1.128000,3320.599
1.129000,3320.599
1.130000,3320.599
1.131000,3321.552
1.132000,3321.552
1.133000,3321.552
1.134000,3321.552
1.135000,3321.552
1.136000,3322.172
1.137000,3322.172
1.138000,3322.172
1.139000,3322.172
1.140000,3322.172
1.141000,3320.360
1.142000,3320.360
1.143000,3320.360
1.144000,3320.360
1.145000,3320.360
1.146000,3322.411
1.147000,3322.411
1.148000,3322.411
1.149000,3322.411
1.150000,3322.411
1.151000,3304.100
1.152000,3304.100
1.153000,3304.100
1.154000,3304.100
1.155000,3774.738
1.156000,3774.738
1.157000,3774.738
1.158000,3774.738
1.159000,3774.738
1.160000,3832.197
1.161000,3832.197
1.162000,3832.197
1.163000,3832.197
1.164000,3832.197
1.165000,3902.674
1.166000,3902.674
1.167000,3902.674
1.168000,3902.674
1.169000,3902.674
1.170000,3976.822
1.171000,3976.822
1.172000,3976.822
1.173000,3976.822
1.174000,3976.822
1.175000,4061.747
1.176000,4061.747
1.177000,4061.747
1.178000,4061.747
1.179000,4061.747
1.180000,4410.887
1.181000,4410.887
1.182000,4410.887
1.183000,4410.887
1.184000,0.000
1.185000,4550.457
1.186000,4550.457
1.187000,4550.457
1.188000,4550.457
1.189000,4550.457
1.190000,3534.746
1.191000,3534.746
1.192000,3534.746
1.193000,3534.746
1.194000,3534.746
1.195000,3471.899
1.196000,3471.899
1.197000,3471.899
1.198000,3471.899
1.199000,3471.899
1.200000,3412.151
1.201000,3412.151
1.202000,3412.151
1.203000,3412.151
1.204000,3412.151
1.205000,3333.616
1.206000,3333.616
1.207000,3333.616
1.208000,3333.616
1.209000,3333.616
1.210000,3254.128
1.211000,3254.128
1.212000,3254.128
1.213000,3254.128
1.214000,3254.128
1.215000,3194.380
1.216000,3194.380
1.217000,3194.380
1.218000,3194.380
1.219000,3323.412
1.220000,3323.412
1.221000,3323.412
1.222000,3323.412
1.223000,3323.412
1.224000,3323.460
1.225000,3323.460
1.226000,3323.460
1.227000,3323.460
1.228000,3323.460
1.229000,3324.318
1.230000,3324.318
1.231000,3324.318
1.232000,3324.318
1.233000,3324.318
1.234000,3321.886
1.235000,3321.886
1.236000,3321.886
1.237000,3321.886
1.238000,3321.886
1.239000,3317.976
1.240000,3317.976
1.241000,3317.976
1.242000,3317.976
1.243000,3317.976
1.244000,3319.597
1.245000,3319.597
1.246000,3319.597
1.247000,3319.597
1.248000,0.000
1.249000,3319.645
1.250000,3319.645
1.251000,3319.645
1.252000,3319.645
1.253000,3319.645
1.254000,3325.844
1.255000,3325.844
1.256000,3325.844
1.257000,3325.844
1.258000,3325.844
1.259000,3323.460
1.260000,3323.460
1.261000,3323.460
1.262000,3323.460
1.263000,3323.460
1.264000,3323.746
1.265000,3323.746
1.266000,3323.746
1.267000,3323.746
1.268000,3323.746
1.269000,3323.078
1.270000,3323.078
1.271000,3323.078
1.272000,3323.078
1.273000,3323.078
1.274000,3321.409
1.275000,3321.409
1.276000,3321.409
1.277000,3321.409
1.278000,3321.409
1.279000,3321.695
1.280000,3321.695
1.281000,3321.695
1.282000,3321.695
1.283000,3320.742
1.284000,3320.742
1.285000,3320.742
1.286000,3320.742
1.287000,3320.742
1.288000,3320.837
1.289000,3320.837
1.290000,3320.837
1.291000,3320.837
1.292000,3320.837
1.293000,3321.075
1.294000,3321.075
1.295000,3321.075
1.296000,3321.075
1.297000,3321.075
1.298000,3322.744
1.299000,3322.744
1.300000,3322.744
1.301000,3322.744
1.302000,3322.744
1.303000,3322.315
1.304000,3322.315
1.305000,3322.315
1.306000,3322.315
1.307000,3322.315
1.308000,3321.266
1.309000,3321.266
1.310000,3321.266
1.311000,3321.266
1.312000,0.000
1.313000,3320.694
1.314000,3320.694
1.315000,3320.694
1.316000,3320.694
1.317000,3320.694
1.318000,3320.026
1.319000,3320.026
1.320000,3320.026
1.321000,3320.026
1.322000,3320.026
1.323000,3321.934
1.324000,3321.934
1.325000,3321.934
1.326000,3321.934
1.327000,3321.934
1.328000,3320.599
1.329000,3320.599
1.330000,3320.599
1.331000,3320.599
1.332000,3320.599
1.333000,3322.554
1.334000,3322.554
1.335000,3322.554
1.336000,3322.554
1.337000,3322.554
1.338000,3326.368
1.339000,3326.368
1.340000,3326.368
1.341000,3326.368
1.342000,3326.368
1.343000,3325.844
1.344000,3325.844
1.345000,3325.844
1.346000,3325.844
1.347000,3321.123
1.348000,3321.123
1.349000,3321.123
1.350000,3321.123
1.351000,3321.123
1.352000,3315.401
1.353000,3315.401
1.354000,3315.401
1.355000,3315.401
1.356000,3315.401
1.357000,3322.029
1.358000,3322.029
1.359000,3322.029
1.360000,3322.029
1.361000,3322.029
1.362000,3322.744
1.363000,3322.744
1.364000,3322.744
1.365000,3322.744
1.366000,3322.744
1.367000,3322.554
1.368000,3322.554
1.369000,3322.554
1.370000,3322.554
1.371000,3322.554
1.372000,3326.082
1.373000,3326.082
1.374000,3326.082
1.375000,3326.082
1.376000,0.000
1.377000,3325.129
1.378000,3325.129
1.379000,3325.129
1.380000,3325.129
1.381000,3325.129
1.382000,3395.891
1.383000,3395.891
1.384000,3395.891
1.385000,3395.891
1.386000,3395.891
1.387000,3391.933
1.388000,3391.933
1.389000,3391.933
1.390000,3391.933
1.391000,3391.933
1.392000,3402.138
1.393000,3402.138
1.394000,3402.138
1.395000,3402.138
1.396000,3402.138
1.397000,3415.585
1.398000,3415.585
1.399000,3415.585
1.400000,3415.585
1.401000,3415.585
1.402000,3415.298
1.403000,3415.298
1.404000,3415.298
1.405000,3415.298
1.406000,3415.298
1.407000,3417.873
1.408000,3417.873
1.409000,3417.873
1.410000,3417.873
1.411000,3621.531
1.412000,3621.531
1.413000,3621.531
1.414000,3621.531
1.415000,3621.531
1.416000,3650.808
1.417000,3650.808
1.418000,3650.808
1.419000,3650.808
1.420000,3650.808
1.421000,3649.092
1.422000,3649.092
1.423000,3649.092
1.424000,3649.092
1.425000,3649.092
1.426000,3645.849
1.427000,3645.849
1.428000,3645.849
1.429000,3645.849
1.430000,3645.849
1.431000,3669.167
1.432000,3669.167
1.433000,3669.167
1.434000,3669.167
1.435000,3669.167
1.436000,3693.962
1.437000,3693.962
1.438000,3693.962
1.439000,3693.962
1.440000,0.000
1.441000,3696.775
1.442000,3696.775
1.443000,3696.775
1.444000,3696.775
1.445000,3696.775
1.446000,3797.817
1.447000,3797.817
1.448000,3797.817
1.449000,3797.817
1.450000,3797.817
1.451000,3796.482
1.452000,3796.482
1.453000,3796.482
1.454000,3796.482
1.455000,3796.482
1.456000,3794.718
1.457000,3794.718
1.458000,3794.718
1.459000,3794.718
1.460000,3794.718
1.461000,3793.907
1.462000,3793.907
1.463000,3793.907
1.464000,3793.907
1.465000,3793.907
1.466000,3790.998
1.467000,3790.998
1.468000,3790.998
1.469000,3790.998
1.470000,3790.998
1.471000,3790.236
1.472000,3790.236
1.473000,3790.236
1.474000,3790.236
1.475000,3752.375
1.476000,3752.375
1.477000,3752.375
1.478000,3752.375
1.479000,3752.375
1.480000,3752.565
1.481000,3752.565
1.482000,3752.565
1.483000,3752.565
1.484000,3752.565
1.485000,3749.084
1.486000,3749.084
1.487000,3749.084
1.488000,3749.084
1.489000,3749.084
1.490000,3748.798
1.491000,3748.798
1.492000,3748.798
1.493000,3748.798
1.494000,3748.798
1.495000,3747.272
1.496000,3747.272
1.497000,3747.272
1.498000,3747.272
1.499000,3747.272
1.500000,3732.395
1.501000,3732.395
1.502000,3732.395
1.503000,3732.395
1.504000,0.000
1.505000,3719.807
1.506000,3719.807
1.507000,3719.807
1.508000,3719.807
1.509000,3719.807
1.510000,0.000
1.511000,0.000
1.512000,0.000
1.513000,0.000
1.514000,0.000
1.515000,3536.844
1.516000,3536.844
1.517000,3536.844
1.518000,3536.844
1.519000,3536.844
1.520000,3535.557
1.521000,3535.557
1.522000,3535.557
1.523000,3535.557
1.524000,3535.557
1.525000,3533.268
1.526000,3533.268
1.527000,3533.268
1.528000,3533.268
1.529000,3533.268
1.530000,3525.925
1.531000,3525.925
1.532000,3525.925
1.533000,3525.925
1.534000,3525.925
1.535000,3515.673
1.536000,3515.673
1.537000,3515.673
1.538000,3515.673
1.539000,3319.073
1.540000,3319.073
1.541000,3319.073
1.542000,3319.073
1.543000,3319.073
1.544000,3320.074
1.545000,3320.074
1.546000,3320.074
1.547000,3320.074
1.548000,3320.074
1.549000,3321.218
1.550000,3321.218
1.551000,3321.218
1.552000,3321.218
1.553000,3321.218
1.554000,3322.268
1.555000,3322.268
1.556000,3322.268
1.557000,3322.268
1.558000,3322.268
1.559000,3322.268
1.560000,3322.268
1.561000,3322.268
1.562000,3322.268
1.563000,3322.268
1.564000,3325.129
1.565000,3325.129
1.566000,3325.129
1.567000,3325.129
1.568000,0.000
1.569000,3324.604
1.570000,3324.604
1.571000,3324.604
1.572000,3324.604
1.573000,3324.604
1.574000,3320.408
1.575000,3320.408
1.576000,3320.408
1.577000,3320.408
1.578000,3320.408
1.579000,3317.070
1.580000,3317.070
1.581000,3317.070
1.582000,3317.070
1.583000,3317.070
1.584000,3314.161
1.585000,3314.161
1.586000,3314.161
1.587000,3314.161
1.588000,3314.161
1.589000,3317.738
1.590000,3317.738
1.591000,3317.738
1.592000,3317.738
1.593000,3317.738
1.594000,3318.644
1.595000,3318.644
1.596000,3318.644
1.597000,3318.644
1.598000,3318.644
1.599000,3320.980
1.600000,3320.980
1.601000,3320.980
1.602000,3331.327
1.603000,3320.408
1.604000,3320.408
1.605000,3320.408
1.606000,3320.408
1.607000,3320.408
1.608000,3319.931
1.609000,3319.931
1.610000,3319.931
1.611000,3319.931
1.612000,3319.931
1.613000,3318.596
1.614000,3318.596
1.615000,3318.596
1.616000,3318.596
1.617000,3318.596
1.618000,3314.352
1.619000,3314.352
1.620000,3314.352
1.621000,3314.352
1.622000,3314.352
1.623000,3314.686
1.624000,3314.686
1.625000,3314.686
1.626000,3314.686
1.627000,3314.686
1.628000,3317.308
1.629000,3317.308
1.630000,3317.308
1.631000,3317.308
1.632000,0.000
1.633000,3320.646
1.634000,3320.646
1.635000,3320.646
1.636000,3320.646
1.637000,3320.646
1.638000,3325.415
1.639000,3325.415
1.640000,3325.415
1.641000,3325.415
1.642000,3325.415
1.643000,3324.270
1.644000,3324.270
1.645000,3324.270
1.646000,3324.270
1.647000,3324.270
1.648000,3323.603
1.649000,3323.603
1.650000,3323.603
1.651000,3323.603
1.652000,3323.603
1.653000,3323.317
1.654000,3323.317
1.655000,3323.317
1.656000,3323.317
1.657000,3323.317
1.658000,3320.169
1.659000,3320.169
1.660000,3320.169
1.661000,3320.169
1.662000,3320.169
1.663000,3318.119
1.664000,3318.119
1.665000,3318.119
1.666000,3318.119
1.667000,3327.322
1.668000,3327.322
1.669000,3327.322
1.670000,3327.322
1.671000,3327.322
1.672000,3329.134
1.673000,3329.134
1.674000,3329.134
1.675000,3329.134
1.676000,3329.134
1.677000,3325.796
1.678000,3325.796
1.679000,3325.796
1.680000,3325.796
1.681000,3325.796
1.682000,3324.175
1.683000,3324.175
1.684000,3324.175
1.685000,3324.175
1.686000,3324.175
1.687000,3323.555
1.688000,3323.555
1.689000,3323.555
1.690000,3323.555
1.691000,3323.555
1.692000,3322.792
1.693000,3322.792
1.694000,3322.792
1.695000,3322.792
1.696000,0.000
1.697000,3320.026
1.698000,3320.026
1.699000,3320.026
1.700000,3320.026
1.701000,3320.026
1.702000,3319.454
1.703000,3319.454
1.704000,3319.454
1.705000,3319.454
1.706000,3319.454
1.707000,3321.075
1.708000,3321.075
1.709000,3321.075
1.710000,3321.075
1.711000,3321.075
1.712000,3323.269
1.713000,3323.269
1.714000,3323.269
1.715000,3323.269
1.716000,3323.269
1.717000,3322.887
1.718000,3322.887
1.719000,3322.887
1.720000,3322.887
1.721000,3322.887
1.722000,3321.695
1.723000,3321.695
1.724000,3321.695
1.725000,3321.695
1.726000,3321.695
1.727000,3321.600
1.728000,3321.600
1.729000,3321.600
1.730000,3321.600
1.731000,3316.784
1.732000,3316.784
1.733000,3316.784
1.734000,3316.784
1.735000,3316.784
1.736000,3318.501
1.737000,3318.501
1.738000,3318.501
1.739000,3318.501
1.740000,3318.501
1.741000,3319.597
1.742000,3319.597
1.743000,3319.597
1.744000,3319.597
1.745000,3319.597
1.746000,3320.026
1.747000,3320.026
1.748000,3320.026
1.749000,3320.026
1.750000,3320.026
1.751000,3322.411
1.752000,3322.411
1.753000,3322.411
1.754000,3322.411
1.755000,3322.411
1.756000,3322.077
1.757000,3322.077
1.758000,3322.077
1.759000,3322.077
1.760000,0.000
1.761000,3328.562
1.762000,3328.562
1.763000,3328.562
1.764000,3328.562
1.765000,3328.562
1.766000,3319.073
1.767000,3319.073
1.768000,3319.073
1.769000,3319.073
1.770000,3319.073
1.771000,3319.597
1.772000,3319.597
1.773000,3319.597
1.774000,3319.597
1.775000,3319.597
1.776000,3319.120
1.777000,3319.120
1.778000,3319.120
1.779000,3319.120
1.780000,3319.120
1.781000,3312.492
1.782000,3312.492
1.783000,3312.492
1.784000,3312.492
1.785000,3312.492
1.786000,3321.648
1.787000,3321.648
1.788000,3321.648
1.789000,3321.648
1.790000,3321.648
1.791000,3322.887
1.792000,3322.887
1.793000,3322.887
1.794000,3322.887
1.795000,3322.077
1.796000,3322.077
1.797000,3322.077
1.798000,3322.077
1.799000,3322.077
1.800000,3320.599
1.801000,3320.599
1.802000,3320.599
1.803000,3320.599
1.804000,3320.599
1.805000,3320.456
1.806000,3320.456
1.807000,3320.456
1.808000,3320.456
1.809000,3320.456
1.810000,3319.693
1.811000,3319.693
1.812000,3319.693
1.813000,3319.693
1.814000,3319.693
1.815000,3314.209
1.816000,3314.209
1.817000,3314.209
1.818000,3314.209
1.819000,3314.209
1.820000,3314.400
1.821000,3314.400
1.822000,3314.400
1.823000,3314.400
1.824000,0.000
1.825000,3317.976
1.826000,3317.976
1.827000,3317.976
1.828000,3317.976
1.829000,3317.976
1.830000,3327.322
1.831000,3327.322
1.832000,3327.322
1.833000,3327.322
1.834000,3327.322
1.835000,3327.179
1.836000,3327.179
1.837000,3327.179
1.838000,3327.179
1.839000,3327.179
1.840000,3323.841
1.841000,3323.841
1.842000,3323.841
1.843000,3323.841
1.844000,3323.841
1.845000,3322.124
1.846000,3322.124
1.847000,3322.124
1.848000,3322.124
1.849000,3322.124
1.850000,3317.881
1.851000,3317.881
1.852000,3317.881
1.853000,3317.881
1.854000,3317.881
1.855000,3315.449
1.856000,3315.449
1.857000,3315.449
1.858000,3315.449
1.859000,3321.075
1.860000,3321.075
1.861000,3321.075
1.862000,3321.075
1.863000,3321.075
1.864000,3322.411
1.865000,3322.411
1.866000,3322.411
1.867000,3322.411
1.868000,3322.411
1.869000,3325.701
1.870000,3325.701
1.871000,3325.701
1.872000,3325.701
1.873000,3325.701
1.874000,3328.943
1.875000,3328.943
1.876000,3328.943
1.877000,3328.943
1.878000,3328.943
1.879000,3326.750
1.880000,3326.750
1.881000,3326.750
1.882000,3326.750
1.883000,3326.750
1.884000,3324.556
1.885000,3324.556
1.886000,3324.556
1.887000,3324.556
1.888000,0.000
1.889000,3324.032
1.890000,3324.032
1.891000,3324.032
1.892000,3324.032
1.893000,3324.032
1.894000,3316.545
1.895000,3316.545
1.896000,3316.545
1.897000,3316.545
1.898000,3316.545
1.899000,3318.262
1.900000,3318.262
1.901000,3318.262
1.902000,3318.262
1.903000,3318.262
1.904000,3318.787
1.905000,3318.787
1.906000,3318.787
1.907000,3318.787
1.908000,3318.787
1.909000,3326.702
1.910000,3326.702
1.911000,3326.702
1.912000,3326.702
1.913000,3326.702
1.914000,3326.797
1.915000,3326.797
1.916000,3326.797
1.917000,3326.797
1.918000,3326.797
1.919000,3323.841
1.920000,3323.841
1.921000,3323.841
1.922000,3323.841
1.923000,3317.642
1.924000,3317.642
1.925000,3317.642
1.926000,3317.642
1.927000,3317.642
1.928000,3312.731
1.929000,3312.731
1.930000,3312.731
1.931000,3312.731
1.932000,3312.731
1.933000,3314.352
1.934000,3314.352
1.935000,3314.352
1.936000,3314.352
1.937000,3314.352
1.938000,3319.168
1.939000,3319.168
1.940000,3319.168
1.941000,3319.168
1.942000,3319.168
1.943000,3321.266
1.944000,3321.266
1.945000,3321.266
1.946000,3321.266
1.947000,3321.266
1.948000,3320.742
1.949000,3320.742
1.950000,3320.742
1.951000,3320.742
1.952000,0.000
1.953000,3323.650
1.954000,3323.650
1.955000,3323.650
1.956000,3323.650
1.957000,3323.650
1.958000,3321.791
1.959000,3321.791
1.960000,3321.791
1.961000,3321.791
1.962000,3321.791
1.963000,3320.599
1.964000,3320.599
1.965000,3320.599
1.966000,3320.599
1.967000,3320.599
1.968000,3314.877
1.969000,3314.877
1.970000,3314.877
1.971000,3314.877
1.972000,3314.877
1.973000,3317.356
1.974000,3317.356
1.975000,3317.356
1.976000,3317.356
1.977000,3317.356
1.978000,3320.742
1.979000,3320.742
1.980000,3320.742
1.981000,3320.742
1.982000,3320.742
1.983000,3320.122
1.984000,3320.122
1.985000,3320.122
1.986000,3320.122
1.987000,3325.272
1.988000,3325.272
1.989000,3325.272
1.990000,3325.272
1.991000,3325.272
1.992000,3322.744
1.993000,3322.744
1.994000,3322.744
1.995000,3322.744
1.996000,3322.744
1.997000,3322.983
1.998000,3322.983
1.999000,3322.983
2.000000,3322.983
2.001000,3322.983
2.002000,3323.126
2.003000,3323.126
2.004000,3323.126
2.005000,3323.126
2.006000,3323.126
2.007000,3320.265
2.008000,3320.265
2.009000,3320.265
2.010000,3320.265
2.011000,3320.265
2.012000,3320.265
2.013000,3320.265
2.014000,3320.265
2.015000,3320.265
2.016000,0.000
2.017000,3316.069
2.018000,3316.069
2.019000,3316.069
2.020000,3316.069
2.021000,3316.069
2.022000,3322.315
2.023000,3322.315
2.024000,3322.315
2.025000,3322.315
2.026000,3322.315
2.027000,3321.695
2.028000,3321.695
2.029000,3321.695
2.030000,3321.695
2.031000,3321.695
2.032000,3323.364
2.033000,3323.364
2.034000,3323.364
2.035000,3323.364
2.036000,3323.364
2.037000,3320.789
2.038000,3320.789
2.039000,3320.789
2.040000,3320.789
2.041000,3320.789
2.042000,3319.550
2.043000,3319.550
2.044000,3319.550
2.045000,3319.550
2.046000,3319.550
2.047000,3319.454
2.048000,3319.454
2.049000,3319.454
2.050000,3319.454
2.051000,3319.883
2.052000,3319.883
2.053000,3319.883
2.054000,3319.883
2.055000,3319.883
2.056000,3320.503
2.057000,3320.503
2.058000,3320.503
2.059000,3320.503
2.060000,3320.503
2.061000,3322.792
2.062000,3322.792
2.063000,3322.792
2.064000,3322.792
2.065000,3322.792
2.066000,3323.174
2.067000,3323.174
2.068000,3323.174
2.069000,3323.174
2.070000,3323.174
2.071000,3323.936
2.072000,3323.936
2.073000,3323.936
2.074000,3323.936
2.075000,3323.936
2.076000,3326.464
2.077000,3326.464
2.078000,3326.464
2.079000,3326.464
2.080000,0.000
2.081000,3323.746
2.082000,3323.746
2.083000,3323.746
2.084000,3323.746
2.085000,3323.746
2.086000,3319.883
2.087000,3319.883
2.088000,3319.883
2.089000,3319.883
2.090000,3319.883
2.091000,3314.781
2.092000,3314.781
2.093000,3314.781
2.094000,3314.781
2.095000,3314.781
2.096000,3323.126
2.097000,3323.126
2.098000,3323.126
2.099000,3323.126
2.100000,3323.126
2.101000,3322.935
2.102000,3322.935
2.103000,3322.935
2.104000,3322.935
2.105000,3322.935
2.106000,3322.315
2.107000,3322.315
2.108000,3322.315
2.109000,3322.315
2.110000,3322.315
2.111000,3328.228
2.112000,3328.228
2.113000,3328.228
2.114000,3328.228
2.115000,3319.931
2.116000,3319.931
2.117000,3319.931
2.118000,3319.931
2.119000,3319.931
2.120000,3319.311
2.121000,3319.311
2.122000,3319.311
2.123000,3319.311
2.124000,3319.311
2.125000,3320.503
2.126000,3320.503
2.127000,3320.503
2.128000,3320.503
2.129000,3320.503
2.130000,3314.543
2.131000,3314.543
2.132000,3314.543
2.133000,3314.543
2.134000,3314.543
2.135000,3314.543
2.136000,3314.543
2.137000,3314.543
2.138000,3314.543
2.139000,3314.543
2.140000,3318.024
2.141000,3318.024
2.142000,3318.024
2.143000,3318.024
2.144000,0.000
2.145000,3319.454
2.146000,3319.454
2.147000,3319.454
2.148000,3319.454
2.149000,3319.454
2.150000,3324.556
2.151000,3324.556
2.152000,3324.556
2.153000,3324.556
2.154000,3324.556
2.155000,3320.074
2.156000,3320.074
2.157000,3320.074
2.158000,3320.074
2.159000,3320.074
2.160000,3316.927
2.161000,3316.927
2.162000,3316.927
2.163000,3316.927
2.164000,3316.927
2.165000,3316.021
2.166000,3316.021
2.167000,3316.021
2.168000,3316.021
2.169000,3316.021
2.170000,3317.070
2.171000,3317.070
2.172000,3317.070
2.173000,3317.070
2.174000,3317.070
2.175000,3319.645
2.176000,3319.645
2.177000,3319.645
2.178000,3319.645
2.179000,3326.035
2.180000,3326.035
2.181000,3326.035
2.182000,3326.035
2.183000,3326.035
2.184000,3329.039
2.185000,3329.039
2.186000,3329.039
2.187000,3329.039
2.188000,3329.039
2.189000,3326.368
2.190000,3326.368
2.191000,3326.368
2.192000,3326.368
2.193000,3326.368
2.194000,3324.652
2.195000,3324.652
2.196000,3324.652
2.197000,3324.652
2.198000,3324.652
2.199000,3322.887
2.200000,3322.887
2.201000,3322.887
2.202000,3322.887
2.203000,3322.887
2.204000,3322.077
2.205000,3322.077
2.206000,3322.077
2.207000,3322.077
2.208000,0.000
2.209000,3319.883
2.210000,3319.883
2.211000,3319.883
2.212000,3319.883
2.213000,3319.883
2.214000,3327.751
2.215000,3327.751
2.216000,3327.751
2.217000,3327.751
2.218000,3327.751
2.219000,3325.272
2.220000,3325.272
2.221000,3325.272
2.222000,3325.272
2.223000,3325.272
2.224000,3323.221
2.225000,3323.221
2.226000,3323.221
2.227000,3323.221
2.228000,3323.221
2.229000,3323.269
2.230000,3323.269
2.231000,3323.269
2.232000,3323.269
2.233000,3323.269
2.234000,3323.746
2.235000,3323.746
2.236000,3323.746
2.237000,3323.746
2.238000,3323.746
2.239000,3321.600
2.240000,3321.600
2.241000,3321.600
2.242000,3321.600
2.243000,3318.596
2.244000,3318.596
2.245000,3318.596
2.246000,3318.596
2.247000,3318.596
2.248000,3317.356
2.249000,3317.356
2.250000,3317.356
2.251000,3317.356
2.252000,3317.356
2.253000,3320.313
2.254000,3320.313
2.255000,3320.313
2.256000,3320.313
2.257000,3320.313
2.258000,3322.887
2.259000,3322.887
2.260000,3322.887
2.261000,3322.887
2.262000,3322.887
2.263000,3322.887
2.264000,3322.887
2.265000,3322.887
2.266000,3322.887
2.267000,3322.887
2.268000,3327.656
2.269000,3327.656
2.270000,3327.656
2.271000,3327.656
2.272000,0.000
2.273000,3325.319
2.274000,3325.319
2.275000,3325.319
2.276000,3325.319
2.277000,0.000
2.278000,3320.026
2.279000,3320.026
2.280000,3320.026
2.281000,3320.026
2.282000,3320.026
2.283000,3321.791
2.284000,3321.791
2.285000,3321.791
2.286000,3321.791
2.287000,3321.791
2.288000,3321.123
2.289000,3321.123
2.290000,3321.123
2.291000,3321.123
2.292000,3321.123
2.293000,3322.840
2.294000,3322.840
2.295000,3322.840
2.296000,3322.840
2.297000,3322.840
2.298000,3325.510
2.299000,3325.510
2.300000,3325.510
2.301000,3325.510
2.302000,3325.510
2.303000,3327.751
2.304000,3327.751
2.305000,3327.751
2.306000,3327.751
2.307000,0.000
2.308000,0.000
2.309000,0.000
2.310000,0.000
2.311000,0.000
2.312000,3316.689
2.313000,3316.689
2.314000,3316.689
2.315000,3316.689
2.316000,3316.689
2.317000,3315.353
2.318000,3315.353
2.319000,3315.353
2.320000,3315.353
2.321000,3315.353
2.322000,3317.070
2.323000,3317.070
2.324000,3317.070
2.325000,3317.070
2.326000,3317.070
2.327000,3319.502
2.328000,3319.502
2.329000,3319.502
2.330000,3319.502
2.331000,3319.502
2.332000,3320.169
2.333000,3320.169
2.334000,3320.169
2.335000,3320.169
2.336000,12.922
2.337000,3320.742
2.338000,3320.742
2.339000,3320.742
2.340000,3320.742
2.341000,3320.742
2.342000,3319.407
2.343000,3319.407
2.344000,3319.407
2.345000,3319.407
2.346000,3319.407
2.347000,3318.262
2.348000,3318.262
2.349000,3318.262
2.350000,3318.262
2.351000,3318.262
2.352000,3315.735
2.353000,3315.735
2.354000,3315.735
2.355000,3315.735
2.356000,3315.735
2.357000,3315.830
2.358000,3315.830
2.359000,3315.830
2.360000,3315.830
2.361000,3315.830
2.362000,3317.547
2.363000,3317.547
2.364000,3317.547
2.365000,3317.547
2.366000,3317.547
2.367000,3318.214
2.368000,3318.214
2.369000,3318.214
2.370000,3318.214
2.371000,3328.133
2.372000,3328.133
2.373000,3328.133
2.374000,3328.133
2.375000,3328.133
2.376000,3327.370
2.377000,3327.370
2.378000,3327.370
2.379000,3327.370
2.380000,3327.370
2.381000,3324.938
2.382000,3324.938
2.383000,3324.938
2.384000,3324.938
2.385000,3324.938
2.386000,3322.411
2.387000,3322.411
2.388000,3322.411
2.389000,3322.411
2.390000,3322.411
2.391000,3322.268
2.392000,3322.268
2.393000,3322.268
2.394000,3322.268
2.395000,3322.268
2.396000,3321.886
2.397000,3321.886
2.398000,3321.886
2.399000,3321.886
2.400000,12.970
2.401000,3320.122
2.402000,3320.122
2.403000,3320.122
2.404000,3320.122
2.405000,3320.122
2.406000,3327.084
2.407000,3327.084
2.408000,3327.084
2.409000,3327.084
2.410000,3327.084
2.411000,3327.179
2.412000,3327.179
2.413000,3327.179
2.414000,3327.179
2.415000,3327.179
2.416000,3325.605
2.417000,3325.605
2.418000,3325.605
2.419000,3325.605
2.420000,3325.605
2.421000,3324.318
2.422000,3324.318
2.423000,3324.318
2.424000,3324.318
2.425000,3324.318
2.426000,3324.461
2.427000,3324.461
2.428000,3324.461
2.429000,3324.461
2.430000,3324.461
2.431000,3322.554
2.432000,3322.554
2.433000,3322.554
2.434000,3322.554
2.435000,3316.736
2.436000,3316.736
2.437000,3316.736
2.438000,3316.736
2.439000,3316.736
2.440000,3319.168
2.441000,3319.168
2.442000,3319.168
2.443000,3319.168
2.444000,3319.168
2.445000,3318.453
2.446000,3318.453
2.447000,3318.453
2.448000,3318.453
2.449000,3318.453
2.450000,3318.453
2.451000,3318.453
2.452000,3318.453
2.453000,3318.453
2.454000,3318.453
2.455000,3322.649
2.456000,3322.649
2.457000,3322.649
2.458000,3322.649
2.459000,3322.649
2.460000,3323.126
2.461000,3323.126
2.462000,3323.126
2.463000,3323.126
2.464000,12.970
2.465000,3316.355
2.466000,3316.355
2.467000,3316.355
2.468000,3316.355
2.469000,3316.355
2.470000,3318.691
2.471000,3318.691
2.472000,3318.691
2.473000,3318.691
2.474000,3318.691
2.475000,3318.071
2.476000,3318.071
2.477000,3318.071
2.478000,3318.071
2.479000,3318.071
2.480000,3319.073
2.481000,3319.073
2.482000,3319.073
2.483000,3319.073
2.484000,3319.073
2.485000,3321.695
2.486000,3321.695
2.487000,3321.695
2.488000,3321.695
2.489000,3321.695
2.490000,3323.078
2.491000,3323.078
2.492000,3323.078
2.493000,3323.078
2.494000,3323.078
2.495000,3325.033
2.496000,3325.033
2.497000,3325.033
2.498000,3325.033
2.499000,3323.507
2.500000,3323.507
2.501000,3323.507
2.502000,3323.507
2.503000,3323.507
2.504000,3320.789
2.505000,3320.789
2.506000,3320.789
2.507000,3320.789
2.508000,3320.789
2.509000,3320.932
2.510000,3320.932
2.511000,3320.932
2.512000,3320.932
2.513000,3320.932
2.514000,3316.593
2.515000,3316.593
2.516000,3316.593
2.517000,3316.593
2.518000,3316.593
2.519000,3314.352
2.520000,3314.352
2.521000,3314.352
2.522000,3314.352
2.523000,3314.352
2.524000,3321.457
2.525000,3321.457
2.526000,3321.457
2.527000,3321.457
2.528000,0.000
2.529000,3322.124
2.530000,3322.124
2.531000,3322.124
2.532000,3322.124
2.533000,3322.124
2.534000,3322.315
2.535000,3322.315
2.536000,3322.315
2.537000,3322.315
2.538000,3322.315
2.539000,3320.599
2.540000,3320.599
2.541000,3320.599
2.542000,3320.599
2.543000,3320.599
2.544000,3319.311
2.545000,3319.311
2.546000,3319.311
2.547000,3319.311
2.548000,3319.311
2.549000,3319.931
2.550000,3319.931
2.551000,3319.931
2.552000,3319.931
2.553000,3319.931
2.554000,3314.447
2.555000,3314.447
2.556000,3314.447
2.557000,3314.447
2.558000,3314.447
2.559000,3314.590
2.560000,3314.590
2.561000,3314.590
2.562000,3314.590
2.563000,3321.886
2.564000,3321.886
2.565000,3321.886
2.566000,3321.886
2.567000,3321.886
2.568000,3322.744
2.569000,3322.744
2.570000,3322.744
2.571000,3322.744
2.572000,3322.744
2.573000,3327.370
2.574000,3327.370
2.575000,3327.370
2.576000,3327.370
2.577000,3327.370
2.578000,3326.368
2.579000,3326.368
2.580000,3326.368
2.581000,3326.368
2.582000,3326.368
2.583000,3323.507
2.584000,3323.507
2.585000,3323.507
2.586000,3323.507
2.587000,3323.507
2.588000,3320.265
2.589000,3320.265
2.590000,3320.265
2.591000,3320.265
2.592000,0.000
2.593000,3314.447
2.594000,3314.447
2.595000,3314.447
2.596000,3314.447
2.597000,3314.447
2.598000,3321.838
2.599000,3321.838
2.600000,3321.838
2.601000,3321.838
2.602000,3321.838
2.603000,3321.218
2.604000,3321.218
2.605000,3321.218
2.606000,3321.218
2.607000,3321.218
2.608000,3326.702
2.609000,3326.702
2.610000,3326.702
2.611000,3326.702
2.612000,3326.702
2.613000,3328.753
2.614000,3328.753
2.615000,3328.753
2.616000,3328.753
2.617000,3328.753
2.618000,3326.511
2.619000,3326.511
2.620000,3326.511
2.621000,3326.511
2.622000,3326.511
2.623000,3324.270
2.624000,3324.270
2.625000,3324.270
2.626000,3324.270
2.627000,3314.161
2.628000,3314.161
2.629000,3314.161
2.630000,3314.161
2.631000,3314.161
2.632000,3317.165
2.633000,3317.165
2.634000,3317.165
2.635000,3317.165
2.636000,3317.165
2.637000,3320.122
2.638000,3320.122
2.639000,3320.122
2.640000,3320.122
2.641000,3320.122
2.642000,3318.787
2.643000,3318.787
2.644000,3318.787
2.645000,3318.787
2.646000,3318.787
2.647000,3323.889
2.648000,3323.889
2.649000,3323.889
2.650000,3323.889
2.651000,3323.889
2.652000,3328.705
2.653000,3328.705
2.654000,3328.705
2.655000,3328.705
2.656000,0.000
2.657000,3325.891
2.658000,3325.891
2.659000,3325.891
2.660000,3325.891
2.661000,3325.891
2.662000,3314.400
2.663000,3314.400
2.664000,3314.400
2.665000,3314.400
2.666000,3314.400
2.667000,3315.639
2.668000,3315.639
2.669000,3315.639
2.670000,3315.639
2.671000,3315.639
2.672000,3318.453
2.673000,3318.453
2.674000,3318.453
2.675000,3318.453
2.676000,3318.453
2.677000,3317.785
2.678000,3317.785
2.679000,3317.785
2.680000,3317.785
2.681000,3317.785
2.682000,3319.979
2.683000,3319.979
2.684000,3319.979
2.685000,3319.979
2.686000,3319.979
2.687000,3324.461
2.688000,3324.461
2.689000,3324.461
2.690000,3324.461
2.691000,3321.695
2.692000,3321.695
2.693000,3321.695
2.694000,3321.695
2.695000,3321.695
2.696000,3321.123
2.697000,3321.123
2.698000,3321.123
2.699000,3321.123
2.700000,3321.123
2.701000,3321.743
2.702000,3321.743
2.703000,3321.743
2.704000,3321.743
2.705000,3321.743
2.706000,3320.694
2.707000,3320.694
2.708000,3320.694
2.709000,3320.694
2.710000,3320.694
2.711000,3317.022
2.712000,3317.022
2.713000,3317.022
2.714000,3317.022
2.715000,3317.022
2.716000,3318.691
2.717000,3318.691
2.718000,3318.691
2.719000,3318.691
2.720000,0.000
2.721000,3319.597
2.722000,3319.597
2.723000,3319.597
2.724000,3319.597
2.725000,3319.597
2.726000,3325.176
2.727000,3325.176
2.728000,3325.176
2.729000,3325.176
2.730000,3325.176
2.731000,3323.555
2.732000,3323.555
2.733000,3323.555
2.734000,3323.555
2.735000,3323.555
2.736000,3322.983
2.737000,3322.983
2.738000,3322.983
2.739000,3322.983
2.740000,3322.983
2.741000,3320.503
2.742000,3320.503
2.743000,3320.503
2.744000,3320.503
2.745000,3320.503
2.746000,3318.262
2.747000,3318.262
2.748000,3318.262
2.749000,3318.262
2.750000,3318.262
2.751000,3317.499
2.752000,3317.499
2.753000,3317.499
2.754000,3317.499
2.755000,3320.265
2.756000,3320.265
2.757000,3320.265
2.758000,3320.265
2.759000,3320.265
2.760000,3320.599
2.761000,3320.599
2.762000,3320.599
2.763000,3320.599
2.764000,3320.599
2.765000,3321.838
2.766000,3321.838
2.767000,3321.838
2.768000,3321.838
2.769000,3321.838
2.770000,3321.218
2.771000,3321.218
2.772000,3321.218
2.773000,3321.218
2.774000,3321.218
2.775000,3322.029
2.776000,3322.029
2.777000,3322.029
2.778000,3322.029
2.779000,3322.029
2.780000,3323.174
2.781000,3323.174
2.782000,3323.174
2.783000,3323.174
2.784000,0.000
2.785000,3320.360
2.786000,3320.360
2.787000,3320.360
2.788000,3320.360
2.789000,3320.360
2.790000,3318.930
2.791000,3318.930
2.792000,3318.930
2.793000,3318.930
2.794000,3318.930
2.795000,3319.263
2.796000,3319.263
2.797000,3319.263
2.798000,3319.263
2.799000,3319.263
2.800000,3321.791
2.801000,3321.791
2.802000,3321.791
2.803000,3321.791
2.804000,3321.791
2.805000,3322.315
2.806000,3322.315
2.807000,3322.315
2.808000,3322.315
2.809000,3322.315
2.810000,3325.129
2.811000,3325.129
2.812000,3325.129
2.813000,3325.129
2.814000,3325.129
2.815000,3328.037
2.816000,3328.037
2.817000,3328.037
2.818000,3328.037
2.819000,3321.314
2.820000,3321.314
2.821000,3321.314
2.822000,3321.314
2.823000,3321.314
2.824000,3316.784
2.825000,3316.784
2.826000,3316.784
2.827000,3316.784
2.828000,3316.784
2.829000,3315.210
2.830000,3315.210
2.831000,3315.210
2.832000,3315.210
2.833000,3315.210
2.834000,3322.554
2.835000,3322.554
2.836000,3322.554
2.837000,3322.554
2.838000,3322.554
2.839000,3322.983
2.840000,3322.983
2.841000,3322.983
2.842000,3322.983
2.843000,3322.983
2.844000,3322.935
2.845000,3322.935
2.846000,3322.935
2.847000,3322.935
2.848000,0.000
2.849000,3324.461
2.850000,3324.461
2.851000,3324.461
2.852000,3324.461
2.853000,3324.461
2.854000,3320.169
2.855000,3320.169
2.856000,3320.169
2.857000,3320.169
2.858000,3320.169
2.859000,3317.738
2.860000,3317.738
2.861000,3317.738
2.862000,3317.738
2.863000,3317.738
2.864000,3315.735
2.865000,3315.735
2.866000,3315.735
2.867000,3315.735
2.868000,3315.735
2.869000,3316.116
2.870000,3316.116
2.871000,3316.116
2.872000,3316.116
2.873000,3316.116
2.874000,3318.691
2.875000,3318.691
2.876000,3318.691
2.877000,3318.691
2.878000,3318.691
2.879000,3319.931
2.880000,3319.931
2.881000,3319.931
2.882000,3319.931
2.883000,3327.656
2.884000,3327.656
2.885000,3327.656
2.886000,3327.656
2.887000,3327.656
2.888000,3325.987
2.889000,3325.987
2.890000,3325.987
2.891000,3325.987
2.892000,3325.987
2.893000,3324.509
2.894000,3324.509
2.895000,3324.509
2.896000,3324.509
2.897000,3324.509
2.898000,3321.695
2.899000,3321.695
2.900000,3321.695
2.901000,3321.695
2.902000,3321.695
2.903000,3316.784
2.904000,3316.784
2.905000,3316.784
2.906000,3316.784
2.907000,3316.784
2.908000,3316.402
2.909000,3316.402
2.910000,3316.402
2.911000,3316.402
2.912000,0.000
2.913000,3319.883
2.914000,3319.883
2.915000,3319.883
2.916000,3319.883
2.917000,3319.883
2.918000,3325.748
2.919000,3325.748
2.920000,3325.748
2.921000,3325.748
2.922000,3325.748
2.923000,3326.178
2.924000,3326.178
2.925000,3326.178
2.926000,3326.178
2.927000,3326.178
2.928000,3326.082
2.929000,3326.082
2.930000,3326.082
2.931000,3326.082
2.932000,3326.082
2.933000,3324.747
2.934000,3324.747
2.935000,3324.747
2.936000,3324.747
2.937000,3324.747
2.938000,3323.555
2.939000,3323.555
2.940000,3323.555
2.941000,3323.555
2.942000,3323.555
2.943000,3322.029
2.944000,3322.029
2.945000,3322.029
2.946000,3322.029
2.947000,3319.311
2.948000,3319.311
2.949000,3319.311
2.950000,3319.311
2.951000,3319.311
2.952000,3319.311
2.953000,3319.311
2.954000,3319.311
2.955000,3319.311
2.956000,3319.311
2.957000,3324.795
2.958000,3324.795
2.959000,3324.795
2.960000,3324.795
2.961000,3324.795
2.962000,3327.751
2.963000,3327.751
2.964000,3327.751
2.965000,3327.751
2.966000,3327.751
2.967000,3324.652
2.968000,3324.652
2.969000,3324.652
2.970000,3324.652
2.971000,3324.652
2.972000,3322.363
2.973000,3322.363
2.974000,3322.363
2.975000,3322.363
2.976000,0.000
2.977000,3322.887
2.978000,3322.887
2.979000,3322.887
2.980000,3322.887
2.981000,3322.887
2.982000,3320.742
2.983000,3320.742
2.984000,3320.742
2.985000,3320.742
2.986000,3320.742
2.987000,3320.885
2.988000,3320.885
2.989000,3320.885
2.990000,3320.885
2.991000,3320.885
2.992000,3320.122
2.993000,3320.122
2.994000,3320.122
2.995000,3320.122
2.996000,3320.122
2.997000,3321.791
2.998000,3321.791
2.999000,3321.791
3.000000,3321.791
3.001000,3321.791
3.002000,3323.603
3.003000,3323.603
3.004000,3323.603
3.005000,3323.603
3.006000,3323.603
3.007000,3326.321
3.008000,3326.321
3.009000,3326.321
3.010000,3326.321
3.011000,3322.363
3.012000,3322.363
3.013000,3322.363
3.014000,3322.363
3.015000,3322.363
3.016000,3320.360
3.017000,3320.360
3.018000,3320.360
3.019000,3320.360
3.020000,3320.360
3.021000,3318.691
3.022000,3318.691
3.023000,3318.691
3.024000,3318.691
3.025000,3318.691
3.026000,3318.262
3.027000,3318.262
3.028000,3318.262
3.029000,3318.262
3.030000,3318.262
3.031000,3318.405
3.032000,3318.405
3.033000,3318.405
3.034000,3318.405
3.035000,3318.405
3.036000,3318.357
3.037000,3318.357
3.038000,3318.357
3.039000,3318.357
3.040000,0.000
3.041000,3320.456
3.042000,3320.456
3.043000,3320.456
3.044000,3320.456
3.045000,3320.456
3.046000,3322.268
3.047000,3322.268
3.048000,3322.268
3.049000,3322.268
3.050000,3322.268
3.051000,3320.646
3.052000,3320.646
3.053000,3320.646
3.054000,3320.646
3.055000,3320.646
3.056000,3320.217
3.057000,3320.217
3.058000,3320.217
3.059000,3320.217
3.060000,3320.217
3.061000,3320.217
3.062000,3320.217
3.063000,3320.217
3.064000,3320.217
3.065000,3320.217
3.066000,3315.163
3.067000,3315.163
3.068000,3315.163
3.069000,3315.163
3.070000,3315.163
3.071000,3316.450
3.072000,3316.450
3.073000,3316.450
3.074000,3316.450
3.075000,3490.734
3.076000,3490.734
3.077000,3490.734
3.078000,3490.734
3.079000,3490.734
3.080000,3491.306
3.081000,3491.306
3.082000,3491.306
3.083000,3491.306
3.084000,3491.306
3.085000,3511.715
3.086000,3511.715
3.087000,3511.715
3.088000,3511.715
3.089000,3511.715
3.090000,3511.190
3.091000,3511.190
3.092000,3511.190
3.093000,3511.190
3.094000,3511.190
3.095000,3509.521
3.096000,3509.521
3.097000,3509.521
3.098000,3509.521
3.099000,3509.521
3.100000,3524.494
3.101000,3524.494
3.102000,3524.494
3.103000,3524.494
3.104000,0.000
3.105000,3525.877
3.106000,3525.877
3.107000,3525.877
3.108000,3525.877
3.109000,3525.877
3.110000,3535.509
3.111000,3535.509
3.112000,3535.509
3.113000,3535.509
3.114000,3535.509
3.115000,3534.079
3.116000,3534.079
3.117000,3534.079
3.118000,3534.079
3.119000,3534.079
3.120000,3524.208
3.121000,3524.208
3.122000,3524.208
3.123000,3524.208
3.124000,3524.208
3.125000,3517.199
3.126000,3517.199
3.127000,3517.199
3.128000,3517.199
3.129000,3517.199
3.130000,3513.813
3.131000,3513.813
3.132000,3513.813
3.133000,3513.813
3.134000,3513.813
3.135000,3512.287
3.136000,3512.287
3.137000,3512.287
3.138000,3512.287
3.139000,3315.735
3.140000,3315.735
3.141000,3315.735
3.142000,3315.735
3.143000,3315.735
3.144000,3315.735
3.145000,3315.735
3.146000,3315.735
3.147000,3315.735
3.148000,3315.735
3.149000,3323.078
3.150000,3323.078
3.151000,3323.078
3.152000,3323.078
3.153000,3323.078
3.154000,3324.366
3.155000,3324.366
3.156000,3324.366
3.157000,3324.366
3.158000,3324.366
3.159000,3327.608
3.160000,3327.608
3.161000,3327.608
3.162000,3327.608
3.163000,3327.608
3.164000,3327.370
3.165000,3327.370
3.166000,3327.370
3.167000,3327.370
3.168000,0.000
3.169000,3324.652
3.170000,3324.652
3.171000,3324.652
3.172000,3324.652
3.173000,3324.652
3.174000,0.000
3.175000,0.000
3.176000,0.000
3.177000,0.000
3.178000,0.000
3.179000,3315.830
3.180000,3315.830
3.181000,3315.830
3.182000,3315.830
3.183000,3315.830
3.184000,3318.644
3.185000,3318.644
3.186000,3318.644
3.187000,3318.644
3.188000,3318.644
3.189000,3320.122
3.190000,3320.122
3.191000,3320.122
3.192000,3320.122
3.193000,3320.122
3.194000,3322.172
3.195000,3322.172
3.196000,3322.172
3.197000,3322.172
3.198000,3322.172
3.199000,3321.838
3.200000,3321.838
3.201000,3321.838
3.202000,3321.838
3.203000,3324.461
3.204000,3324.461
3.205000,3324.461
3.206000,3324.461
3.207000,3324.461
3.208000,3318.834
3.209000,3318.834
3.210000,3318.834
3.211000,3318.834
3.212000,3318.834
3.213000,3314.781
3.214000,3314.781
3.215000,3314.781
3.216000,3314.781
3.217000,3314.781
3.218000,3315.830
3.219000,3315.830
3.220000,3315.830
3.221000,3315.830
3.222000,3315.830
3.223000,3317.022
3.224000,3317.022
3.225000,3317.022
3.226000,3317.022
3.227000,3317.022
3.228000,3318.453
3.229000,3318.453
3.230000,3318.453
3.231000,3318.453
3.232000,0.000
3.233000,3318.787
3.234000,3318.787
3.235000,3318.787
3.236000,3318.787
3.237000,3318.787
3.238000,3279.161
3.239000,3279.161
3.240000,3279.161
3.241000,3279.161
3.242000,3279.161
3.243000,3264.523
3.244000,3264.523
3.245000,3264.523
3.246000,3264.523
3.247000,3264.523
3.248000,3253.794
3.249000,3253.794
3.250000,3253.794
3.251000,3253.794
3.252000,3253.794
3.253000,3238.916
3.254000,3238.916
3.255000,3238.916
3.256000,3238.916
3.257000,3238.916
3.258000,3227.615
3.259000,3227.615
3.260000,3227.615
3.261000,3227.615
3.262000,3227.615
3.263000,3228.331
3.264000,3228.331
3.265000,3228.331
3.266000,3228.331
3.267000,4496.288
3.268000,4496.288
3.269000,4496.288
3.270000,4496.288
3.271000,4496.288
3.272000,4552.889
3.273000,4552.889
3.274000,4552.889
3.275000,4552.889
3.276000,4552.889
3.277000,4619.646
3.278000,4619.646
3.279000,4619.646
3.280000,4619.646
3.281000,4619.646
3.282000,4671.431
3.283000,4671.431
3.284000,4671.431
3.285000,4671.431
3.286000,4671.431
3.287000,4762.745
3.288000,4762.745
3.289000,4762.745
3.290000,4762.745
3.291000,4762.745
3.292000,4814.386
3.293000,4814.386
3.294000,4814.386
3.295000,4814.386
3.296000,0.000
3.297000,4652.452
3.298000,4652.452
3.299000,4652.452
3.300000,4652.452
3.301000,4652.452
3.302000,3137.541
3.303000,3137.541
3.304000,3137.541
3.305000,3137.541
3.306000,3137.541
3.307000,3139.639
3.308000,3139.639
3.309000,3139.639
3.310000,3139.639
3.311000,3139.639
3.312000,3158.092
3.313000,3158.092
3.314000,3158.092
3.315000,3158.092
3.316000,3158.092
3.317000,3168.869
3.318000,3168.869
3.319000,3168.869
3.320000,3168.869
3.321000,3168.869
3.322000,3179.359
3.323000,3179.359
3.324000,3179.359
3.325000,3179.359
3.326000,3179.359
3.327000,3227.949
3.328000,3227.949
3.329000,3227.949
3.330000,3227.949
3.331000,3318.119
3.332000,3318.119
3.333000,3318.119
3.334000,3318.119
3.335000,3318.119
3.336000,3321.600
3.337000,3321.600
3.338000,3321.600
3.339000,3321.600
3.340000,3321.600
3.341000,3320.885
3.342000,3320.885
3.343000,3320.885
3.344000,3320.885
3.345000,3320.885
3.346000,3321.362
3.347000,3321.362
3.348000,3321.362
3.349000,3321.362
3.350000,3321.362
3.351000,3326.607
3.352000,3326.607
3.353000,3326.607
3.354000,3326.607
3.355000,3326.607
3.356000,3326.941
3.357000,3326.941
3.358000,3326.941
3.359000,3326.941
3.360000,0.000
3.361000,3323.603
3.362000,3323.603
3.363000,3323.603
3.364000,3323.603
3.365000,3323.603
3.366000,3311.872
3.367000,3311.872
3.368000,3311.872
3.369000,3311.872
3.370000,3311.872
3.371000,3313.684
3.372000,3313.684
3.373000,3313.684
3.374000,3313.684
3.375000,3313.684
3.376000,3317.928
3.377000,3317.928
3.378000,3317.928
3.379000,3317.928
3.380000,3317.928
3.381000,3320.122
3.382000,3320.122
3.383000,3320.122
3.384000,3320.122
3.385000,3320.122
3.386000,3319.311
3.387000,3319.311
3.388000,3319.311
3.389000,3319.311
3.390000,3319.311
3.391000,3328.705
3.392000,3328.705
3.393000,3328.705
3.394000,3328.705
3.395000,3319.359
3.396000,3319.359
3.397000,3319.359
3.398000,3319.359
3.399000,3319.359
3.400000,3319.263
3.401000,3319.263
3.402000,3319.263
3.403000,3319.263
3.404000,3319.263
3.405000,3316.927
3.406000,3316.927
3.407000,3316.927
3.408000,3316.927
3.409000,3316.927
3.410000,3314.114
3.411000,3314.114
3.412000,3314.114
3.413000,3314.114
3.414000,3314.114
3.415000,3315.496
3.416000,3315.496
3.417000,3315.496
3.418000,3315.496
3.419000,3315.496
3.420000,3317.118
3.421000,3317.118
3.422000,3317.118
3.423000,3317.118
3.424000,0.000
3.425000,3320.789
3.426000,3320.789
3.427000,3320.789
3.428000,3320.789
3.429000,3320.789
3.430000,3326.082
3.431000,3326.082
3.432000,3326.082
3.433000,3326.082
3.434000,3326.082
3.435000,3322.411
3.436000,3322.411
3.437000,3322.411
3.438000,3322.411
3.439000,3322.411
3.440000,3322.935
3.441000,3322.935
3.442000,3322.935
3.443000,3322.935
3.444000,3322.935
3.445000,3322.411
3.446000,3322.411
3.447000,3322.411
3.448000,3322.411
3.449000,3322.411
3.450000,3321.600
3.451000,3321.600
3.452000,3321.600
3.453000,3321.600
3.454000,3321.600
3.455000,3319.693
3.456000,3319.693
3.457000,3319.693
3.458000,3319.693
3.459000,0.000
3.460000,0.000
3.461000,0.000
3.462000,0.000
3.463000,0.000
3.464000,0.000
3.465000,0.000
3.466000,0.000
3.467000,0.000
3.468000,0.000
3.469000,3326.130
3.470000,3326.130
3.471000,3326.130
3.472000,3326.130
3.473000,3326.130
3.474000,3321.648
3.475000,3321.648
3.476000,3321.648
3.477000,3321.648
3.478000,3321.648
3.479000,3322.268
3.480000,3322.268
3.481000,3322.268
3.482000,3322.268
3.483000,3322.268
3.484000,3322.792
3.485000,3322.792
3.486000,3322.792
3.487000,3322.792
3.488000,0.000
3.489000,3320.026
3.490000,3320.026
3.491000,3320.026
3.492000,3320.026
3.493000,3320.026
3.494000,3417.826
3.495000,3417.826
3.496000,3417.826
3.497000,3417.826
3.498000,3417.826
3.499000,3420.687
3.500000,3420.687
3.501000,3420.687
3.502000,3420.687
3.503000,3420.687
3.504000,3447.914
3.505000,3447.914
3.506000,3447.914
3.507000,3447.914
3.508000,3447.914
3.509000,3465.271
3.510000,3465.271
3.511000,3465.271
3.512000,3465.271
3.513000,3465.271
3.514000,3464.842
3.515000,3464.842
3.516000,3464.842
3.517000,3464.842
3.518000,3464.842
3.519000,3464.842
3.520000,3464.842
3.521000,3464.842
3.522000,3465.796
3.523000,3678.894
3.524000,3678.894
3.525000,3678.894
3.526000,3678.894
3.527000,3678.894
3.528000,3695.202
3.529000,3695.202
3.530000,3695.202
3.531000,3695.202
3.532000,3695.202
3.533000,3696.585
3.534000,3696.585
3.535000,3696.585
3.536000,3696.585
3.537000,3696.585
3.538000,3698.540
3.539000,3698.540
3.540000,3698.540
3.541000,3698.540
3.542000,3698.540
3.543000,3699.970
3.544000,3699.970
3.545000,3699.970
3.546000,3699.970
3.547000,3699.970
3.548000,3699.970
3.549000,3699.970
3.550000,3699.970
3.551000,3699.970
3.552000,0.000
3.553000,3705.454
3.554000,3705.454
3.555000,3705.454
3.556000,3705.454
3.557000,3705.454
3.558000,3789.282
3.559000,3789.282
3.560000,3789.282
3.561000,3789.282
3.562000,3789.282
3.563000,3791.809
3.564000,3791.809
3.565000,3791.809
3.566000,3791.809
3.567000,3791.809
3.568000,3788.757
3.569000,3788.757
3.570000,3788.757
3.571000,3788.757
3.572000,3788.757
3.573000,3800.154
3.574000,3800.154
3.575000,3800.154
3.576000,3800.154
3.577000,3800.154
3.578000,3816.509
3.579000,3816.509
3.580000,3816.509
3.581000,3816.509
3.582000,3816.509
3.583000,3817.368
3.584000,3817.368
3.585000,3817.368
3.586000,3817.368
3.587000,3748.846
3.588000,3748.846
3.589000,3748.846
3.590000,3748.846
3.591000,3748.846
3.592000,3746.033
3.593000,3746.033
3.594000,3746.033
3.595000,3746.033
3.596000,3746.033
3.597000,3729.200
3.598000,3729.200
3.599000,3729.200
3.600000,3729.200
3.601000,3729.200
3.602000,3720.713
3.603000,3720.713
3.604000,3720.713
3.605000,3720.713
3.606000,3720.713
3.607000,3717.852
3.608000,3717.852
3.609000,3717.852
3.610000,3717.852
3.611000,3717.852
3.612000,3714.228
3.613000,3714.228
3.614000,3714.228
3.615000,3714.228
3.616000,0.000
3.617000,3718.376
3.618000,3718.376
3.619000,3718.376
3.620000,3718.376
3.621000,3718.376
3.622000,0.000
3.623000,0.000
3.624000,0.000
3.625000,0.000
3.626000,0.000
3.627000,3525.066
3.628000,3525.066
3.629000,3525.066
3.630000,3525.066
3.631000,3525.066
3.632000,3514.338
3.633000,3514.338
3.634000,3514.338
3.635000,3514.338
3.636000,3514.338
3.637000,3498.268
3.638000,3498.268
3.639000,3498.268
3.640000,3498.268
3.641000,3498.268
3.642000,3460.121
3.643000,3460.121
3.644000,3460.121
3.645000,3460.121
3.646000,3460.121
3.647000,3428.125
3.648000,3428.125
3.649000,3428.125
3.650000,3428.125
3.651000,3319.693
3.652000,3319.693
3.653000,3319.693
3.654000,3319.693
3.655000,3319.693
3.656000,3322.077
3.657000,3322.077
3.658000,3322.077
3.659000,3322.077
3.660000,3322.077
3.661000,3323.269
3.662000,3323.269
3.663000,3323.269
3.664000,3323.269
3.665000,3323.269
3.666000,3323.269
3.667000,3323.269
3.668000,3323.269
3.669000,3323.269
3.670000,3323.269
3.671000,3325.891
3.672000,3325.891
3.673000,3325.891
3.674000,3325.891
3.675000,3325.891
3.676000,3324.223
3.677000,3324.223
3.678000,3324.223
3.679000,3324.223
3.680000,0.000
3.681000,3322.792
3.682000,3322.792
3.683000,3322.792
3.684000,3322.792
3.685000,3322.792
3.686000,0.000
3.687000,0.000
3.688000,0.000
3.689000,0.000
3.690000,0.000
3.691000,3318.691
3.692000,3318.691
3.693000,3318.691
3.694000,3318.691
3.695000,3318.691
3.696000,3320.026
3.697000,3320.026
3.698000,3320.026
3.699000,3320.026
3.700000,3320.026
3.701000,3328.705
3.702000,3328.705
3.703000,3328.705
3.704000,3328.705
3.705000,3328.705
3.706000,3324.890
3.707000,3324.890
3.708000,3324.890
3.709000,3324.890
3.710000,3324.890
3.711000,3323.936
3.712000,3323.936
3.713000,3323.936
3.714000,3323.936
3.715000,3315.163
3.716000,3315.163
3.717000,3315.163
3.718000,3315.163
3.719000,3315.163
3.720000,3316.545
3.721000,3316.545
3.722000,3316.545
3.723000,3316.545
3.724000,3316.545
3.725000,3316.593
3.726000,3316.593
3.727000,3316.593
3.728000,3316.593
3.729000,3316.593
3.730000,3319.025
3.731000,3319.025
3.732000,3319.025
3.733000,3319.025
3.734000,3319.025
3.735000,3318.691
3.736000,3318.691
3.737000,3318.691
3.738000,3318.691
3.739000,3318.691
3.740000,3320.122
3.741000,3320.122
3.742000,3320.122
3.743000,3320.122
3.744000,0.000
3.745000,3321.695
3.746000,3321.695
3.747000,3321.695
3.748000,3321.695
3.749000,3321.695
3.750000,0.000
3.751000,0.000
3.752000,0.000
3.753000,0.000
3.754000,0.000
3.755000,3321.028
3.756000,3321.028
3.757000,3321.028
3.758000,3321.028
3.759000,3321.028
3.760000,3321.075
3.761000,3321.075
3.762000,3321.075
3.763000,3321.075
3.764000,3321.075
3.765000,3318.977
3.766000,3318.977
3.767000,3318.977
3.768000,3318.977
3.769000,3318.977
3.770000,3318.357
3.771000,3318.357
3.772000,3318.357
3.773000,3318.357
3.774000,3318.357
3.775000,3318.596
3.776000,3318.596
3.777000,3318.596
3.778000,3318.596
3.779000,3327.751
3.780000,3327.751
3.781000,3327.751
3.782000,3327.751
3.783000,3327.751
3.784000,3323.030
3.785000,3323.030
3.786000,3323.030
3.787000,3323.030
3.788000,3323.030
3.789000,3321.743
3.790000,3321.743
3.791000,3321.743
3.792000,3321.743
3.793000,3321.743
3.794000,3320.026
3.795000,3320.026
3.796000,3320.026
3.797000,3320.026
3.798000,3320.026
3.799000,3319.550
3.800000,3319.550
3.801000,3319.550
3.802000,3319.550
3.803000,3319.550
3.804000,3319.407
3.805000,3319.407
3.806000,3319.407
3.807000,3319.407
3.808000,0.000
3.809000,3312.731
3.810000,3312.731
3.811000,3312.731
3.812000,3312.731
3.813000,3312.731
3.814000,3320.932
3.815000,3320.932
3.816000,3320.932
3.817000,3320.932
3.818000,3320.932
3.819000,3322.554
3.820000,3322.554
3.821000,3322.554
3.822000,3322.554
3.823000,3322.554
3.824000,3323.030
3.825000,3323.030
3.826000,3323.030
3.827000,3323.030
3.828000,3323.030
3.829000,3323.460
3.830000,3323.460
3.831000,3323.460
3.832000,3323.460
3.833000,3323.460
3.834000,3321.695
3.835000,3321.695
3.836000,3321.695
3.837000,3321.695
3.838000,3321.695
3.839000,3320.074
3.840000,3320.074
3.841000,3320.074
3.842000,3320.074
3.843000,3319.836
3.844000,3319.836
3.845000,3319.836
3.846000,3319.836
3.847000,3319.836
3.848000,3321.266
3.849000,3321.266
3.850000,3321.266
3.851000,3321.266
3.852000,3321.266
3.853000,3322.077
3.854000,3322.077
3.855000,3322.077
3.856000,3322.077
3.857000,3322.077
3.858000,3321.791
3.859000,3321.791
3.860000,3321.791
3.861000,3321.791
3.862000,3321.791
3.863000,3325.653
3.864000,3325.653
3.865000,3325.653
3.866000,3325.653
3.867000,3325.653
3.868000,3326.273
3.869000,3326.273
3.870000,3326.273
3.871000,3326.273
3.872000,0.000
3.873000,3323.936
3.874000,3323.936
3.875000,3323.936
3.876000,3323.936
3.877000,3323.936
3.878000,3315.878
3.879000,3315.878
3.880000,3315.878
3.881000,3315.878
3.882000,3315.878
3.883000,3315.496
3.884000,3315.496
3.885000,3315.496
3.886000,3315.496
3.887000,3315.496
3.888000,3324.080
3.889000,3324.080
3.890000,3324.080
3.891000,3324.080
3.892000,3324.080
3.893000,3327.799
3.894000,3327.799
3.895000,3327.799
3.896000,3327.799
3.897000,3327.799
3.898000,3328.037
3.899000,3328.037
3.900000,3328.037
3.901000,3328.037
3.902000,3328.037
3.903000,3326.225
3.904000,3326.225
3.905000,3326.225
3.906000,3326.225
3.907000,0.000
3.908000,0.000
3.909000,0.000
3.910000,0.000
3.911000,0.000
3.912000,3317.308
3.913000,3317.308
3.914000,3317.308
3.915000,3317.308
3.916000,3317.308
3.917000,3314.590
3.918000,3314.590
3.919000,3314.590
3.920000,3314.590
3.921000,3314.590
3.922000,3316.355
3.923000,3316.355
3.924000,3316.355
3.925000,3316.355
3.926000,3316.355
3.927000,3320.742
3.928000,3320.742
3.929000,3320.742
3.930000,3320.742
3.931000,3320.742
3.932000,3320.360
3.933000,3320.360
3.934000,3320.360
3.935000,3320.360
3.936000,0.000
3.937000,3322.029
3.938000,3322.029
3.939000,3322.029
3.940000,3322.029
3.941000,3322.029
3.942000,3322.983
3.943000,3322.983
3.944000,3322.983
3.945000,3322.983
3.946000,3322.983
3.947000,3317.404
3.948000,3317.404
3.949000,3317.404
3.950000,3317.404
3.951000,3317.404
3.952000,3314.114
3.953000,3314.114
3.954000,3314.114
3.955000,3314.114
3.956000,3314.114
3.957000,3315.401
3.958000,3315.401
3.959000,3315.401
3.960000,3315.401
3.961000,3315.401
3.962000,3318.930
3.963000,3318.930
3.964000,3318.930
3.965000,3318.930
3.966000,3318.930
3.967000,3319.836
3.968000,3319.836
3.969000,3319.836
3.970000,3319.836
3.971000,3326.845
3.972000,3326.845
3.973000,3326.845
3.974000,3326.845
3.975000,3326.845
3.976000,3325.176
3.977000,3325.176
3.978000,3325.176
3.979000,3325.176
3.980000,3325.176
3.981000,3325.272
3.982000,3325.272
3.983000,3325.272
3.984000,3325.272
3.985000,3325.272
3.986000,3324.175
3.987000,3324.175
3.988000,3324.175
3.989000,3324.175
3.990000,3324.175
3.991000,3323.174
3.992000,3323.174
3.993000,3323.174
3.994000,3323.174
3.995000,3323.174
3.996000,3321.409
3.997000,3321.409
3.998000,3321.409
3.999000,3321.409
4.000000,0.000
4.001000,3321.314
4.002000,3321.314
4.003000,3321.314
4.004000,3321.314
4.005000,3321.314
4.006000,3318.596
4.007000,3318.596
4.008000,3318.596
4.009000,3318.596
4.010000,3318.596
4.011000,3328.609
4.012000,3328.609
4.013000,3328.609
4.014000,3328.609
4.015000,3328.609
4.016000,3325.844
4.017000,3325.844
4.018000,3325.844
4.019000,3325.844
4.020000,3325.844
4.021000,3324.318
4.022000,3324.318
4.023000,3324.318
4.024000,3324.318
4.025000,3324.318
4.026000,3323.269
4.027000,3323.269
4.028000,3323.269
4.029000,3323.269
4.030000,3323.269
4.031000,3320.646
4.032000,3320.646
4.033000,3320.646
4.034000,3320.646
4.035000,3318.596
4.036000,3318.596
4.037000,3318.596
4.038000,3318.596
4.039000,3318.596
4.040000,3319.979
4.041000,3319.979
4.042000,3319.979
4.043000,3319.979
4.044000,3319.979
4.045000,3320.789
4.046000,3320.789
4.047000,3320.789
4.048000,3320.789
4.049000,3320.789
4.050000,3324.223
4.051000,3324.223
4.052000,3324.223
4.053000,3324.223
4.054000,3324.223
4.055000,3323.698
4.056000,3323.698
4.057000,3323.698
4.058000,3323.698
4.059000,3323.698
4.060000,3325.415
4.061000,3325.415
4.062000,3325.415
4.063000,3325.415
4.064000,0.000
4.065000,3326.845
4.066000,3326.845
4.067000,3326.845
4.068000,3326.845
4.069000,3326.845
4.070000,3318.644
4.071000,3318.644
4.072000,3318.644
4.073000,3318.644
4.074000,3318.644
4.075000,3321.123
4.076000,3321.123
4.077000,3321.123
4.078000,3321.123
4.079000,3321.123
4.080000,3321.791
4.081000,3321.791
4.082000,3321.791
4.083000,3321.791
4.084000,3321.791
4.085000,3321.791
4.086000,3321.791
4.087000,3321.791
4.088000,3321.791
4.089000,3321.791
4.090000,3322.506
4.091000,3322.506
4.092000,3322.506
4.093000,3322.506
4.094000,3322.506
4.095000,3324.556
4.096000,3324.556
4.097000,3324.556
4.098000,3324.556
4.099000,3320.599
4.100000,3320.599
4.101000,3320.599
4.102000,3320.599
4.103000,3320.599
4.104000,3319.454
4.105000,3319.454
4.106000,3319.454
4.107000,3319.454
4.108000,3319.454
4.109000,3320.026
4.110000,3320.026
4.111000,3320.026
4.112000,3320.026
4.113000,3320.026
4.114000,3314.781
4.115000,3314.781
4.116000,3314.781
4.117000,3314.781
4.118000,3314.781
4.119000,3313.780
4.120000,3313.780
4.121000,3313.780
4.122000,3313.780
4.123000,3313.780
4.124000,3317.118
4.125000,3317.118
4.126000,3317.118
4.127000,3317.118
4.128000,0.000
4.129000,3319.836
4.130000,3319.836
4.131000,3319.836
4.132000,3319.836
4.133000,-200000.000
4.134000,0.000
4.135000,0.000
4.136000,0.000
4.137000,0.000
4.138000,0.000
4.139000,3320.599
4.140000,3320.599
4.141000,3320.599
4.142000,3320.599
4.143000,3320.599
4.144000,3319.454
4.145000,3319.454
4.146000,3319.454
4.147000,3319.454
4.148000,3319.454
4.149000,3315.115
4.150000,3315.115
4.151000,3315.115
4.152000,3315.115
4.153000,3315.115
4.154000,3315.830
4.155000,3315.830
4.156000,3315.830
4.157000,3315.830
4.158000,3315.830
4.159000,3319.883
4.160000,3319.883
4.161000,3319.883
4.162000,3319.883
4.163000,3327.560
4.164000,3327.560
4.165000,3327.560
4.166000,3327.560
4.167000,3327.560
4.168000,3328.228
4.169000,3328.228
4.170000,3328.228
4.171000,3328.228
4.172000,3328.228
4.173000,3325.176
4.174000,3325.176
4.175000,3325.176
4.176000,3325.176
4.177000,3325.176
4.178000,3324.032
4.179000,3324.032
4.180000,3324.032
4.181000,3324.032
4.182000,3324.032
4.183000,3322.697
4.184000,3322.697
4.185000,3322.697
4.186000,3322.697
4.187000,3322.697
4.188000,3321.409
4.189000,3321.409
4.190000,3321.409
4.191000,3321.409
4.192000,0.000
4.193000,3326.607
4.194000,3326.607
4.195000,3326.607
4.196000,3326.607
4.197000,3326.607
4.198000,3328.800
4.199000,3328.800
4.200000,3328.800
4.201000,3328.800
4.202000,3328.800
4.203000,3326.702
4.204000,3326.702
4.205000,3326.702
4.206000,3326.702
4.207000,3326.702
4.208000,3323.317
4.209000,3323.317
4.210000,3323.317
4.211000,3323.317
4.212000,3323.317
4.213000,3323.364
4.214000,3323.364
4.215000,3323.364
4.216000,3323.364
4.217000,3323.364
4.218000,3322.887
4.219000,3322.887
4.220000,3322.887
4.221000,3322.887
4.222000,3322.887
4.223000,3319.883
4.224000,3319.883
4.225000,3319.883
4.226000,3319.883
4.227000,3319.311
4.228000,3319.311
4.229000,3319.311
4.230000,3319.311
4.231000,3319.311
4.232000,3318.882
4.233000,3318.882
4.234000,3318.882
4.235000,3318.882
4.236000,3318.882
4.237000,3324.175
4.238000,3324.175
4.239000,3324.175
4.240000,3324.175
4.241000,3324.175
4.242000,3324.127
4.243000,3324.127
4.244000,3324.127
4.245000,3324.127
4.246000,3324.127
4.247000,3324.556
4.248000,3324.556
4.249000,3324.556
4.250000,3324.556
4.251000,3324.556
4.252000,3325.033
4.253000,3325.033
4.254000,3325.033
4.255000,3325.033
4.256000,0.000
4.257000,3318.119
4.258000,3318.119
4.259000,3318.119
4.260000,3318.119
4.261000,3318.119
4.262000,3320.932
4.263000,3320.932
4.264000,3320.932
4.265000,3320.932
4.266000,3320.932
4.267000,3320.885
4.268000,3320.885
4.269000,3320.885
4.270000,3320.885
4.271000,3320.885
4.272000,3320.313
4.273000,3320.313
4.274000,3320.313
4.275000,3320.313
4.276000,3320.313
4.277000,3320.837
4.278000,3320.837
4.279000,3320.837
4.280000,3320.837
4.281000,3320.837
4.282000,3322.363
4.283000,3322.363
4.284000,3322.363
4.285000,3322.363
4.286000,3322.363
4.287000,3328.991
4.288000,3328.991
4.289000,3328.991
4.290000,3328.991
4.291000,3320.837
4.292000,3320.837
4.293000,3320.837
4.294000,3320.837
4.295000,3320.837
4.296000,3319.979
4.297000,3319.979
4.298000,3319.979
4.299000,3319.979
4.300000,3319.979
4.301000,3319.263
4.302000,3319.263
4.303000,3319.263
4.304000,3319.263
4.305000,3319.263
4.306000,3314.638
4.307000,3314.638
4.308000,3314.638
4.309000,3314.638
4.310000,3314.638
4.311000,3314.877
4.312000,3314.877
4.313000,3314.877
4.314000,3314.877
4.315000,3321.648
4.316000,3321.648
4.317000,3321.648
4.318000,3321.648
4.319000,3321.648
4.320000,3326.225
4.321000,3326.225
4.322000,3326.225
4.323000,0.000
4.324000,0.000
4.325000,0.000
4.326000,0.000
4.327000,0.000
4.328000,0.000
4.329000,3321.505
4.330000,3321.505
4.331000,3321.505
4.332000,3321.505
4.333000,3321.505
4.334000,3321.457
4.335000,3321.457
4.336000,3321.457
4.337000,3321.457
4.338000,3321.457
4.339000,3316.116
4.340000,3316.116
4.341000,3316.116
4.342000,3316.116
4.343000,3316.116
4.344000,3314.018
4.345000,3314.018
4.346000,3314.018
4.347000,3314.018
4.348000,3314.018
4.349000,3317.165
4.350000,3317.165
4.351000,3317.165
4.352000,3317.165
4.353000,3319.263
4.354000,3319.263
4.355000,3319.263
4.356000,3319.263
4.357000,3326.607
4.358000,3326.607
4.359000,3326.607
4.360000,3326.607
4.361000,3326.607
4.362000,3323.936
4.363000,3323.936
4.364000,3323.936
4.365000,3323.936
4.366000,3323.936
4.367000,3323.555
4.368000,3323.555
4.369000,3323.555
4.370000,3323.555
4.371000,3323.555
4.372000,3316.545
4.373000,3316.545
4.374000,3316.545
4.375000,3316.545
4.376000,3316.545
4.377000,3313.589
4.378000,3313.589
4.379000,3313.589
4.380000,3313.589
4.381000,3313.589
4.382000,3315.210
4.383000,3315.210
4.384000,3315.210
4.385000,3315.210
4.386000,3323.317
4.387000,3323.317
4.388000,3323.317
4.389000,3323.317
4.390000,3323.317
4.391000,3327.417
4.392000,3327.417
4.393000,3327.417
4.394000,3327.417
4.395000,3327.417
4.396000,3325.605
4.397000,3325.605
4.398000,3325.605
4.399000,3325.605
4.400000,3325.605
4.401000,3324.556
4.402000,3324.556
4.403000,3324.556
4.404000,3324.556
4.405000,3324.556
4.406000,3323.889
4.407000,3323.889
4.408000,3323.889
4.409000,3323.889
4.410000,3323.889
4.411000,3322.506
4.412000,3322.506
4.413000,3322.506
4.414000,3322.506
4.415000,3322.506
4.416000,3321.362
4.417000,3321.362
4.418000,3321.362
4.419000,0.000
4.420000,3320.026
4.421000,3320.026
4.422000,3320.026
4.423000,3320.026
4.424000,3320.026
4.425000,3320.456
4.426000,3320.456
4.427000,3320.456
4.428000,3320.456
4.429000,3320.456
4.430000,3319.979
4.431000,3319.979
4.432000,3319.979
4.433000,3319.979
4.434000,3319.979
4.435000,3327.703
4.436000,3327.703
4.437000,3327.703
4.438000,3327.703
4.439000,3327.703
4.440000,3324.652
4.441000,3324.652
4.442000,3324.652
4.443000,3324.652
4.444000,3324.652
4.445000,3321.838
4.446000,3321.838
4.447000,3321.838
4.448000,3321.838
4.449000,3322.554
4.450000,3322.554
4.451000,3322.554
4.452000,3322.554
4.453000,3315.258
4.454000,3315.258
4.455000,3315.258
4.456000,3315.258
4.457000,3315.258
4.458000,3319.454
4.459000,3319.454
4.460000,3319.454
4.461000,3319.454
4.462000,3319.454
4.463000,3322.172
4.464000,3322.172
4.465000,3322.172
4.466000,3322.172
4.467000,3322.172
4.468000,3322.124
4.469000,3322.124
4.470000,3322.124
4.471000,3322.124
4.472000,3322.124
4.473000,3322.983
4.474000,3322.983
4.475000,3322.983
4.476000,3322.983
4.477000,3322.983
4.478000,3322.744
4.479000,3322.744
4.480000,3322.744
4.481000,3322.744
4.482000,3322.887
4.483000,3322.887
4.484000,3322.887
4.485000,3322.887
4.486000,3322.887
4.487000,3321.838
4.488000,3321.838
4.489000,3321.838
4.490000,3321.838
4.491000,3321.838
4.492000,3322.268
4.493000,3322.268
4.494000,3322.268
4.495000,3322.268
4.496000,3322.268
4.497000,3320.885
4.498000,3320.885
4.499000,3320.885
4.500000,3320.885
4.501000,3320.885
4.502000,3319.454
4.503000,3319.454
4.504000,3319.454
4.505000,3319.454
4.506000,3319.454
4.507000,3320.026
4.508000,3320.026
4.509000,3320.026
4.510000,3320.026
4.511000,3320.026
4.512000,3320.169
4.513000,3320.169
4.514000,3320.169
4.515000,0.000
4.516000,3326.082
4.517000,3326.082
4.518000,3326.082
4.519000,3326.082
4.520000,3326.082
4.521000,3325.367
4.522000,3325.367
4.523000,3325.367
4.524000,3325.367
4.525000,3325.367
4.526000,3324.461
4.527000,3324.461
4.528000,3324.461
4.529000,3324.461
4.530000,3324.461
4.531000,3325.367
4.532000,3325.367
4.533000,3325.367
4.534000,3325.367
4.535000,3325.367
4.536000,3322.744
4.537000,3322.744
4.538000,3322.744
4.539000,3322.744
4.540000,3322.744
4.541000,3321.838
4.542000,3321.838
4.543000,3321.838
4.544000,3321.838
4.545000,3319.931
4.546000,3319.931
4.547000,3319.931
4.548000,3319.931
4.549000,3320.694
4.550000,3320.694
4.551000,3320.694
4.552000,3320.694
4.553000,3320.694
4.554000,3320.646
4.555000,3320.646
4.556000,3320.646
4.557000,3320.646
4.558000,3320.646
4.559000,3320.360
4.560000,3320.360
4.561000,3320.360
4.562000,3320.360
4.563000,3320.360
4.564000,3324.318
4.565000,3324.318
4.566000,3324.318
4.567000,3324.318
4.568000,3324.318
4.569000,3323.698
4.570000,3323.698
4.571000,3323.698
4.572000,3323.698
4.573000,3323.698
4.574000,3322.554
4.575000,3322.554
4.576000,3322.554
4.577000,3322.554
4.578000,3319.883
4.579000,3319.883
4.580000,3319.883
4.581000,3319.883
4.582000,3319.883
4.583000,3318.548
4.584000,3318.548
4.585000,3318.548
4.586000,3318.548
4.587000,3318.548
4.588000,3321.218
4.589000,3321.218
4.590000,3321.218
4.591000,3321.218
4.592000,3321.218
4.593000,3322.649
4.594000,3322.649
4.595000,3322.649
4.596000,3322.649
4.597000,3322.649
4.598000,3323.841
4.599000,3323.841
4.600000,3323.841
4.601000,3323.841
4.602000,3323.841
4.603000,3327.322
4.604000,3327.322
4.605000,3327.322
4.606000,3327.322
4.607000,3327.322
4.608000,3326.368
4.609000,3326.368
4.610000,3326.368
4.611000,0.000
4.612000,0.000
4.613000,0.000
4.614000,0.000
4.615000,0.000
4.616000,0.000
4.617000,3318.548
4.618000,3318.548
4.619000,3318.548
4.620000,3318.548
4.621000,3318.548
4.622000,3313.875
4.623000,3313.875
4.624000,3313.875
4.625000,3313.875
4.626000,3313.875
4.627000,3313.208
4.628000,3313.208
4.629000,3313.208
4.630000,3313.208
4.631000,3313.208
4.632000,3321.934
4.633000,3321.934
4.634000,3321.934
4.635000,3321.934
4.636000,3321.934
4.637000,3322.029
4.638000,3322.029
4.639000,3322.029
4.640000,3322.029
4.641000,3324.413
4.642000,3324.413
4.643000,3324.413
4.644000,3324.413
4.645000,3324.938
4.646000,3324.938
4.647000,3324.938
4.648000,3324.938
4.649000,3324.938
4.650000,3320.885
4.651000,3320.885
4.652000,3320.885
4.653000,3320.885
4.654000,3320.885
4.655000,3319.263
4.656000,3319.263
4.657000,3319.263
4.658000,3319.263
4.659000,3319.263
4.660000,3321.552
4.661000,3321.552
4.662000,3321.552
4.663000,3321.552
4.664000,3321.552
4.665000,3317.881
4.666000,3317.881
4.667000,3317.881
4.668000,3317.881
4.669000,3317.881
4.670000,3316.784
4.671000,3316.784
4.672000,3316.784
4.673000,3316.784
4.674000,3321.791
4.675000,3321.791
4.676000,3321.791
4.677000,3321.791
4.678000,3321.791
4.679000,3323.650
4.680000,3323.650
4.681000,3323.650
4.682000,3323.650
4.683000,3323.650
4.684000,3326.797
4.685000,3326.797
4.686000,3326.797
4.687000,3326.797
4.688000,3326.797
4.689000,3326.321
4.690000,3326.321
4.691000,3326.321
4.692000,3326.321
4.693000,3326.321
4.694000,3324.842
4.695000,3324.842
4.696000,3324.842
4.697000,3324.842
4.698000,3324.842
4.699000,3321.934
4.700000,3321.934
4.701000,3321.934
4.702000,3321.934
4.703000,3321.934
4.704000,3323.507
4.705000,3323.507
4.706000,3323.507
4.707000,3323.507
4.708000,3323.507
4.709000,3322.744
4.710000,3322.744
4.711000,3322.744
4.712000,3322.744
4.713000,3322.744
4.714000,3324.842
4.715000,3324.842
4.716000,3324.842
4.717000,3324.842
4.718000,3324.842
4.719000,3327.274
4.720000,3327.274
4.721000,3327.274
4.722000,3327.274
4.723000,3327.274
4.724000,3325.558
4.725000,3325.558
4.726000,3325.558
4.727000,3325.558
4.728000,3325.558
4.729000,3323.364
4.730000,3323.364
4.731000,3323.364
4.732000,3323.364
4.733000,3323.364
4.734000,3321.934
4.735000,3321.934
4.736000,3321.934
4.737000,3321.934
4.738000,3316.593
4.739000,3316.593
4.740000,3316.593
4.741000,3316.593
4.742000,3316.593
4.743000,3316.784
4.744000,3316.784
4.745000,3316.784
4.746000,3316.784
4.747000,3316.784
4.748000,3318.739
4.749000,3318.739
4.750000,3318.739
4.751000,3318.739
4.752000,3318.739
4.753000,3321.600
4.754000,3321.600
4.755000,3321.600
4.756000,3321.600
4.757000,3321.600
4.758000,3321.791
4.759000,3321.791
4.760000,3321.791
4.761000,3321.791
4.762000,3321.791
4.763000,3325.367
4.764000,3325.367
4.765000,3325.367
4.766000,3325.367
4.767000,3325.367
4.768000,3324.461
4.769000,3324.461
4.770000,3324.461
4.771000,0.000
4.772000,3318.262
4.773000,3318.262
4.774000,3318.262
4.775000,3318.262
4.776000,3318.262
4.777000,3314.972
4.778000,3314.972
4.779000,3314.972
4.780000,3314.972
4.781000,3314.972
4.782000,3316.116
4.783000,3316.116
4.784000,3316.116
4.785000,3316.116
4.786000,3316.116
4.787000,3319.502
4.788000,3319.502
4.789000,3319.502
4.790000,3319.502
4.791000,3319.502
4.792000,3318.167
4.793000,3318.167
4.794000,3318.167
4.795000,3318.167
4.796000,3318.167
4.797000,3319.502
4.798000,3319.502
4.799000,3319.502
4.800000,3319.502
4.801000,3321.362
4.802000,3321.362
4.803000,3321.362
4.804000,3321.362
4.805000,0.000
4.806000,0.000
4.807000,0.000
4.808000,0.000
4.809000,0.000
4.810000,3325.272
4.811000,3325.272
4.812000,3325.272
4.813000,3325.272
4.814000,3325.272
4.815000,3322.983
4.816000,3322.983
4.817000,3322.983
4.818000,3322.983
4.819000,3322.983
4.820000,3321.695
4.821000,3321.695
4.822000,3321.695
4.823000,3321.695
4.824000,3321.695
4.825000,3319.263
4.826000,3319.263
4.827000,3319.263
4.828000,3319.263
4.829000,3319.263
4.830000,3318.739
4.831000,3318.739
4.832000,3318.739
4.833000,3318.739
4.834000,3325.987
4.835000,3325.987
4.836000,3325.987
4.837000,3325.987
4.838000,3325.987
4.839000,3328.276
4.840000,3328.276
4.841000,3328.276
4.842000,3328.276
4.843000,3328.276
4.844000,3325.415
4.845000,3325.415
4.846000,3325.415
4.847000,3325.415
4.848000,3325.415
4.849000,3324.461
4.850000,3324.461
4.851000,3324.461
4.852000,3324.461
4.853000,3324.461
4.854000,3322.315
4.855000,3322.315
4.856000,3322.315
4.857000,3322.315
4.858000,3322.315
4.859000,3322.172
4.860000,3322.172
4.861000,3322.172
4.862000,3322.172
4.863000,3322.172
4.864000,3321.314
4.865000,3321.314
4.866000,3321.314
4.867000,0.000
4.868000,3317.404
4.869000,3317.404
4.870000,3317.404
4.871000,3317.404
4.872000,3317.404
4.873000,3320.122
4.874000,3320.122
4.875000,3320.122
4.876000,3320.122
4.877000,3320.122
4.878000,3321.552
4.879000,3321.552
4.880000,3321.552
4.881000,3321.552
4.882000,3321.552
4.883000,3323.650
4.884000,3323.650
4.885000,3323.650
4.886000,3323.650
4.887000,3323.650
4.888000,3320.837
4.889000,3320.837
4.890000,3320.837
4.891000,3320.837
4.892000,3320.837
4.893000,3324.699
4.894000,3324.699
4.895000,3324.699
4.896000,3324.699
4.897000,3314.638
4.898000,3314.638
4.899000,3314.638
4.900000,3314.638
4.901000,3314.638
4.902000,3318.214
4.903000,3318.214
4.904000,3318.214
4.905000,3318.214
4.906000,3318.214
4.907000,3318.501
4.908000,3318.501
4.909000,3318.501
4.910000,3318.501
4.911000,3318.501
4.912000,3318.024
4.913000,3318.024
4.914000,3318.024
4.915000,3318.024
4.916000,3318.024
4.917000,3320.885
4.918000,3320.885
4.919000,3320.885
4.920000,3320.885
4.921000,3320.885
4.922000,3322.983
4.923000,3322.983
4.924000,3322.983
4.925000,3322.983
4.926000,3322.983
4.927000,3323.698
4.928000,3323.698
4.929000,3323.698
4.930000,3323.698
4.931000,0.000
4.932000,0.000
4.933000,0.000
4.934000,0.000
4.935000,0.000
4.936000,3320.932
4.937000,3320.932
4.938000,3320.932
4.939000,3320.932
4.940000,3320.932
4.941000,3319.597
4.942000,3319.597
4.943000,3319.597
4.944000,3319.597
4.945000,3319.597
4.946000,3318.405
4.947000,3318.405
4.948000,3318.405
4.949000,3318.405
4.950000,3318.405
4.951000,3313.637
4.952000,3313.637
4.953000,3313.637
4.954000,3313.637
4.955000,3313.637
4.956000,3313.112
4.957000,3313.112
4.958000,3313.112
4.959000,3313.112
4.960000,12.922
4.961000,3322.268
4.962000,3322.268
4.963000,3322.268
4.964000,3322.268
4.965000,3322.268
4.966000,3322.077
4.967000,3322.077
4.968000,3322.077
4.969000,3322.077
4.970000,3322.077
4.971000,3321.457
4.972000,3321.457
4.973000,3321.457
4.974000,3321.457
4.975000,3321.457
4.976000,3319.693
4.977000,3319.693
4.978000,3319.693
4.979000,3319.693
4.980000,3319.693
4.981000,3320.599
4.982000,3320.599
4.983000,3320.599
4.984000,3320.599
4.985000,3320.599
4.986000,3315.973
4.987000,3315.973
4.988000,3315.973
4.989000,3315.973
4.990000,3315.973
4.991000,3315.258
4.992000,3315.258
4.993000,3315.258
4.994000,3315.258
4.995000,3323.555
4.996000,3323.555
4.997000,3323.555
4.998000,3323.555
4.999000,3323.555
5.000000,3323.221
5.001000,3323.221
5.002000,3323.221
5.003000,3323.221
5.004000,3323.221
5.005000,3327.703
5.006000,3327.703
5.007000,3327.703
5.008000,3327.703
5.009000,3327.703
5.010000,3327.417
5.011000,3327.417
5.012000,3327.417
5.013000,3327.417
5.014000,3327.417
5.015000,3324.318
5.016000,3324.318
5.017000,3324.318
5.018000,3324.318
5.019000,3324.318
5.020000,3322.029
5.021000,3322.029
5.022000,3322.029
5.023000,3322.029
5.024000,12.970
5.025000,3320.646
5.026000,3320.646
5.027000,3320.646
5.028000,3320.646
5.029000,3320.646
5.030000,3321.218
5.031000,3321.218
5.032000,3321.218
5.033000,3321.218
5.034000,3321.218
5.035000,3320.885
5.036000,3320.885
5.037000,3320.885
5.038000,3320.885
5.039000,3320.885
5.040000,3323.936
5.041000,3323.936
5.042000,3323.936
5.043000,3323.936
5.044000,3323.936
5.045000,3326.368
5.046000,3326.368
5.047000,3326.368
5.048000,3326.368
5.049000,3326.368
5.050000,3324.938
5.051000,3324.938
5.052000,3324.938
5.053000,3324.938
5.054000,3324.938
5.055000,3323.889
5.056000,3323.889
5.057000,3323.889
5.058000,3323.889
5.059000,3314.829
5.060000,3314.829
5.061000,3314.829
5.062000,3314.829
5.063000,3314.829
5.064000,3313.684
5.065000,3313.684
5.066000,3313.684
5.067000,3313.684
5.068000,3313.684
5.069000,3316.116
5.070000,3316.116
5.071000,3316.116
5.072000,3316.116
5.073000,3316.116
5.074000,3319.311
5.075000,3319.311
5.076000,3319.311
5.077000,3319.311
5.078000,3319.311
5.079000,3319.740
5.080000,3319.740
5.081000,3319.740
5.082000,3319.740
5.083000,3319.740
5.084000,3320.932
5.085000,3320.932
5.086000,3320.932
5.087000,3320.932
5.088000,12.970
5.089000,3320.456
5.090000,3320.456
5.091000,3320.456
5.092000,3320.456
5.093000,3320.456
5.094000,3320.408
5.095000,3320.408
5.096000,3320.408
5.097000,3320.408
5.098000,3320.408
5.099000,3318.214
5.100000,3318.214
5.101000,3318.214
5.102000,3318.214
5.103000,3318.214
5.104000,3313.303
5.105000,3313.303
5.106000,3313.303
5.107000,3313.303
5.108000,3313.303
5.109000,3315.401
5.110000,3315.401
5.111000,3315.401
5.112000,3315.401
5.113000,3315.401
5.114000,3316.545
5.115000,3316.545
5.116000,3316.545
5.117000,3316.545
5.118000,3316.545
5.119000,3317.547
5.120000,3317.547
5.121000,3317.547
5.122000,3317.547
5.123000,3327.322
5.124000,3327.322
5.125000,3327.322
5.126000,3327.322
5.127000,3327.322
5.128000,3325.844
5.129000,3325.844
5.130000,3325.844
5.131000,3325.844
5.132000,3325.844
5.133000,3323.507
5.134000,3323.507
5.135000,3323.507
5.136000,3323.507
5.137000,3323.507
5.138000,3322.983
5.139000,3322.983
5.140000,3322.983
5.141000,3322.983
5.142000,3322.983
5.143000,3322.506
5.144000,3322.506
5.145000,3322.506
5.146000,3322.506
5.147000,3322.506
5.148000,3321.123
5.149000,3321.123
5.150000,3321.123
5.151000,3321.123
5.152000,0.000
5.153000,3321.457
5.154000,3321.457
5.155000,3321.457
5.156000,3321.457
5.157000,3321.457
5.158000,3326.035
5.159000,3326.035
5.160000,3326.035
5.161000,3326.035
5.162000,3326.035
5.163000,3327.370
5.164000,3327.370
5.165000,3327.370
5.166000,3327.370
5.167000,3327.370
5.168000,3326.130
5.169000,3326.130
5.170000,3326.130
5.171000,3326.130
5.172000,3326.130
5.173000,3323.841
5.174000,3323.841
5.175000,3323.841
5.176000,3323.841
5.177000,3323.841
5.178000,3322.935
5.179000,3322.935
5.180000,3322.935
5.181000,3322.935
5.182000,3322.935
5.183000,3320.789
5.184000,3320.789
5.185000,3320.789
5.186000,3320.789
5.187000,3446.960
5.188000,3446.960
5.189000,3446.960
5.190000,3446.960
5.191000,3446.960
5.192000,3465.843
5.193000,3465.843
5.194000,3465.843
5.195000,3465.843
5.196000,3465.843
5.197000,3480.959
5.198000,3480.959
5.199000,3480.959
5.200000,3480.959
5.201000,3480.959
5.202000,3486.776
5.203000,3486.776
5.204000,3486.776
5.205000,3486.776
5.206000,3486.776
5.207000,3490.067
5.208000,3490.067
5.209000,3490.067
5.210000,3490.067
5.211000,3490.067
5.212000,3488.207
5.213000,3488.207
5.214000,3488.207
5.215000,3488.207
5.216000,0.000
5.217000,3578.377
5.218000,3578.377
5.219000,3578.377
5.220000,3578.377
5.221000,3578.377
5.222000,3579.521
5.223000,3579.521
5.224000,3579.521
5.225000,3579.521
5.226000,3579.521
5.227000,3575.850
5.228000,3575.850
5.229000,3575.850
5.230000,3575.850
5.231000,3575.850
5.232000,3547.478
5.233000,3547.478
5.234000,3547.478
5.235000,3547.478
5.236000,3547.478
5.237000,3536.701
5.238000,3536.701
5.239000,3536.701
5.240000,3536.701
5.241000,3536.701
5.242000,3536.177
5.243000,3536.177
5.244000,3536.177
5.245000,3536.177
5.246000,3536.177
5.247000,3534.079
5.248000,3534.079
5.249000,3534.079
5.250000,3534.079
5.251000,3374.004
5.252000,3374.004
5.253000,3374.004
5.254000,3374.004
5.255000,3374.004
5.256000,3371.906
5.257000,3371.906
5.258000,3371.906
5.259000,3371.906
5.260000,3371.906
5.261000,3365.135
5.262000,3365.135
5.263000,3365.135
5.264000,3365.135
5.265000,3365.135
5.266000,3331.566
5.267000,3331.566
5.268000,3331.566
5.269000,3331.566
5.270000,3331.566
5.271000,3313.112
5.272000,3313.112
5.273000,3313.112
5.274000,3313.112
5.275000,3313.112
5.276000,3315.449
5.277000,3315.449
5.278000,3315.449
5.279000,3315.449
5.280000,12.922
5.281000,0.000
5.282000,0.000
5.283000,0.000
5.284000,0.000
5.285000,0.000
5.286000,3323.936
5.287000,3323.936
5.288000,3323.936
5.289000,3323.936
5.290000,3323.936
5.291000,3322.983
5.292000,3322.983
5.293000,3322.983
5.294000,3322.983
5.295000,3322.983
5.296000,3321.457
5.297000,3321.457
5.298000,3321.457
5.299000,3321.457
5.300000,3321.457
5.301000,3318.453
5.302000,3318.453
5.303000,3318.453
5.304000,3318.453
5.305000,3318.453
5.306000,3319.645
5.307000,3319.645
5.308000,3319.645
5.309000,3319.645
5.310000,3319.645
5.311000,3315.115
5.312000,3315.115
5.313000,3315.115
5.314000,3315.115
5.315000,3321.075
5.316000,3321.075
5.317000,3321.075
5.318000,3321.075
5.319000,3321.075
5.320000,3322.458
5.321000,3322.458
5.322000,3322.458
5.323000,3322.458
5.324000,3322.458
5.325000,3323.412
5.326000,3323.412
5.327000,3323.412
5.328000,3323.412
5.329000,3323.412
5.330000,3327.417
5.331000,3327.417
5.332000,3327.417
5.333000,3327.417
5.334000,3327.417
5.335000,3328.133
5.336000,3328.133
5.337000,3328.133
5.338000,3328.133
5.339000,3328.133
5.340000,3326.225
5.341000,3326.225
5.342000,3326.225
5.343000,3326.225
5.344000,0.000
5.345000,3319.931
5.346000,3319.931
5.347000,3319.931
5.348000,3319.931
5.349000,3319.931
5.350000,3321.505
5.351000,3321.505
5.352000,3321.505
5.353000,3321.505
5.354000,3321.505
5.355000,3322.983
5.356000,3322.983
5.357000,3322.983
5.358000,3322.983
5.359000,3322.983
5.360000,3327.131
5.361000,3327.131
5.362000,3327.131
5.363000,3327.131
5.364000,3327.131
5.365000,3323.841
5.366000,3323.841
5.367000,3323.841
5.368000,3323.841
5.369000,3323.841
5.370000,3290.987
5.371000,3290.987
5.372000,3290.987
5.373000,3290.987
5.374000,3290.987
5.375000,3275.633
5.376000,3275.633
5.377000,3275.633
5.378000,3275.633
5.379000,3801.489
5.380000,3801.489
5.381000,3801.489
5.382000,3801.489
5.383000,3801.489
5.384000,3848.600
5.385000,3848.600
5.386000,3848.600
5.387000,3848.600
5.388000,3848.600
5.389000,3940.630
5.390000,3940.630
5.391000,3940.630
5.392000,3940.630
5.393000,3940.630
5.394000,3995.180
5.395000,3995.180
5.396000,3995.180
5.397000,3995.180
5.398000,3995.180
5.399000,4103.899
5.400000,4103.899
5.401000,4103.899
5.402000,4103.899
5.403000,4103.899
5.404000,4427.385
5.405000,4427.385
5.406000,4427.385
5.407000,4427.385
5.408000,0.000
5.409000,4561.901
5.410000,4561.901
5.411000,4561.901
5.412000,4561.901
5.413000,4561.901
5.414000,0.000
5.415000,0.000
5.416000,0.000
5.417000,0.000
5.418000,0.000
5.419000,3515.053
5.420000,3515.053
5.421000,3515.053
5.422000,3515.053
5.423000,3515.053
5.424000,3444.052
5.425000,3444.052
5.426000,3444.052
5.427000,3444.052
5.428000,3444.052
5.429000,3398.895
5.430000,3398.895
5.431000,3398.895
5.432000,3398.895
5.433000,3398.895
5.434000,3294.849
5.435000,3294.849
5.436000,3294.849
5.437000,3294.849
5.438000,3294.849
5.439000,3238.249
5.440000,3238.249
5.441000,3238.249
5.442000,3238.249
5.443000,3327.179
5.444000,3327.179
5.445000,3327.179
5.446000,3327.179
5.447000,3327.179
5.448000,3324.747
5.449000,3324.747
5.450000,3324.747
5.451000,3324.747
5.452000,3324.747
5.453000,3322.744
5.454000,3322.744
5.455000,3322.744
5.456000,3322.744
5.457000,3322.744
5.458000,3321.409
5.459000,3321.409
5.460000,3321.409
5.461000,3321.409
5.462000,3321.409
5.463000,3320.599
5.464000,3320.599
5.465000,3320.599
5.466000,3320.599
5.467000,3320.599
5.468000,3320.789
5.469000,3320.789
5.470000,3320.789
5.471000,3320.789
5.472000,12.922
5.473000,3323.460
5.474000,3323.460
5.475000,3323.460
5.476000,3323.460
5.477000,3323.460
5.478000,3327.465
5.479000,3327.465
5.480000,3327.465
5.481000,3327.465
5.482000,3327.465
5.483000,3324.938
5.484000,3324.938
5.485000,3324.938
5.486000,3324.938
5.487000,3324.938
5.488000,3323.746
5.489000,3323.746
5.490000,3323.746
5.491000,3323.746
5.492000,3323.746
5.493000,3324.223
5.494000,3324.223
5.495000,3324.223
5.496000,3324.223
5.497000,3324.223
5.498000,3324.127
5.499000,3324.127
5.500000,3324.127
5.501000,3324.127
5.502000,3324.127
5.503000,3321.791
5.504000,3321.791
5.505000,3321.791
5.506000,3321.791
5.507000,3319.645
5.508000,3319.645
5.509000,3319.645
5.510000,3319.645
5.511000,3319.645
5.512000,3320.742
5.513000,3320.742
5.514000,3320.742
5.515000,3320.742
5.516000,3320.742
5.517000,3321.218
5.518000,3321.218
5.519000,3321.218
5.520000,3321.218
5.521000,3321.218
5.522000,3323.841
5.523000,3323.841
5.524000,3323.841
5.525000,3323.841
5.526000,3323.841
5.527000,3323.841
5.528000,3323.841
5.529000,3323.841
5.530000,3323.841
5.531000,3323.841
5.532000,3326.941
5.533000,3326.941
5.534000,3326.941
5.535000,3326.941
5.536000,12.970
5.537000,3316.212
5.538000,3316.212
5.539000,3316.212
5.540000,3316.212
5.541000,3316.212
5.542000,3318.644
5.543000,3318.644
5.544000,3318.644
5.545000,3318.644
5.546000,3318.644
5.547000,3318.691
5.548000,3318.691
5.549000,3318.691
5.550000,3318.691
5.551000,3318.691
5.552000,3320.885
5.553000,3320.885
5.554000,3320.885
5.555000,3320.885
5.556000,3320.885
5.557000,3322.983
5.558000,3322.983
5.559000,3322.983
5.560000,3322.983
5.561000,3322.983
5.562000,3323.746
5.563000,3323.746
5.564000,3323.746
5.565000,3323.746
5.566000,3323.746
5.567000,3324.556
5.568000,3324.556
5.569000,3324.556
5.570000,3324.556
5.571000,3323.889
5.572000,3323.889
5.573000,3323.889
5.574000,3323.889
5.575000,3323.889
5.576000,3321.552
5.577000,3321.552
5.578000,3321.552
5.579000,3321.552
5.580000,3321.552
5.581000,3321.266
5.582000,3321.266
5.583000,3321.266
5.584000,3321.266
5.585000,3321.266
5.586000,3319.407
5.587000,3319.407
5.588000,3319.407
5.589000,3319.407
5.590000,3319.407
5.591000,3315.926
5.592000,3315.926
5.593000,3315.926
5.594000,3315.926
5.595000,3315.926
5.596000,3316.069
5.597000,3316.069
5.598000,3316.069
5.599000,3316.069
5.600000,12.922
5.601000,3374.481
5.602000,3374.481
5.603000,3374.481
5.604000,3374.481
5.605000,3374.481
5.606000,3374.481
5.607000,3374.481
5.608000,3374.481
5.609000,3374.481
5.610000,3374.481
5.611000,3374.147
5.612000,3374.147
5.613000,3374.147
5.614000,3374.147
5.615000,3374.147
5.616000,3389.978
5.617000,3389.978
5.618000,3389.978
5.619000,3389.978
5.620000,3389.978
5.621000,3395.605
5.622000,3395.605
5.623000,3395.605
5.624000,3395.605
5.625000,3395.605
5.626000,3392.410
5.627000,3392.410
5.628000,3392.410
5.629000,3392.410
5.630000,3392.410
5.631000,3395.987
5.632000,3395.987
5.633000,3395.987
5.634000,3395.987
5.635000,0.000
5.636000,0.000
5.637000,0.000
5.638000,0.000
5.639000,0.000
5.640000,3612.185
5.641000,3612.185
5.642000,3612.185
5.643000,3612.185
5.644000,3612.185
5.645000,3611.803
5.646000,3611.803
5.647000,3611.803
5.648000,3611.803
5.649000,3611.803
5.650000,3612.471
5.651000,3612.471
5.652000,3612.471
5.653000,3612.471
5.654000,3612.471
5.655000,3625.536
5.656000,3625.536
5.657000,3625.536
5.658000,3625.536
5.659000,3625.536
5.660000,3647.375
5.661000,3647.375
5.662000,3647.375
5.663000,3647.375
5.664000,0.000
5.665000,3653.765
5.666000,3653.765
5.667000,3653.765
5.668000,3653.765
5.669000,3653.765
5.670000,0.000
5.671000,0.000
5.672000,0.000
5.673000,0.000
5.674000,0.000
5.675000,3751.850
5.676000,3751.850
5.677000,3751.850
5.678000,3751.850
5.679000,3751.850
5.680000,3785.896
5.681000,3785.896
5.682000,3785.896
5.683000,3785.896
5.684000,3785.896
5.685000,3798.485
5.686000,3798.485
5.687000,3798.485
5.688000,3798.485
5.689000,3798.485
5.690000,3796.530
5.691000,3796.530
5.692000,3796.530
5.693000,3796.530
5.694000,3796.530
5.695000,3796.196
5.696000,3796.196
5.697000,3796.196
5.698000,3796.196
5.699000,3808.928
5.700000,3808.928
5.701000,3808.928
5.702000,3808.928
5.703000,3808.928
5.704000,3810.883
5.705000,3810.883
5.706000,3810.883
5.707000,3810.883
5.708000,3810.883
5.709000,3811.216
5.710000,3811.216
5.711000,3811.216
5.712000,3811.216
5.713000,3811.216
5.714000,3799.105
5.715000,3799.105
5.716000,3799.105
5.717000,3799.105
5.718000,3799.105
5.719000,3793.478
5.720000,3793.478
5.721000,3793.478
5.722000,3793.478
5.723000,3793.478
5.724000,3793.859
5.725000,3793.859
5.726000,3793.859
5.727000,3793.859
5.728000,3793.859
5.729000,3793.859
5.730000,3793.859
5.731000,3793.859
5.732000,3624.249
5.733000,3624.249
5.734000,3624.249
5.735000,3624.249
5.736000,3624.249
5.737000,3621.817
5.738000,3621.817
5.739000,3621.817
5.740000,3621.817
5.741000,3621.817
5.742000,3607.082
5.743000,3607.082
5.744000,3607.082
5.745000,3607.082
5.746000,3607.082
5.747000,3600.168
5.748000,3600.168
5.749000,3600.168
5.750000,3600.168
5.751000,3600.168
5.752000,3588.247
5.753000,3588.247
5.754000,3588.247
5.755000,3588.247
5.756000,3588.247
5.757000,3576.708
5.758000,3576.708
5.759000,3576.708
5.760000,3576.708
5.761000,3547.192
5.762000,3547.192
5.763000,3547.192
5.764000,3547.192
5.765000,3376.818
5.766000,3376.818
5.767000,3376.818
5.768000,3376.818
5.769000,3376.818
5.770000,3369.188
5.771000,3369.188
5.772000,3369.188
5.773000,3369.188
5.774000,3369.188
5.775000,3335.190
5.776000,3335.190
5.777000,3335.190
5.778000,3335.190
5.779000,3335.190
5.780000,3321.028
5.781000,3321.028
5.782000,3321.028
5.783000,3321.028
5.784000,3321.028
5.785000,3320.169
5.786000,3320.169
5.787000,3320.169
5.788000,3320.169
5.789000,3320.169
5.790000,3319.883
5.791000,3319.883
5.792000,3319.883
5.793000,3319.883
5.794000,3328.228
5.795000,3328.228
5.796000,3328.228
5.797000,3328.228
5.798000,3328.228
5.799000,3325.701
5.800000,3325.701
5.801000,3325.701
5.802000,3325.701
5.803000,3325.701
5.804000,3323.126
5.805000,3323.126
5.806000,3323.126
5.807000,3323.126
5.808000,3323.126
5.809000,3322.983
5.810000,3322.983
5.811000,3322.983
5.812000,3322.983
5.813000,3322.983
5.814000,3322.268
5.815000,3322.268
5.816000,3322.268
5.817000,3322.268
5.818000,3322.268
5.819000,3321.600
5.820000,3321.600
5.821000,3321.600
5.822000,3321.600
5.823000,3321.600
5.824000,3319.454
5.825000,3319.454
5.826000,3319.454
5.827000,0.000
5.828000,3320.646
5.829000,3320.646
5.830000,3320.646
5.831000,3320.646
5.832000,3320.646
5.833000,3321.791
5.834000,3321.791
5.835000,3321.791
5.836000,3321.791
5.837000,3321.791
5.838000,3322.077
5.839000,3322.077
5.840000,3322.077
5.841000,3322.077
5.842000,3322.077
5.843000,3323.841
5.844000,3323.841
5.845000,3323.841
5.846000,3323.841
5.847000,3323.841
5.848000,3323.698
5.849000,3323.698
5.850000,3323.698
5.851000,3323.698
5.852000,3323.698
5.853000,3326.845
5.854000,3326.845
5.855000,3326.845
5.856000,3326.845
5.857000,3317.261
5.858000,3317.261
5.859000,3317.261
5.860000,3317.261
5.861000,3317.261
5.862000,3321.362
5.863000,3321.362
5.864000,3321.362
5.865000,3321.362
5.866000,3321.362
5.867000,3321.791
5.868000,3321.791
5.869000,3321.791
5.870000,3321.791
5.871000,3321.791
5.872000,3321.934
5.873000,3321.934
5.874000,3321.934
5.875000,3321.934
5.876000,3321.934
5.877000,3322.935
5.878000,3322.935
5.879000,3322.935
5.880000,3322.935
5.881000,3322.935
5.882000,3322.029
5.883000,3322.029
5.884000,3322.029
5.885000,3322.029
5.886000,3322.029
5.887000,3323.698
5.888000,3323.698
5.889000,3323.698
5.890000,3323.698
5.891000,3321.075
5.892000,3321.075
5.893000,3321.075
5.894000,3321.075
5.895000,3321.075
5.896000,3318.596
5.897000,3318.596
5.898000,3318.596
5.899000,3318.596
5.900000,3318.596
5.901000,3320.360
5.902000,3320.360
5.903000,3320.360
5.904000,3320.360
5.905000,3320.360
5.906000,3317.738
5.907000,3317.738
5.908000,3317.738
5.909000,3317.738
5.910000,3317.738
5.911000,3314.924
5.912000,3314.924
5.913000,3314.924
5.914000,3314.924
5.915000,3314.924
5.916000,3317.261
5.917000,3317.261
5.918000,3317.261
5.919000,3317.261
5.920000,12.922
5.921000,3323.984
5.922000,3323.984
5.923000,3323.984
5.924000,3323.984
5.925000,3323.984
5.926000,3323.555
5.927000,3323.555
5.928000,3323.555
5.929000,3323.555
5.930000,3323.555
5.931000,3322.268
5.932000,3322.268
5.933000,3322.268
5.934000,3322.268
5.935000,3322.268
5.936000,3322.315
5.937000,3322.315
5.938000,3322.315
5.939000,3322.315
5.940000,3322.315
5.941000,3319.931
5.942000,3319.931
5.943000,3319.931
5.944000,3319.931
5.945000,3319.931
5.946000,3314.829
5.947000,3314.829
5.948000,3314.829
5.949000,3314.829
5.950000,3314.829
5.951000,3315.592
5.952000,3315.592
5.953000,3315.592
5.954000,3315.592
5.955000,3322.840
5.956000,3322.840
5.957000,3322.840
5.958000,3322.840
5.959000,3322.840
5.960000,3324.842
5.961000,3324.842
5.962000,3324.842
5.963000,3324.842
5.964000,3324.842
5.965000,3328.133
5.966000,3328.133
5.967000,3328.133
5.968000,3328.133
5.969000,3328.133
5.970000,3328.133
5.971000,3328.133
5.972000,3328.133
5.973000,3328.133
5.974000,3328.133
5.975000,3325.272
5.976000,3325.272
5.977000,3325.272
5.978000,3325.272
5.979000,3325.272
5.980000,3322.649
5.981000,3322.649
5.982000,3322.649
5.983000,3322.649
5.984000,12.970
5.985000,3320.599
5.986000,3320.599
5.987000,3320.599
5.988000,3320.599
5.989000,3320.599
5.990000,3323.364
5.991000,3323.364
5.992000,3323.364
5.993000,3323.364
5.994000,3323.364
5.995000,3321.838
5.996000,3321.838
5.997000,3321.838
5.998000,3321.838
5.999000,3321.838
6.000000,3322.554
6.001000,3322.554
6.002000,3322.554
6.003000,3322.554
6.004000,3322.554
6.005000,3328.037
6.006000,3328.037
6.007000,3328.037
6.008000,3328.037
6.009000,3328.037
6.010000,3328.228
6.011000,3328.228
6.012000,3328.228
6.013000,3328.228
6.014000,3328.228
6.015000,3326.130
6.016000,3326.130
6.017000,3326.130
6.018000,3326.130
6.019000,3316.689
6.020000,3316.689
6.021000,3316.689
6.022000,3316.689
6.023000,3316.689
6.024000,3316.927
6.025000,3316.927
6.026000,3316.927
6.027000,3316.927
6.028000,3316.927
6.029000,3317.213
6.030000,3317.213
6.031000,3317.213
6.032000,3317.213
6.033000,3317.213
6.034000,3319.645
6.035000,3319.645
6.036000,3319.645
6.037000,3319.645
6.038000,3319.645
6.039000,3322.983
6.040000,3322.983
6.041000,3322.983
6.042000,3322.983
6.043000,3322.983
6.044000,3321.934
6.045000,3321.934
6.046000,3321.934
6.047000,3321.934
6.048000,12.970
6.049000,3322.697
6.050000,3322.697
6.051000,3322.697
6.052000,3322.697
6.053000,3322.697
6.054000,3317.642
6.055000,3317.642
6.056000,3317.642
6.057000,3317.642
6.058000,3317.642
6.059000,3316.355
6.060000,3316.355
6.061000,3316.355
6.062000,3316.355
6.063000,3316.355
6.064000,3317.928
6.065000,3317.928
6.066000,3317.928
6.067000,3317.928
6.068000,3317.928
6.069000,3320.265
6.070000,3320.265
6.071000,3320.265
6.072000,3320.265
6.073000,3320.265
6.074000,3319.168
6.075000,3319.168
6.076000,3319.168
6.077000,3319.168
6.078000,3319.168
6.079000,3321.218
6.080000,3321.218
6.081000,3321.218
6.082000,3321.218
6.083000,3324.080
6.084000,3324.080
6.085000,3324.080
6.086000,3324.080
6.087000,3324.080
6.088000,3322.744
6.089000,3322.744
6.090000,3322.744
6.091000,3322.744
6.092000,3322.744
6.093000,3322.506
6.094000,3322.506
6.095000,3322.506
6.096000,3322.506
6.097000,3322.506
6.098000,3320.503
6.099000,3320.503
6.100000,3320.503
6.101000,3320.503
6.102000,3320.503
6.103000,3320.646
6.104000,3320.646
6.105000,3320.646
6.106000,3320.646
6.107000,3320.646
6.108000,3320.503
6.109000,3320.503
6.110000,3320.503
6.111000,3320.503
6.112000,0.000
6.113000,3322.983
6.114000,3322.983
6.115000,3322.983
6.116000,3322.983
6.117000,3322.983
6.118000,3327.656
6.119000,3327.656
6.120000,3327.656
6.121000,3327.656
6.122000,3327.656
6.123000,3325.987
6.124000,3325.987
6.125000,3325.987
6.126000,3325.987
6.127000,3325.987
6.128000,3325.462
6.129000,3325.462
6.130000,3325.462
6.131000,3325.462
6.132000,3325.462
6.133000,3322.840
6.134000,3322.840
6.135000,3322.840
6.136000,3322.840
6.137000,3322.840
6.138000,3320.599
6.139000,3320.599
6.140000,3320.599
6.141000,3320.599
6.142000,3320.599
6.143000,3319.263
6.144000,3319.263
6.145000,3319.263
6.146000,3319.263
6.147000,3319.836
6.148000,3319.836
6.149000,3319.836
6.150000,3319.836
6.151000,3319.836
6.152000,3320.360
6.153000,3320.360
6.154000,3320.360
6.155000,3320.360
6.156000,3320.360
6.157000,3322.554
6.158000,3322.554
6.159000,3322.554
6.160000,3322.554
6.161000,3322.554
6.162000,3324.080
6.163000,3324.080
6.164000,3324.080
6.165000,3324.080
6.166000,3324.080
6.167000,3322.220
6.168000,3322.220
6.169000,3322.220
6.170000,3322.220
6.171000,3322.220
6.172000,3326.845
6.173000,3326.845
6.174000,3326.845
6.175000,3326.845
6.176000,12.970
6.177000,3316.593
6.178000,3316.593
6.179000,3316.593
6.180000,3316.593
6.181000,3316.593
6.182000,3319.216
6.183000,3319.216
6.184000,3319.216
6.185000,3319.216
6.186000,3319.216
6.187000,3319.931
6.188000,3319.931
6.189000,3319.931
6.190000,3319.931
6.191000,3319.931
6.192000,3321.314
6.193000,3321.314
6.194000,3321.314
6.195000,3321.314
6.196000,3321.314
6.197000,3323.126
6.198000,3323.126
6.199000,3323.126
6.200000,3323.126
6.201000,3323.126
6.202000,3322.077
6.203000,3322.077
6.204000,3322.077
6.205000,3322.077
6.206000,3322.077
6.207000,3324.604
6.208000,3324.604
6.209000,3324.604
6.210000,3324.604
6.211000,3323.364
6.212000,3323.364
6.213000,3323.364
6.214000,3323.364
6.215000,3323.364
6.216000,3321.457
6.217000,3321.457
6.218000,3321.457
6.219000,3321.457
6.220000,3321.457
6.221000,3321.505
6.222000,3321.505
6.223000,3321.505
6.224000,3321.505
6.225000,3321.505
6.226000,3317.404
6.227000,3317.404
6.228000,3317.404
6.229000,3317.404
6.230000,3317.404
6.231000,3316.212
6.232000,3316.212
6.233000,3316.212
6.234000,3316.212
6.235000,3316.212
6.236000,3316.689
6.237000,3316.689
6.238000,3316.689
6.239000,3316.689
6.240000,12.922
6.241000,3323.936
6.242000,3323.936
6.243000,3323.936
6.244000,3323.936
6.245000,3323.936
6.246000,3322.029
6.247000,3322.029
6.248000,3322.029
6.249000,3322.029
6.250000,3322.029
6.251000,3322.840
6.252000,3322.840
6.253000,3322.840
6.254000,3322.840
6.255000,3322.840
6.256000,3319.263
6.257000,3319.263
6.258000,3319.263
6.259000,3319.263
6.260000,3319.263
6.261000,3320.599
6.262000,3320.599
6.263000,3320.599
6.264000,3320.599
6.265000,3320.599
6.266000,3317.499
6.267000,3317.499
6.268000,3317.499
6.269000,3317.499
6.270000,3317.499
6.271000,3313.398
6.272000,3313.398
6.273000,3313.398
6.274000,3313.398
6.275000,3321.314
6.276000,3321.314
6.277000,3321.314
6.278000,3321.314
6.279000,3321.314
6.280000,3323.841
6.281000,3323.841
6.282000,3323.841
6.283000,3323.841
6.284000,3323.841
6.285000,3327.274
6.286000,3327.274
6.287000,3327.274
6.288000,3327.274
6.289000,3327.274
6.290000,3326.845
6.291000,3326.845
6.292000,3326.845
6.293000,3326.845
6.294000,3326.845
6.295000,3325.272
6.296000,3325.272
6.297000,3325.272
6.298000,3325.272
6.299000,3325.272
6.300000,3323.317
6.301000,3323.317
6.302000,3323.317
6.303000,3323.317
6.304000,12.970
6.305000,3318.596
6.306000,3318.596
6.307000,3318.596
6.308000,3318.596
6.309000,3318.596
6.310000,3319.693
6.311000,3319.693
6.312000,3319.693
6.313000,3319.693
6.314000,3319.693
6.315000,3323.460
6.316000,3323.460
6.317000,3323.460
6.318000,3323.460
6.319000,3323.460
6.320000,3322.554
6.321000,3322.554
6.322000,3322.554
6.323000,3322.554
6.324000,3322.554
6.325000,3327.513
6.326000,3327.513
6.327000,3327.513
6.328000,3327.513
6.329000,3327.513
6.330000,3327.417
6.331000,3327.417
6.332000,3327.417
6.333000,3327.417
6.334000,3327.417
6.335000,3324.556
6.336000,3324.556
6.337000,3324.556
6.338000,3324.556
6.339000,3320.551
6.340000,3320.551
6.341000,3320.551
6.342000,3320.551
6.343000,3320.551
6.344000,3313.208
6.345000,3313.208
6.346000,3313.208
6.347000,3313.208
6.348000,3313.208
6.349000,3315.210
6.350000,3315.210
6.351000,3315.210
6.352000,3315.210
6.353000,3315.210
6.354000,3318.977
6.355000,3318.977
6.356000,3318.977
6.357000,3318.977
6.358000,3318.977
6.359000,3318.787
6.360000,3318.787
6.361000,3318.787
6.362000,3318.787
6.363000,3318.787
6.364000,3317.833
6.365000,3317.833
6.366000,3317.833
6.367000,3317.833
6.368000,0.000
6.369000,3318.453
6.370000,3318.453
6.371000,3318.453
6.372000,3318.453
6.373000,3318.453
6.374000,3316.545
6.375000,3316.545
6.376000,3316.545
6.377000,3316.545
6.378000,3316.545
6.379000,3315.973
6.380000,3315.973
6.381000,3315.973
6.382000,3315.973
6.383000,3315.973
6.384000,3318.214
6.385000,3318.214
6.386000,3318.214
6.387000,3318.214
6.388000,3318.214
6.389000,3318.596
6.390000,3318.596
6.391000,3318.596
6.392000,3318.596
6.393000,3318.596
6.394000,3318.119
6.395000,3318.119
6.396000,3318.119
6.397000,3318.119
6.398000,3318.119
6.399000,3320.408
6.400000,3320.408
6.401000,3320.408
6.402000,3320.408
6.403000,3325.653
6.404000,3325.653
6.405000,3325.653
6.406000,3325.653
6.407000,3325.653
6.408000,3324.318
6.409000,3324.318
6.410000,3324.318
6.411000,3324.318
6.412000,3324.318
6.413000,3323.221
6.414000,3323.221
6.415000,3323.221
6.416000,3323.221
6.417000,3323.221
6.418000,3322.411
6.419000,3322.411
6.420000,3322.411
6.421000,3322.411
6.422000,3322.411
6.423000,3318.739
6.424000,3318.739
6.425000,3318.739
6.426000,3318.739
6.427000,3318.739
6.428000,3318.644
6.429000,3318.644
6.430000,3318.644
6.431000,3318.644
6.432000,12.922
6.433000,3325.033
6.434000,3325.033
6.435000,3325.033
6.436000,3325.033
6.437000,3325.033
6.438000,3325.081
6.439000,3325.081
6.440000,3325.081
6.441000,3325.081
6.442000,3325.081
6.443000,3322.601
6.444000,3322.601
6.445000,3322.601
6.446000,3322.601
6.447000,3322.601
6.448000,3320.837
6.449000,3320.837
6.450000,3320.837
6.451000,3320.837
6.452000,3320.837
6.453000,3319.883
6.454000,3319.883
6.455000,3319.883
6.456000,3319.883
6.457000,3319.883
6.458000,3320.551
6.459000,3320.551
6.460000,3320.551
6.461000,3320.551
6.462000,3320.551
6.463000,3313.732
6.464000,3313.732
6.465000,3313.732
6.466000,3313.732
6.467000,3322.983
6.468000,3322.983
6.469000,3322.983
6.470000,3322.983
6.471000,3322.983
6.472000,3325.510
6.473000,3325.510
6.474000,3325.510
6.475000,3325.510
6.476000,3325.510
6.477000,3324.413
6.478000,3324.413
6.479000,3324.413
6.480000,3324.413
6.481000,3324.413
6.482000,3326.988
6.483000,3326.988
6.484000,3326.988
6.485000,3326.988
6.486000,3326.988
6.487000,3321.791
6.488000,3321.791
6.489000,3321.791
6.490000,3321.791
6.491000,3321.791
6.492000,3320.837
6.493000,3320.837
6.494000,3320.837
6.495000,3320.837
6.496000,0.000
6.497000,3315.210
6.498000,3315.210
6.499000,3315.210
6.500000,3315.210
6.501000,3315.210
6.502000,3317.976
6.503000,3317.976
6.504000,3317.976
6.505000,3317.976
6.506000,3317.976
6.507000,3322.172
6.508000,3322.172
6.509000,3322.172
6.510000,3322.172
6.511000,3322.172
6.512000,3322.887
6.513000,3322.887
6.514000,3322.887
6.515000,3322.887
6.516000,3322.887
6.517000,3319.931
6.518000,3319.931
6.519000,3319.931
6.520000,3319.931
6.521000,3319.931
6.522000,3324.080
6.523000,3324.080
6.524000,3324.080
6.525000,3324.080
6.526000,3324.080
6.527000,3326.797
6.528000,3326.797
6.529000,3326.797
6.530000,3326.797
6.531000,3320.360
6.532000,3320.360
6.533000,3320.360
6.534000,3320.360
6.535000,3320.360
6.536000,3320.503
6.537000,3320.503
6.538000,3320.503
6.539000,3320.503
6.540000,3320.503
6.541000,3315.115
6.542000,3315.115
6.543000,3315.115
6.544000,3315.115
6.545000,3315.115
6.546000,3315.449
6.547000,3315.449
6.548000,3315.449
6.549000,3315.449
6.550000,3315.449
6.551000,3316.879
6.552000,3316.879
6.553000,3316.879
6.554000,3316.879
6.555000,3316.879
6.556000,3322.220
6.557000,3322.220
6.558000,3322.220
6.559000,3322.220
6.560000,0.000
6.561000,3325.748
6.562000,3325.748
6.563000,3325.748
6.564000,3325.748
6.565000,3325.748
6.566000,3322.506
6.567000,3322.506
6.568000,3322.506
6.569000,3322.506
6.570000,3322.506
6.571000,3320.742
6.572000,3320.742
6.573000,3320.742
6.574000,3320.742
6.575000,3320.742
6.576000,3317.308
6.577000,3317.308
6.578000,3317.308
6.579000,3317.308
6.580000,3317.308
6.581000,3314.924
6.582000,3314.924
6.583000,3314.924
6.584000,3314.924
6.585000,3314.924
6.586000,3316.355
6.587000,3316.355
6.588000,3316.355
6.589000,3316.355
6.590000,3316.355
6.591000,3318.930
6.592000,3318.930
6.593000,3318.930
6.594000,3318.930
6.595000,3326.178
6.596000,3326.178
6.597000,3326.178
6.598000,3326.178
6.599000,3326.178
6.600000,3328.609
6.601000,3328.609
6.602000,3328.609
6.603000,3328.609
6.604000,3328.609
6.605000,3328.085
6.606000,3328.085
6.607000,3328.085
6.608000,3328.085
6.609000,3328.085
6.610000,3324.747
6.611000,3324.747
6.612000,3324.747
6.613000,3324.747
6.614000,3324.747
6.615000,3324.556
6.616000,3324.556
6.617000,3324.556
6.618000,3324.556
6.619000,3324.556
6.620000,3315.020
6.621000,3315.020
6.622000,3315.020
6.623000,3315.020
6.624000,0.000
6.625000,3319.120
6.626000,3319.120
6.627000,3319.120
6.628000,3319.120
6.629000,3319.120
6.630000,3323.936
6.631000,3323.936
6.632000,3323.936
6.633000,3323.936
6.634000,3323.936
6.635000,3323.317
6.636000,3323.317
6.637000,3323.317
6.638000,3323.317
6.639000,3323.317
6.640000,3328.848
6.641000,3328.848
6.642000,3328.848
6.643000,3328.848
6.644000,3328.848
6.645000,3327.036
6.646000,3327.036
6.647000,3327.036
6.648000,3327.036
6.649000,3327.036
6.650000,3324.938
6.651000,3324.938
6.652000,3324.938
6.653000,3324.938
6.654000,3324.938
6.655000,3323.841
6.656000,3323.841
6.657000,3323.841
6.658000,3323.841
6.659000,3315.306
6.660000,3315.306
6.661000,3315.306
6.662000,3315.306
6.663000,3315.306
6.664000,3314.543
6.665000,3314.543
6.666000,3314.543
6.667000,3314.543
6.668000,3314.543
6.669000,3317.022
6.670000,3317.022
6.671000,3317.022
6.672000,3317.022
6.673000,3317.022
6.674000,3318.262
6.675000,3318.262
6.676000,3318.262
6.677000,3318.262
6.678000,3318.262
6.679000,3319.597
6.680000,3319.597
6.681000,3319.597
6.682000,3319.597
6.683000,3319.597
6.684000,3320.599
6.685000,3320.599
6.686000,3320.599
6.687000,3320.599
6.688000,12.970
6.689000,3320.169
6.690000,3320.169
6.691000,3320.169
6.692000,3320.169
6.693000,3320.169
6.694000,3315.163
6.695000,3315.163
6.696000,3315.163
6.697000,3315.163
6.698000,3315.163
6.699000,3316.355
6.700000,3316.355
6.701000,3316.355
6.702000,3316.355
6.703000,3316.355
6.704000,3317.499
6.705000,3317.499
6.706000,3317.499
6.707000,3317.499
6.708000,3317.499
6.709000,3318.310
6.710000,3318.310
6.711000,3318.310
6.712000,3318.310
6.713000,3318.310
6.714000,3321.028
6.715000,3321.028
6.716000,3321.028
6.717000,3321.028
6.718000,3321.028
6.719000,3320.789
6.720000,3320.789
6.721000,3320.789
6.722000,3320.789
6.723000,3323.984
6.724000,3323.984
6.725000,3323.984
6.726000,3323.984
6.727000,3323.984
6.728000,3324.366
6.729000,3324.366
6.730000,3324.366
6.731000,3324.366
6.732000,3324.366
6.733000,3323.126
6.734000,3323.126
6.735000,3323.126
6.736000,3323.126
6.737000,3323.126
6.738000,3321.171
6.739000,3321.171
6.740000,3321.171
6.741000,3321.171
6.742000,3321.171
6.743000,3319.979
6.744000,3319.979
6.745000,3319.979
6.746000,3319.979
6.747000,3319.979
6.748000,3317.165
6.749000,3317.165
6.750000,3317.165
6.751000,3317.165
6.752000,0.000
6.753000,3318.548
6.754000,3318.548
6.755000,3318.548
6.756000,3318.548
6.757000,3318.548
6.758000,3326.559
6.759000,3326.559
6.760000,3326.559
6.761000,3326.559
6.762000,3326.559
6.763000,3322.840
6.764000,3322.840
6.765000,3322.840
6.766000,3322.840
6.767000,3322.840
6.768000,3322.840
6.769000,3322.840
6.770000,3322.840
6.771000,3322.840
6.772000,3322.840
6.773000,3322.792
6.774000,3322.792
6.775000,3322.792
6.776000,3322.792
6.777000,3322.792
6.778000,3320.408
6.779000,3320.408
6.780000,3320.408
6.781000,3320.408
6.782000,3320.408
6.783000,3320.122
6.784000,3320.122
6.785000,3320.122
6.786000,3320.122
6.787000,3319.407
6.788000,3319.407
6.789000,3319.407
6.790000,3319.407
6.791000,3319.407
6.792000,3319.454
6.793000,3319.454
6.794000,3319.454
6.795000,3319.454
6.796000,3319.454
6.797000,3321.552
6.798000,3321.552
6.799000,3321.552
6.800000,3321.552
6.801000,3321.552
6.802000,3325.272
6.803000,3325.272
6.804000,3325.272
6.805000,3325.272
6.806000,3325.272
6.807000,3324.318
6.808000,3324.318
6.809000,3324.318
6.810000,3324.318
6.811000,3324.318
6.812000,3327.179
6.813000,3327.179
6.814000,3327.179
6.815000,3327.179
6.816000,12.970
6.817000,3314.543
6.818000,3314.543
6.819000,3314.543
6.820000,3314.543
6.821000,3314.543
6.822000,3317.404
6.823000,3317.404
6.824000,3317.404
6.825000,3317.404
6.826000,3317.404
6.827000,3318.691
6.828000,3318.691
6.829000,3318.691
6.830000,3318.691
6.831000,3318.691
6.832000,3319.359
6.833000,3319.359
6.834000,3319.359
6.835000,3319.359
6.836000,3319.359
6.837000,3321.648
6.838000,3321.648
6.839000,3321.648
6.840000,3321.648
6.841000,3321.648
6.842000,3323.936
6.843000,3323.936
6.844000,3323.936
6.845000,3323.936
6.846000,3323.936
6.847000,3323.078
6.848000,3323.078
6.849000,3323.078
6.850000,3323.078
6.851000,3321.314
6.852000,3321.314
6.853000,3321.314
6.854000,3321.314
6.855000,3321.314
6.856000,3319.454
6.857000,3319.454
6.858000,3319.454
6.859000,3319.454
6.860000,3319.454
6.861000,3319.025
6.862000,3319.025
6.863000,3319.025
6.864000,3319.025
6.865000,3319.025
6.866000,3314.400
6.867000,3314.400
6.868000,3314.400
6.869000,3314.400
6.870000,3314.400
6.871000,3314.257
6.872000,3314.257
6.873000,3314.257
6.874000,3314.257
6.875000,3314.257
6.876000,3317.928
6.877000,3317.928
6.878000,3317.928
6.879000,3317.928
6.880000,12.970
6.881000,3323.984
6.882000,3323.984
6.883000,3323.984
6.884000,3323.984
6.885000,3323.984
6.886000,3321.791
6.887000,3321.791
6.888000,3321.791
6.889000,3321.791
6.890000,3321.791
6.891000,3317.785
6.892000,3317.785
6.893000,3317.785
6.894000,3317.785
6.895000,3317.785
6.896000,3319.454
6.897000,3319.454
6.898000,3319.454
6.899000,3319.454
6.900000,3319.454
6.901000,3315.020
6.902000,3315.020
6.903000,3315.020
6.904000,3315.020
6.905000,3315.020
6.906000,3313.875
6.907000,3313.875
6.908000,3313.875
6.909000,3313.875
6.910000,3313.875
6.911000,3316.259
6.912000,3316.259
6.913000,3316.259
6.914000,3316.259
6.915000,3323.650
6.916000,3323.650
6.917000,3323.650
6.918000,3323.650
6.919000,3323.650
6.920000,3325.272
6.921000,3325.272
6.922000,3325.272
6.923000,3325.272
6.924000,3325.272
6.925000,3328.705
6.926000,3328.705
6.927000,3328.705
6.928000,3328.705
6.929000,3328.705
6.930000,3327.179
6.931000,3327.179
6.932000,3327.179
6.933000,3327.179
6.934000,3327.179
6.935000,3325.272
6.936000,3325.272
6.937000,3325.272
6.938000,3325.272
6.939000,3325.272
6.940000,3322.983
6.941000,3322.983
6.942000,3322.983
6.943000,3322.983
6.944000,12.970
6.945000,3320.646
6.946000,3320.646
6.947000,3320.646
6.948000,3320.646
6.949000,3320.646
6.950000,3320.980
6.951000,3320.980
6.952000,3320.980
6.953000,3320.980
6.954000,3320.980
6.955000,3321.505
6.956000,3321.505
6.957000,3321.505
6.958000,3321.505
6.959000,3321.505
6.960000,3325.891
6.961000,3325.891
6.962000,3325.891
6.963000,3325.891
6.964000,3325.891
6.965000,3326.893
6.966000,3326.893
6.967000,3326.893
6.968000,3326.893
6.969000,3326.893
6.970000,3325.701
6.971000,3325.701
6.972000,3325.701
6.973000,3325.701
6.974000,3325.701
6.975000,3323.650
6.976000,3323.650
6.977000,3323.650
6.978000,3323.650
6.979000,3315.496
6.980000,3315.496
6.981000,3315.496
6.982000,3315.496
6.983000,3315.496
6.984000,3318.834
6.985000,3318.834
6.986000,3318.834
6.987000,3318.834
6.988000,3318.834
6.989000,3320.169
6.990000,3320.169
6.991000,3320.169
6.992000,3320.169
6.993000,3320.169
6.994000,3319.597
6.995000,3319.597
6.996000,3319.597
6.997000,3319.597
6.998000,3319.597
6.999000,3320.885
7.000000,3320.885
7.001000,3320.885
7.002000,3320.885
7.003000,3320.885
7.004000,3327.036
7.005000,3327.036
7.006000,3327.036
7.007000,3327.036
7.008000,0.000
7.009000,3323.030
7.010000,3323.030
7.011000,3323.030
7.012000,3323.030
7.013000,3323.030
7.014000,3315.973
7.015000,3315.973
7.016000,3315.973
7.017000,3315.973
7.018000,3315.973
7.019000,3314.734
7.020000,3314.734
7.021000,3314.734
7.022000,3314.734
7.023000,3314.734
7.024000,3315.735
7.025000,3315.735
7.026000,3315.735
7.027000,3315.735
7.028000,3315.735
7.029000,3319.073
7.030000,3319.073
7.031000,3319.073
7.032000,3319.073
7.033000,3319.073
7.034000,3320.932
7.035000,3320.932
7.036000,3320.932
7.037000,3320.932
7.038000,3320.932
7.039000,3320.932
7.040000,3320.932
7.041000,3320.932
7.042000,3320.932
7.043000,3324.938
7.044000,3324.938
7.045000,3324.938
7.046000,3324.938
7.047000,3324.938
7.048000,3323.078
7.049000,3323.078
7.050000,3323.078
7.051000,3323.078
7.052000,3323.078
7.053000,3324.080
7.054000,3324.080
7.055000,3324.080
7.056000,3324.080
7.057000,3324.080
7.058000,3322.983
7.059000,3322.983
7.060000,3322.983
7.061000,3322.983
7.062000,3322.983
7.063000,3320.074
7.064000,3320.074
7.065000,3320.074
7.066000,3320.074
7.067000,3320.074
7.068000,3320.122
7.069000,3320.122
7.070000,3320.122
7.071000,3320.122
7.072000,12.922
7.073000,3326.654
7.074000,3326.654
7.075000,3326.654
7.076000,3326.654
7.077000,3326.654
7.078000,3324.318
7.079000,3324.318
7.080000,3324.318
7.081000,3324.318
7.082000,3324.318
7.083000,3322.124
7.084000,3322.124
7.085000,3322.124
7.086000,3322.124
7.087000,3322.124
7.088000,3321.695
7.089000,3321.695
7.090000,3321.695
7.091000,3321.695
7.092000,3321.695
7.093000,3322.792
7.094000,3322.792
7.095000,3322.792
7.096000,3322.792
7.097000,3322.792
7.098000,3322.601
7.099000,3322.601
7.100000,3322.601
7.101000,3322.601
7.102000,3322.601
7.103000,3320.980
7.104000,3320.980
7.105000,3320.980
7.106000,3320.980
7.107000,3320.265
7.108000,3320.265
7.109000,3320.265
7.110000,3320.265
7.111000,3320.265
7.112000,3321.934
7.113000,3321.934
7.114000,3321.934
7.115000,3321.934
7.116000,3321.934
7.117000,3322.411
7.118000,3322.411
7.119000,3322.411
7.120000,3322.411
7.121000,3322.411
7.122000,3323.936
7.123000,3323.936
7.124000,3323.936
7.125000,3323.936
7.126000,3323.936
7.127000,3327.417
7.128000,3327.417
7.129000,3327.417
7.130000,3327.417
7.131000,3327.417
7.132000,3327.417
7.133000,3327.417
7.134000,3327.417
7.135000,3327.417
7.136000,12.970
7.137000,3319.359
7.138000,3319.359
7.139000,3319.359
7.140000,3319.359
7.141000,3319.359
7.142000,3319.740
7.143000,3319.740
7.144000,3319.740
7.145000,3319.740
7.146000,3319.740
7.147000,3318.501
7.148000,3318.501
7.149000,3318.501
7.150000,3318.501
7.151000,3318.501
7.152000,3320.837
7.153000,3320.837
7.154000,3320.837
7.155000,3320.837
7.156000,3320.837
7.157000,3322.315
7.158000,3322.315
7.159000,3322.315
7.160000,3322.315
7.161000,3322.315
7.162000,3325.272
7.163000,3325.272
7.164000,3325.272
7.165000,3325.272
7.166000,3325.272
7.167000,3328.896
7.168000,3328.896
7.169000,3328.896
7.170000,3328.896
7.171000,3320.503
7.172000,3320.503
7.173000,3320.503
7.174000,3320.503
7.175000,3320.503
7.176000,3319.931
7.177000,3319.931
7.178000,3319.931
7.179000,3319.931
7.180000,3319.931
7.181000,3314.400
7.182000,3314.400
7.183000,3314.400
7.184000,3314.400
7.185000,3314.400
7.186000,3314.257
7.187000,3314.257
7.188000,3314.257
7.189000,3314.257
7.190000,3314.257
7.191000,3317.261
7.192000,3317.261
7.193000,3317.261
7.194000,3317.261
7.195000,3317.261
7.196000,3322.172
7.197000,3322.172
7.198000,3322.172
7.199000,3322.172
7.200000,0.000
7.201000,3328.228
7.202000,3328.228
7.203000,3328.228
7.204000,3328.228
7.205000,3328.228
7.206000,3318.548
7.207000,3318.548
7.208000,3318.548
7.209000,3318.548
7.210000,3318.548
7.211000,3319.168
7.212000,3319.168
7.213000,3319.168
7.214000,3319.168
7.215000,3319.168
7.216000,3315.735
7.217000,3315.735
7.218000,3315.735
7.219000,3315.735
7.220000,3315.735
7.221000,3314.686
7.222000,3314.686
7.223000,3314.686
7.224000,3314.686
7.225000,3314.686
7.226000,3316.736
7.227000,3316.736
7.228000,3316.736
7.229000,3316.736
7.230000,3316.736
7.231000,3318.787
7.232000,3318.787
7.233000,3318.787
7.234000,3318.787
7.235000,3326.082
7.236000,3326.082
7.237000,3326.082
7.238000,3326.082
7.239000,3326.082
7.240000,3328.037
7.241000,3328.037
7.242000,3328.037
7.243000,3328.037
7.244000,3328.037
7.245000,3327.370
7.246000,3327.370
7.247000,3327.370
7.248000,3327.370
7.249000,3327.370
7.250000,3324.366
7.251000,3324.366
7.252000,3324.366
7.253000,3324.366
7.254000,3324.366
7.255000,3321.791
7.256000,3321.791
7.257000,3321.791
7.258000,3321.791
7.259000,3321.791
7.260000,3315.973
7.261000,3315.973
7.262000,3315.973
7.263000,3315.973
7.264000,0.000
7.265000,3319.407
7.266000,3319.407
7.267000,3319.407
7.268000,3319.407
7.269000,3319.407
7.270000,3324.032
7.271000,3324.032
7.272000,3324.032
7.273000,3324.032
7.274000,3324.032
7.275000,3329.945
7.276000,3329.945
7.277000,3329.945
7.278000,3329.945
7.279000,3329.945
7.280000,3329.182
7.281000,3329.182
7.282000,3329.182
7.283000,3329.182
7.284000,3329.182
7.285000,3323.460
7.286000,3323.460
7.287000,3323.460
7.288000,3323.460
7.289000,3323.460
7.290000,3322.029
7.291000,3322.029
7.292000,3322.029
7.293000,3322.029
7.294000,3322.029
7.295000,3323.030
7.296000,3323.030
7.297000,3323.030
7.298000,3323.030
7.299000,3313.255
7.300000,3313.255
7.301000,3313.255
7.302000,3313.255
7.303000,3313.255
7.304000,3318.071
7.305000,3318.071
7.306000,3318.071
7.307000,3318.071
7.308000,3318.071
7.309000,3319.836
7.310000,3319.836
7.311000,3319.836
7.312000,3319.836
7.313000,3319.836
7.314000,3318.357
7.315000,3318.357
7.316000,3318.357
7.317000,3318.357
7.318000,3318.357
7.319000,3319.168
7.320000,3319.168
7.321000,3319.168
7.322000,3319.168
7.323000,3319.168
7.324000,3375.483
7.325000,3375.483
7.326000,3375.483
7.327000,3375.483
7.328000,0.000
7.329000,3377.056
7.330000,3377.056
7.331000,3377.056
7.332000,3377.056
7.333000,3377.056
7.334000,3521.872
7.335000,3521.872
7.336000,3521.872
7.337000,3521.872
7.338000,3521.872
7.339000,3527.260
7.340000,3527.260
7.341000,3527.260
7.342000,3527.260
7.343000,3527.260
7.344000,3531.361
7.345000,3531.361
7.346000,3531.361
7.347000,3531.361
7.348000,3531.361
7.349000,3540.611
7.350000,3540.611
7.351000,3540.611
7.352000,3540.611
7.353000,3540.611
7.354000,3573.751
7.355000,3573.751
7.356000,3573.751
7.357000,3573.751
7.358000,3573.751
7.359000,3582.382
7.360000,3582.382
7.361000,3582.382
7.362000,3582.382
7.363000,3514.671
7.364000,3514.671
7.365000,3514.671
7.366000,3514.671
7.367000,3514.671
7.368000,3513.718
7.369000,3513.718
7.370000,3513.718
7.371000,3513.718
7.372000,3513.718
7.373000,3513.241
7.374000,3513.241
7.375000,3513.241
7.376000,3513.241
7.377000,3513.241
7.378000,3511.953
7.379000,3511.953
7.380000,3511.953
7.381000,3511.953
7.382000,3511.953
7.383000,3504.848
7.384000,3504.848
7.385000,3504.848
7.386000,3504.848
7.387000,3504.848
7.388000,3490.257
7.389000,3490.257
7.390000,3490.257
7.391000,3490.257
7.392000,13.590
7.393000,3326.321
7.394000,3326.321
7.395000,3326.321
7.396000,3326.321
7.397000,3326.321
7.398000,3327.036
7.399000,3327.036
7.400000,3327.036
7.401000,3327.036
7.402000,3327.036
7.403000,3325.748
7.404000,3325.748
7.405000,3325.748
7.406000,3325.748
7.407000,3325.748
7.408000,3323.364
7.409000,3323.364
7.410000,3323.364
7.411000,3323.364
7.412000,3323.364
7.413000,3323.460
7.414000,3323.460
7.415000,3323.460
7.416000,3323.460
7.417000,3323.460
7.418000,3322.601
7.419000,3322.601
7.420000,3322.601
7.421000,3322.601
7.422000,3322.601
7.423000,3320.122
7.424000,3320.122
7.425000,3320.122
7.426000,3320.122
7.427000,3317.976
7.428000,3317.976
7.429000,3317.976
7.430000,3317.976
7.431000,3317.976
7.432000,3319.788
7.433000,3319.788
7.434000,3319.788
7.435000,3319.788
7.436000,3319.788
7.437000,3322.554
7.438000,3322.554
7.439000,3322.554
7.440000,3322.554
7.441000,3322.554
7.442000,3321.552
7.443000,3321.552
7.444000,3321.552
7.445000,3321.552
7.446000,3321.552
7.447000,3323.603
7.448000,3323.603
7.449000,3323.603
7.450000,3323.603
7.451000,3323.603
7.452000,3326.225
7.453000,3326.225
7.454000,3326.225
7.455000,3326.225
7.456000,6.485
7.457000,3313.589
7.458000,3313.589
7.459000,3313.589
7.460000,3313.589
7.461000,3313.589
7.462000,3317.547
7.463000,3317.547
7.464000,3317.547
7.465000,3317.547
7.466000,3317.547
7.467000,3318.834
7.468000,3318.834
7.469000,3318.834
7.470000,3318.834
7.471000,3318.834
7.472000,3318.453
7.473000,3318.453
7.474000,3318.453
7.475000,3318.453
7.476000,3318.453
7.477000,3321.314
7.478000,3321.314
7.479000,3321.314
7.480000,3321.314
7.481000,3321.314
7.482000,3322.983
7.483000,3322.983
7.484000,3322.983
7.485000,3322.983
7.486000,3322.983
7.487000,3321.934
7.488000,3321.934
7.489000,3321.934
7.490000,3321.934
7.491000,3255.796
7.492000,3255.796
7.493000,3255.796
7.494000,3255.796
7.495000,3255.796
7.496000,3246.021
7.497000,3246.021
7.498000,3246.021
7.499000,3246.021
7.500000,3246.021
7.501000,3230.715
7.502000,3230.715
7.503000,3230.715
7.504000,3230.715
7.505000,3230.715
7.506000,3226.471
7.507000,3226.471
7.508000,3226.471
7.509000,3226.471
7.510000,3226.471
7.511000,3220.701
7.512000,3220.701
7.513000,3220.701
7.514000,3220.701
7.515000,3220.701
7.516000,3213.215
7.517000,3213.215
7.518000,3213.215
7.519000,3213.215
7.520000,0.000
7.521000,4642.200
7.522000,4642.200
7.523000,4642.200
7.524000,4642.200
7.525000,4642.200
7.526000,4691.172
7.527000,4691.172
7.528000,4691.172
7.529000,4691.172
7.530000,4691.172
7.531000,4797.649
7.532000,4797.649
7.533000,4797.649
7.534000,4797.649
7.535000,4797.649
7.536000,4788.589
7.537000,4788.589
7.538000,4788.589
7.539000,4788.589
7.540000,4788.589
7.541000,4681.826
7.542000,4681.826
7.543000,4681.826
7.544000,4681.826
7.545000,4681.826
7.546000,4631.233
7.547000,4631.233
7.548000,4631.233
7.549000,4631.233
7.550000,4631.233
7.551000,4545.355
7.552000,4545.355
7.553000,4545.355
7.554000,4545.355
7.555000,3141.117
7.556000,3141.117
7.557000,3141.117
7.558000,3141.117
7.559000,3141.117
7.560000,3146.553
7.561000,3146.553
7.562000,3146.553
7.563000,3146.553
7.564000,3146.553
7.565000,3159.809
7.566000,3159.809
7.567000,3159.809
7.568000,3159.809
7.569000,3159.809
7.570000,3166.580
7.571000,3166.580
7.572000,3166.580
7.573000,3166.580
7.574000,3166.580
7.575000,3182.602
7.576000,3182.602
7.577000,3182.602
7.578000,3182.602
7.579000,3182.602
7.580000,3227.615
7.581000,3227.615
7.582000,3227.615
7.583000,3227.615
7.584000,0.000
7.585000,3253.174
7.586000,3253.174
7.587000,3253.174
7.588000,3253.174
7.589000,3253.174
7.590000,3324.556
7.591000,3324.556
7.592000,3324.556
7.593000,3324.556
7.594000,3324.556
7.595000,3327.942
7.596000,3327.942
7.597000,3327.942
7.598000,3327.942
7.599000,3327.942
7.600000,3326.845
7.601000,3326.845
7.602000,3326.845
7.603000,3326.845
7.604000,3326.845
7.605000,3323.460
7.606000,3323.460
7.607000,3323.460
7.608000,3323.460
7.609000,3323.460
7.610000,3325.224
7.611000,3325.224
7.612000,3325.224
7.613000,3325.224
7.614000,3325.224
7.615000,3323.698
7.616000,3323.698
7.617000,3323.698
7.618000,3323.698
7.619000,0.000
7.620000,0.000
7.621000,0.000
7.622000,0.000
7.623000,0.000
7.624000,3321.218
7.625000,3321.218
7.626000,3321.218
7.627000,3321.218
7.628000,3321.218
7.629000,3321.648
7.630000,3321.648
7.631000,3321.648
7.632000,3321.648
7.633000,3321.648
7.634000,3320.694
7.635000,3320.694
7.636000,3320.694
7.637000,3320.694
7.638000,3320.694
7.639000,3321.362
7.640000,3321.362
7.641000,3321.362
7.642000,3321.362
7.643000,3321.362
7.644000,3326.035
7.645000,3326.035
7.646000,3326.035
7.647000,3326.035
7.648000,1663.017
7.649000,3321.648
7.650000,3321.648
7.651000,3321.648
7.652000,3321.648
7.653000,3321.648
7.654000,3314.877
7.655000,3314.877
7.656000,3314.877
7.657000,3314.877
7.658000,3314.877
7.659000,3316.307
7.660000,3316.307
7.661000,3316.307
7.662000,3316.307
7.663000,3316.307
7.664000,3318.739
7.665000,3318.739
7.666000,3318.739
7.667000,3318.739
7.668000,3318.739
7.669000,3320.026
7.670000,3320.026
7.671000,3320.026
7.672000,3320.026
7.673000,3320.026
7.674000,3320.217
7.675000,3320.217
7.676000,3320.217
7.677000,3320.217
7.678000,3320.217
7.679000,3320.313
7.680000,3320.313
7.681000,3320.313
7.682000,3320.313
7.683000,3324.986
7.684000,3324.986
7.685000,3324.986
7.686000,3324.986
7.687000,3324.986
7.688000,3323.460
7.689000,3323.460
7.690000,3323.460
7.691000,3323.460
7.692000,3323.460
7.693000,3323.317
7.694000,3323.317
7.695000,3323.317
7.696000,3323.317
7.697000,3323.317
7.698000,3322.601
7.699000,3322.601
7.700000,3322.601
7.701000,3322.601
7.702000,3322.601
7.703000,3320.313
7.704000,3320.313
7.705000,3320.313
7.706000,3320.313
7.707000,3320.313
7.708000,3321.028
7.709000,3321.028
7.710000,3321.028
7.711000,3321.028
7.712000,12.922
7.713000,3327.703
7.714000,3327.703
7.715000,3327.703
7.716000,3327.703
7.717000,3327.703
7.718000,3325.081
7.719000,3325.081
7.720000,3325.081
7.721000,3325.081
7.722000,3325.081
7.723000,3323.889
7.724000,3323.889
7.725000,3323.889
7.726000,3323.889
7.727000,3323.889
7.728000,3323.078
7.729000,3323.078
7.730000,3323.078
7.731000,3323.078
7.732000,3323.078
7.733000,3321.552
7.734000,3321.552
7.735000,3321.552
7.736000,3321.552
7.737000,3321.552
7.738000,3321.934
7.739000,3321.934
7.740000,3321.934
7.741000,3321.934
7.742000,3321.934
7.743000,3321.648
7.744000,3321.648
7.745000,3321.648
7.746000,3321.648
7.747000,3415.346
7.748000,3415.346
7.749000,3415.346
7.750000,3415.346
7.751000,3415.346
7.752000,3418.398
7.753000,3418.398
7.754000,3418.398
7.755000,3418.398
7.756000,3418.398
7.757000,3430.271
7.758000,3430.271
7.759000,3430.271
7.760000,3430.271
7.761000,3430.271
7.762000,3459.406
7.763000,3459.406
7.764000,3459.406
7.765000,3459.406
7.766000,3459.406
7.767000,3466.606
7.768000,3466.606
7.769000,3466.606
7.770000,3466.606
7.771000,3466.606
7.772000,3471.565
7.773000,3471.565
7.774000,3471.565
7.775000,3471.565
7.776000,3.386
7.777000,3645.325
7.778000,3645.325
7.779000,3645.325
7.780000,3645.325
7.781000,3645.325
7.782000,3658.104
7.783000,3658.104
7.784000,3658.104
7.785000,3658.104
7.786000,3658.104
7.787000,3689.861
7.788000,3689.861
7.789000,3689.861
7.790000,3689.861
7.791000,3689.861
7.792000,3697.681
7.793000,3697.681
7.794000,3697.681
7.795000,3697.681
7.796000,3697.681
7.797000,3697.777
7.798000,3697.777
7.799000,3697.777
7.800000,3697.777
7.801000,3697.777
7.802000,3698.826
7.803000,3698.826
7.804000,3698.826
7.805000,3698.826
7.806000,3698.826
7.807000,3699.970
7.808000,3699.970
7.809000,3699.970
7.810000,3699.970
7.811000,3795.481
7.812000,3795.481
7.813000,3795.481
7.814000,3795.481
7.815000,3795.481
7.816000,3791.904
7.817000,3791.904
7.818000,3791.904
7.819000,3791.904
7.820000,3791.904
7.821000,3790.522
7.822000,3790.522
7.823000,3790.522
7.824000,3790.522
7.825000,3790.522
7.826000,3789.043
7.827000,3789.043
7.828000,3789.043
7.829000,3789.043
7.830000,3789.043
7.831000,3786.516
7.832000,3786.516
7.833000,3786.516
7.834000,3786.516
7.835000,3786.516
7.836000,3791.332
7.837000,3791.332
7.838000,3791.332
7.839000,3791.332
7.840000,0.000
7.841000,3748.655
7.842000,3748.655
7.843000,3748.655
7.844000,3748.655
7.845000,3748.655
7.846000,3747.559
7.847000,3747.559
7.848000,3747.559
7.849000,3747.559
7.850000,3747.559
7.851000,3746.223
7.852000,3746.223
7.853000,3746.223
7.854000,3746.223
7.855000,3746.223
7.856000,3740.358
7.857000,3740.358
7.858000,3740.358
7.859000,3740.358
7.860000,3740.358
7.861000,3723.860
7.862000,3723.860
7.863000,3723.860
7.864000,3723.860
7.865000,3723.860
7.866000,3717.041
7.867000,3717.041
7.868000,3717.041
7.869000,3717.041
7.870000,3717.041
7.871000,3715.801
7.872000,3715.801
7.873000,3715.801
7.874000,3715.801
7.875000,3543.043
7.876000,3543.043
7.877000,3543.043
7.878000,3543.043
7.879000,3543.043
7.880000,3534.651
7.881000,3534.651
7.882000,3534.651
7.883000,3534.651
7.884000,3534.651
7.885000,3541.279
7.886000,3541.279
7.887000,3541.279
7.888000,3541.279
7.889000,3541.279
7.890000,3537.226
7.891000,3537.226
7.892000,3537.226
7.893000,3537.226
7.894000,3537.226
7.895000,3518.963
7.896000,3518.963
7.897000,3518.963
7.898000,3518.963
7.899000,3518.963
7.900000,3508.282
7.901000,3508.282
7.902000,3508.282
7.903000,3508.282
7.904000,0.000
7.905000,3324.080
7.906000,3324.080
7.907000,3324.080
7.908000,3324.080
7.909000,3324.080
7.910000,3322.792
7.911000,3322.792
7.912000,3322.792
7.913000,3322.792
7.914000,3322.792
7.915000,3325.605
7.916000,3325.605
7.917000,3325.605
7.918000,3325.605
7.919000,3325.605
7.920000,3328.371
7.921000,3328.371
7.922000,3328.371
7.923000,3328.371
7.924000,3328.371
7.925000,3327.036
7.926000,3327.036
7.927000,3327.036
7.928000,3327.036
7.929000,3327.036
7.930000,3324.318
7.931000,3324.318
7.932000,3324.318
7.933000,3324.318
7.934000,3324.318
7.935000,3324.461
7.936000,3324.461
7.937000,3324.461
7.938000,3324.461
7.939000,3311.825
7.940000,3311.825
7.941000,3311.825
7.942000,3311.825
7.943000,3311.825
7.944000,3314.924
7.945000,3314.924
7.946000,3314.924
7.947000,3314.924
7.948000,3314.924
7.949000,3318.548
7.950000,3318.548
7.951000,3318.548
7.952000,3318.548
7.953000,3318.548
7.954000,3319.216
7.955000,3319.216
7.956000,3319.216
7.957000,3319.216
7.958000,3319.216
7.959000,3318.596
7.960000,3318.596
7.961000,3318.596
7.962000,3318.596
7.963000,3318.596
7.964000,3322.887
7.965000,3322.887
7.966000,3322.887
7.967000,3322.887
7.968000,12.970
7.969000,3320.503
7.970000,3320.503
7.971000,3320.503
7.972000,3320.503
7.973000,3320.503
7.974000,3319.454
7.975000,3319.454
7.976000,3319.454
7.977000,3319.454
7.978000,3319.454
7.979000,3313.303
7.980000,3313.303
7.981000,3313.303
7.982000,3313.303
7.983000,3313.303
7.984000,3314.495
7.985000,3314.495
7.986000,3314.495
7.987000,3314.495
7.988000,3314.495
7.989000,3317.308
7.990000,3317.308
7.991000,3317.308
7.992000,3317.308
7.993000,3317.308
7.994000,3318.119
7.995000,3318.119
7.996000,3318.119
7.997000,3318.119
7.998000,3318.119
7.999000,3318.214
8.000000,3318.214
8.001000,3318.214
8.002000,3318.214
8.003000,3323.984
8.004000,3323.984
8.005000,3323.984
8.006000,3323.984
8.007000,3323.984
8.008000,3322.029
8.009000,3322.029
8.010000,3322.029
8.011000,3322.029
8.012000,3322.029
8.013000,3323.030
8.014000,3323.030
8.015000,3323.030
8.016000,3323.030
8.017000,3323.030
8.018000,3321.362
8.019000,3321.362
8.020000,3321.362
8.021000,3321.362
8.022000,3321.362
8.023000,3320.551
8.024000,3320.551
8.025000,3320.551
8.026000,3320.551
8.027000,3320.551
8.028000,3321.314
8.029000,3321.314
8.030000,3321.314
8.031000,3321.314
8.032000,12.922
8.033000,3327.322
8.034000,3327.322
8.035000,3327.322
8.036000,3327.322
8.037000,3327.322
8.038000,3327.942
8.039000,3327.942
8.040000,3327.942
8.041000,3327.942
8.042000,3327.942
8.043000,3325.701
8.044000,3325.701
8.045000,3325.701
8.046000,3325.701
8.047000,3325.701
8.048000,3325.510
8.049000,3325.510
8.050000,3325.510
8.051000,3325.510
8.052000,3325.510
8.053000,3324.175
8.054000,3324.175
8.055000,3324.175
8.056000,3324.175
8.057000,3324.175
8.058000,3322.983
8.059000,3322.983
8.060000,3322.983
8.061000,3322.983
8.062000,3322.983
8.063000,3320.169
8.064000,3320.169
8.065000,3320.169
8.066000,3320.169
8.067000,3320.122
8.068000,3320.122
8.069000,3320.122
8.070000,3320.122
8.071000,3320.122
8.072000,3321.934
8.073000,3321.934
8.074000,3321.934
8.075000,3321.934
8.076000,3321.934
8.077000,3321.362
8.078000,3321.362
8.079000,3321.362
8.080000,3321.362
8.081000,3321.362
8.082000,3323.364
8.083000,3323.364
8.084000,3323.364
8.085000,3323.364
8.086000,3323.364
8.087000,3325.176
8.088000,3325.176
8.089000,3325.176
8.090000,3325.176
8.091000,3325.176
8.092000,3326.750
8.093000,3326.750
8.094000,3326.750
8.095000,3326.750
8.096000,12.970
8.097000,3317.213
8.098000,3317.213
8.099000,3317.213
8.100000,3317.213
8.101000,3317.213
8.102000,3318.262
8.103000,3318.262
8.104000,3318.262
8.105000,3318.262
8.106000,3318.262
8.107000,3317.642
8.108000,3317.642
8.109000,3317.642
8.110000,3317.642
8.111000,3317.642
8.112000,3321.743
8.113000,3321.743
8.114000,3321.743
8.115000,3321.743
8.116000,3321.743
8.117000,3323.317
8.118000,3323.317
8.119000,3323.317
8.120000,3323.317
8.121000,3323.317
8.122000,3322.792
8.123000,3322.792
8.124000,3322.792
8.125000,3322.792
8.126000,3322.792
8.127000,3325.653
8.128000,3325.653
8.129000,3325.653
8.130000,3325.653
8.131000,3321.075
8.132000,3321.075
8.133000,3321.075
8.134000,3321.075
8.135000,3321.075
8.136000,3320.026
8.137000,3320.026
8.138000,3320.026
8.139000,3320.026
8.140000,3320.026
8.141000,3319.645
8.142000,3319.645
8.143000,3319.645
8.144000,3319.645
8.145000,3319.645
8.146000,3314.161
8.147000,3314.161
8.148000,3314.161
8.149000,3314.161
8.150000,3314.161
8.151000,3314.972
8.152000,3314.972
8.153000,3314.972
8.154000,3314.972
8.155000,3314.972
8.156000,3318.357
8.157000,3318.357
8.158000,3318.357
8.159000,3318.357
8.160000,12.922
8.161000,3321.886
8.162000,3321.886
8.163000,3321.886
8.164000,3321.886
8.165000,3321.886
8.166000,3321.314
8.167000,3321.314
8.168000,3321.314
8.169000,3321.314
8.170000,3321.314
8.171000,3320.169
8.172000,3320.169
8.173000,3320.169
8.174000,3320.169
8.175000,3320.169
8.176000,3320.265
8.177000,3320.265
8.178000,3320.265
8.179000,3320.265
8.180000,3320.265
8.181000,3315.973
8.182000,3315.973
8.183000,3315.973
8.184000,3315.973
8.185000,3315.973
8.186000,3315.353
8.187000,3315.353
8.188000,3315.353
8.189000,3315.353
8.190000,3315.353
8.191000,3316.021
8.192000,3316.021
8.193000,3316.021
8.194000,3316.021
8.195000,3327.322
8.196000,3327.322
8.197000,3327.322
8.198000,3327.322
8.199000,3327.322
8.200000,3328.514
8.201000,3328.514
8.202000,3328.514
8.203000,3328.514
8.204000,3328.514
8.205000,3327.274
8.206000,3327.274
8.207000,3327.274
8.208000,3327.274
8.209000,3327.274
8.210000,3323.746
8.211000,3323.746
8.212000,3323.746
8.213000,3323.746
8.214000,3323.746
8.215000,3323.030
8.216000,3323.030
8.217000,3323.030
8.218000,3323.030
8.219000,3323.030
8.220000,3314.638
8.221000,3314.638
8.222000,3314.638
8.223000,3314.638
8.224000,0.000
8.225000,3317.976
8.226000,3317.976
8.227000,3317.976
8.228000,3317.976
8.229000,3317.976
8.230000,3322.506
8.231000,3322.506
8.232000,3322.506
8.233000,3322.506
8.234000,3322.506
8.235000,3325.987
8.236000,3325.987
8.237000,3325.987
8.238000,3325.987
8.239000,3325.987
8.240000,3328.228
8.241000,3328.228
8.242000,3328.228
8.243000,3328.228
8.244000,3328.228
8.245000,3326.130
8.246000,3326.130
8.247000,3326.130
8.248000,3326.130
8.249000,3326.130
8.250000,3324.556
8.251000,3324.556
8.252000,3324.556
8.253000,3324.556
8.254000,3324.556
8.255000,3324.556
8.256000,3324.556
8.257000,3324.556
8.258000,3324.556
8.259000,3315.735
8.260000,3315.735
8.261000,3315.735
8.262000,3315.735
8.263000,3315.735
8.264000,3318.977
8.265000,3318.977
8.266000,3318.977
8.267000,3318.977
8.268000,3318.977
8.269000,3318.930
8.270000,3318.930
8.271000,3318.930
8.272000,3318.930
8.273000,3318.930
8.274000,3319.407
8.275000,3319.407
8.276000,3319.407
8.277000,3319.407
8.278000,3319.407
8.279000,3323.650
8.280000,3323.650
8.281000,3323.650
8.282000,3323.650
8.283000,3323.650
8.284000,3324.461
8.285000,3324.461
8.286000,3324.461
8.287000,3324.461
8.288000,0.000
8.289000,3322.649
8.290000,3322.649
8.291000,3322.649
8.292000,3322.649
8.293000,3322.649
8.294000,3316.259
8.295000,3316.259
8.296000,3316.259
8.297000,3316.259
8.298000,3316.259
8.299000,3316.689
8.300000,3316.689
8.301000,3316.689
8.302000,3316.689
8.303000,3316.689
8.304000,3319.407
8.305000,3319.407
8.306000,3319.407
8.307000,3319.407
8.308000,3319.407
8.309000,3319.073
8.310000,3319.073
8.311000,3319.073
8.312000,3319.073
8.313000,3319.073
8.314000,3320.742
8.315000,3320.742
8.316000,3320.742
8.317000,3320.742
8.318000,3320.742
8.319000,3322.792
8.320000,3322.792
8.321000,3322.792
8.322000,3322.792
8.323000,3322.077
8.324000,3322.077
8.325000,3322.077
8.326000,3322.077
8.327000,3322.077
8.328000,3320.313
8.329000,3320.313
8.330000,3320.313
8.331000,3320.313
8.332000,3320.313
8.333000,3320.122
8.334000,3320.122
8.335000,3320.122
8.336000,3320.122
8.337000,3320.122
8.338000,3319.788
8.339000,3319.788
8.340000,3319.788
8.341000,3319.788
8.342000,3319.788
8.343000,3320.217
8.344000,3320.217
8.345000,3320.217
8.346000,3320.217
8.347000,3320.217
8.348000,3320.599
8.349000,3320.599
8.350000,3320.599
8.351000,3320.599
8.352000,0.000
8.353000,3323.650
8.354000,3323.650
8.355000,3323.650
8.356000,3323.650
8.357000,3323.650
8.358000,0.000
8.359000,0.000
8.360000,0.000
8.361000,0.000
8.362000,0.000
8.363000,3321.552
8.364000,3321.552
8.365000,3321.552
8.366000,3321.552
8.367000,3321.552
8.368000,3321.505
8.369000,3321.505
8.370000,3321.505
8.371000,3321.505
8.372000,3321.505
8.373000,3319.693
8.374000,3319.693
8.375000,3319.693
8.376000,3319.693
8.377000,3319.693
8.378000,3319.883
8.379000,3319.883
8.380000,3319.883
8.381000,3319.883
8.382000,3319.883
8.383000,3316.069
8.384000,3316.069
8.385000,3316.069
8.386000,3316.069
8.387000,3321.600
8.388000,3321.600
8.389000,3321.600
8.390000,3321.600
8.391000,3321.600
8.392000,3321.695
8.393000,3321.695
8.394000,3321.695
8.395000,3321.695
8.396000,3321.695
8.397000,3325.415
8.398000,3325.415
8.399000,3325.415
8.400000,3325.415
8.401000,3325.415
8.402000,3325.987
8.403000,3325.987
8.404000,3325.987
8.405000,3325.987
8.406000,3325.987
8.407000,3318.548
8.408000,3318.548
8.409000,3318.548
8.410000,3318.548
8.411000,3318.548
8.412000,3320.360
8.413000,3320.360
8.414000,3320.360
8.415000,3320.360
8.416000,0.000
8.417000,3313.494
8.418000,3313.494
8.419000,3313.494
8.420000,3313.494
8.421000,3313.494
8.422000,3322.411
8.423000,3322.411
8.424000,3322.411
8.425000,3322.411
8.426000,3322.411
8.427000,3323.412
8.428000,3323.412
8.429000,3323.412
8.430000,3323.412
8.431000,3323.412
8.432000,3324.223
8.433000,3324.223
8.434000,3324.223
8.435000,3324.223
8.436000,3324.223
8.437000,3328.896
8.438000,3328.896
8.439000,3328.896
8.440000,3328.896
8.441000,3328.896
8.442000,3326.845
8.443000,3326.845
8.444000,3326.845
8.445000,3326.845
8.446000,3326.845
8.447000,3324.986
8.448000,3324.986
8.449000,3324.986
8.450000,3324.986
8.451000,3319.693
8.452000,3319.693
8.453000,3319.693
8.454000,3319.693
8.455000,3319.693
8.456000,3314.304
8.457000,3314.304
8.458000,3314.304
8.459000,3314.304
8.460000,3314.304
8.461000,3315.735
8.462000,3315.735
8.463000,3315.735
8.464000,3315.735
8.465000,3315.735
8.466000,3317.881
8.467000,3317.881
8.468000,3317.881
8.469000,3317.881
8.470000,3317.881
8.471000,3317.881
8.472000,3317.881
8.473000,3317.881
8.474000,3317.881
8.475000,3317.881
8.476000,3325.462
8.477000,3325.462
8.478000,3325.462
8.479000,3325.462
8.480000,0.000
8.481000,3323.269
8.482000,3323.269
8.483000,3323.269
8.484000,3323.269
8.485000,3323.269
8.486000,3319.120
8.487000,3319.120
8.488000,3319.120
8.489000,3319.120
8.490000,3319.120
8.491000,3315.496
8.492000,3315.496
8.493000,3315.496
8.494000,3315.496
8.495000,3315.496
8.496000,3316.545
8.497000,3316.545
8.498000,3316.545
8.499000,3316.545
8.500000,3316.545
8.501000,3318.834
8.502000,3318.834
8.503000,3318.834
8.504000,3318.834
8.505000,3318.834
8.506000,3320.837
8.507000,3320.837
8.508000,3320.837
8.509000,3320.837
8.510000,3320.837
8.511000,3321.218
8.512000,3321.218
8.513000,3321.218
8.514000,3321.218
8.515000,3325.653
8.516000,3325.653
8.517000,3325.653
8.518000,3325.653
8.519000,3325.653
8.520000,3322.601
8.521000,3322.601
8.522000,3322.601
8.523000,3322.601
8.524000,3322.601
8.525000,3322.172
8.526000,3322.172
8.527000,3322.172
8.528000,3322.172
8.529000,3322.172
8.530000,3314.543
8.531000,3314.543
8.532000,3314.543
8.533000,3314.543
8.534000,3314.543
8.535000,3317.356
8.536000,3317.356
8.537000,3317.356
8.538000,3317.356
8.539000,3317.356
8.540000,3319.073
8.541000,3319.073
8.542000,3319.073
8.543000,3319.073
8.544000,0.000
8.545000,3321.648
8.546000,3321.648
8.547000,3321.648
8.548000,3321.648
8.549000,3321.648
8.550000,3327.274
8.551000,3327.274
8.552000,3327.274
8.553000,3327.274
8.554000,3327.274
8.555000,3327.322
8.556000,3327.322
8.557000,3327.322
8.558000,3327.322
8.559000,3327.322
8.560000,3324.223
8.561000,3324.223
8.562000,3324.223
8.563000,3324.223
8.564000,3324.223
8.565000,3322.697
8.566000,3322.697
8.567000,3322.697
8.568000,3322.697
8.569000,3322.697
8.570000,3322.029
8.571000,3322.029
8.572000,3322.029
8.573000,3322.029
8.574000,3322.029
8.575000,3318.262
8.576000,3318.262
8.577000,3318.262
8.578000,3318.262
8.579000,3318.596
8.580000,3318.596
8.581000,3318.596
8.582000,3318.596
8.583000,3318.739
8.584000,3323.984
8.585000,3323.984
8.586000,3323.984
8.587000,3323.984
8.588000,3323.984
8.589000,3324.270
8.590000,3324.270
8.591000,3324.270
8.592000,3324.270
8.593000,3324.270
8.594000,3324.938
8.595000,3324.938
8.596000,3324.938
8.597000,3324.938
8.598000,3324.938
8.599000,3324.938
8.600000,3324.938
8.601000,3324.938
8.602000,3324.938
8.603000,3324.938
8.604000,3321.600
8.605000,3321.600
8.606000,3321.600
8.607000,3321.600
8.608000,0.000
8.609000,3319.693
8.610000,3319.693
8.611000,3319.693
8.612000,3319.693
8.613000,3319.693
8.614000,3319.693
8.615000,3319.693
8.616000,3319.693
8.617000,3319.693
8.618000,3319.693
8.619000,3320.646
8.620000,3320.646
8.621000,3320.646
8.622000,3320.646
8.623000,3320.646
8.624000,3322.887
8.625000,3322.887
8.626000,3322.887
8.627000,3322.887
8.628000,3322.887
8.629000,3322.506
8.630000,3322.506
8.631000,3322.506
8.632000,3322.506
8.633000,3322.506
8.634000,3326.941
8.635000,3326.941
8.636000,3326.941
8.637000,3326.941
8.638000,3326.941
8.639000,3327.036
8.640000,3327.036
8.641000,3327.036
8.642000,3327.036
8.643000,0.000
8.644000,0.000
8.645000,0.000
8.646000,0.000
8.647000,0.000
8.648000,3319.550
8.649000,3319.550
8.650000,3319.550
8.651000,3319.550
8.652000,3319.550
8.653000,3318.691
8.654000,3318.691
8.655000,3318.691
8.656000,3318.691
8.657000,3318.691
8.658000,3318.977
8.659000,3318.977
8.660000,3318.977
8.661000,3318.977
8.662000,3318.977
8.663000,3319.788
8.664000,3319.788
8.665000,3319.788
8.666000,3319.788
8.667000,3319.788
8.668000,3321.791
8.669000,3321.791
8.670000,3321.791
8.671000,3321.791
8.672000,0.000
8.673000,3328.466
8.674000,3328.466
8.675000,3328.466
8.676000,3328.466
8.677000,3328.466
8.678000,3322.649
8.679000,3322.649
8.680000,3322.649
8.681000,3322.649
8.682000,3322.649
8.683000,3320.122
8.684000,3320.122
8.685000,3320.122
8.686000,3320.122
8.687000,3320.122
8.688000,3320.503
8.689000,3320.503
8.690000,3320.503
8.691000,3320.503
8.692000,3320.503
8.693000,3316.307
8.694000,3316.307
8.695000,3316.307
8.696000,3316.307
8.697000,3316.307
8.698000,3314.495
8.699000,3314.495
8.700000,3314.495
8.701000,3314.495
8.702000,3314.495
8.703000,3316.593
8.704000,3316.593
8.705000,3316.593
8.706000,3316.593
8.707000,3324.652
8.708000,3324.652
8.709000,3324.652
8.710000,3324.652
8.711000,3324.652
8.712000,3327.417
8.713000,3327.417
8.714000,3327.417
8.715000,3327.417
8.716000,3327.417
8.717000,3319.740
8.718000,3319.740
8.719000,3319.740
8.720000,3319.740
8.721000,3319.740
8.722000,3319.407
8.723000,3319.407
8.724000,3319.407
8.725000,3319.407
8.726000,3319.407
8.727000,3317.308
8.728000,3317.308
8.729000,3317.308
8.730000,3317.308
8.731000,3317.308
8.732000,3314.877
8.733000,3314.877
8.734000,3314.877
8.735000,3314.877
8.736000,0.000
8.737000,3317.976
8.738000,3317.976
8.739000,3317.976
8.740000,3317.976
8.741000,3317.976
8.742000,3324.413
8.743000,3324.413
8.744000,3324.413
8.745000,3324.413
8.746000,3324.413
8.747000,3328.514
8.748000,3328.514
8.749000,3328.514
8.750000,3328.514
8.751000,3328.514
8.752000,3326.750
8.753000,3326.750
8.754000,3326.750
8.755000,3326.750
8.756000,3326.750
8.757000,3322.983
8.758000,3322.983
8.759000,3322.983
8.760000,3322.983
8.761000,3322.983
8.762000,3322.124
8.763000,3322.124
8.764000,3322.124
8.765000,3322.124
8.766000,3322.124
8.767000,3323.841
8.768000,3323.841
8.769000,3323.841
8.770000,3323.841
8.771000,3314.209
8.772000,3314.209
8.773000,3314.209
8.774000,3314.209
8.775000,3314.209
8.776000,3319.836
8.777000,3319.836
8.778000,3319.836
8.779000,3319.836
8.780000,3319.836
8.781000,3322.554
8.782000,3322.554
8.783000,3322.554
8.784000,3322.554
8.785000,3322.554
8.786000,3327.084
8.787000,3327.084
8.788000,3327.084
8.789000,3327.084
8.790000,3327.084
8.791000,3325.701
8.792000,3325.701
8.793000,3325.701
8.794000,3325.701
8.795000,3325.701
8.796000,3323.460
8.797000,3323.460
8.798000,3323.460
8.799000,3323.460
8.800000,0.000
8.801000,3322.411
8.802000,3322.411
8.803000,3322.411
8.804000,3322.411
8.805000,3322.411
8.806000,3316.021
8.807000,3316.021
8.808000,3316.021
8.809000,3316.021
8.810000,3316.021
8.811000,3318.262
8.812000,3318.262
8.813000,3318.262
8.814000,3318.262
8.815000,3318.262
8.816000,3319.550
8.817000,3319.550
8.818000,3319.550
8.819000,3319.550
8.820000,3319.550
8.821000,3319.597
8.822000,3319.597
8.823000,3319.597
8.824000,3319.597
8.825000,3319.597
8.826000,3320.599
8.827000,3320.599
8.828000,3320.599
8.829000,3320.599
8.830000,3320.599
8.831000,3322.792
8.832000,3322.792
8.833000,3322.792
8.834000,3322.792
8.835000,3323.317
8.836000,3323.317
8.837000,3323.317
8.838000,3323.317
8.839000,3323.317
8.840000,3313.875
8.841000,3313.875
8.842000,3313.875
8.843000,3313.875
8.844000,3313.875
8.845000,3315.449
8.846000,3315.449
8.847000,3315.449
8.848000,3315.449
8.849000,3315.449
8.850000,3319.168
8.851000,3319.168
8.852000,3319.168
8.853000,3319.168
8.854000,3319.168
8.855000,3321.028
8.856000,3321.028
8.857000,3321.028
8.858000,3321.028
8.859000,3321.028
8.860000,3321.123
8.861000,3321.123
8.862000,3321.123
8.863000,3321.123
8.864000,0.000
8.865000,3322.220
8.866000,3322.220
8.867000,3322.220
8.868000,3322.220
8.869000,3322.220
8.870000,3324.652
8.871000,3324.652
8.872000,3324.652
8.873000,3324.652
8.874000,3324.652
8.875000,3323.603
8.876000,3323.603
8.877000,3323.603
8.878000,3323.603
8.879000,3323.603
8.880000,3322.411
8.881000,3322.411
8.882000,3322.411
8.883000,3322.411
8.884000,3322.411
8.885000,3321.791
8.886000,3321.791
8.887000,3321.791
8.888000,3321.791
8.889000,3321.791
8.890000,3320.837
8.891000,3320.837
8.892000,3320.837
8.893000,3320.837
8.894000,3320.837
8.895000,3318.310
8.896000,3318.310
8.897000,3318.310
8.898000,3318.310
8.899000,3323.221
8.900000,3323.221
8.901000,3323.221
8.902000,3323.221
8.903000,3323.221
8.904000,3324.032
8.905000,3324.032
8.906000,3324.032
8.907000,3324.032
8.908000,3324.032
8.909000,3322.172
8.910000,3322.172
8.911000,3322.172
8.912000,3322.172
8.913000,3322.172
8.914000,3321.934
8.915000,3321.934
8.916000,3321.934
8.917000,3321.934
8.918000,3321.934
8.919000,3320.599
8.920000,3320.599
8.921000,3320.599
8.922000,3320.599
8.923000,3320.599
8.924000,3319.407
8.925000,3319.407
8.926000,3319.407
8.927000,3319.407
8.928000,0.000
8.929000,3313.255
8.930000,3313.255
8.931000,3313.255
8.932000,3313.255
8.933000,3313.255
8.934000,3321.695
8.935000,3321.695
8.936000,3321.695
8.937000,3321.695
8.938000,3321.695
8.939000,3320.646
8.940000,3320.646
8.941000,3320.646
8.942000,3320.646
8.943000,3320.646
8.944000,3321.791
8.945000,3321.791
8.946000,3321.791
8.947000,3321.791
8.948000,3321.791
8.949000,3327.513
8.950000,3327.513
8.951000,3327.513
8.952000,3327.513
8.953000,3327.513
8.954000,3326.607
8.955000,3326.607
8.956000,3326.607
8.957000,3326.607
8.958000,3326.607
8.959000,3323.936
8.960000,3323.936
8.961000,3323.936
8.962000,3323.936
8.963000,3318.262
8.964000,3318.262
8.965000,3318.262
8.966000,3318.262
8.967000,3318.262
8.968000,3319.073
8.969000,3319.073
8.970000,3319.073
8.971000,3319.073
8.972000,3319.073
8.973000,3319.931
8.974000,3319.931
8.975000,3319.931
8.976000,3319.931
8.977000,3319.931
8.978000,3322.601
8.979000,3322.601
8.980000,3322.601
8.981000,3322.601
8.982000,3322.601
8.983000,3324.747
8.984000,3324.747
8.985000,3324.747
8.986000,3324.747
8.987000,3324.747
8.988000,3327.274
8.989000,3327.274
8.990000,3327.274
8.991000,3327.274
8.992000,0.000
8.993000,3323.984
8.994000,3323.984
8.995000,3323.984
8.996000,3323.984
8.997000,3323.984
8.998000,3320.742
8.999000,3320.742
9.000000,3320.742
9.001000,3320.742
9.002000,3320.742
9.003000,3315.973
9.004000,3315.973
9.005000,3315.973
9.006000,3315.973
9.007000,3315.973
9.008000,3314.352
9.009000,3314.352
9.010000,3314.352
9.011000,3314.352
9.012000,3314.352
9.013000,3317.022
9.014000,3317.022
9.015000,3317.022
9.016000,3317.022
9.017000,3317.022
9.018000,3321.362
9.019000,3321.362
9.020000,3321.362
9.021000,3321.362
9.022000,3321.362
9.023000,3320.742
9.024000,3320.742
9.025000,3320.742
9.026000,3320.742
9.027000,3323.269
9.028000,3323.269
9.029000,3323.269
9.030000,3323.269
9.031000,3323.269
9.032000,3320.074
9.033000,3320.074
9.034000,3320.074
9.035000,3320.074
9.036000,3320.074
9.037000,3319.693
9.038000,3319.693
9.039000,3319.693
9.040000,3319.693
9.041000,3319.693
9.042000,3316.784
9.043000,3316.784
9.044000,3316.784
9.045000,3316.784
9.046000,3316.784
9.047000,3313.684
9.048000,3313.684
9.049000,3313.684
9.050000,3313.684
9.051000,3313.684
9.052000,3314.209
9.053000,3314.209
9.054000,3314.209
9.055000,3314.209
9.056000,0.000
9.057000,3319.359
9.058000,3319.359
9.059000,3319.359
9.060000,3319.359
9.061000,3319.359
9.062000,3327.322
9.063000,3327.322
9.064000,3327.322
9.065000,3327.322
9.066000,3327.322
9.067000,3325.415
9.068000,3325.415
9.069000,3325.415
9.070000,3325.415
9.071000,3325.415
9.072000,3323.507
9.073000,3323.507
9.074000,3323.507
9.075000,3323.507
9.076000,3323.507
9.077000,3323.364
9.078000,3323.364
9.079000,3323.364
9.080000,3323.364
9.081000,3323.364
9.082000,3322.792
9.083000,3322.792
9.084000,3322.792
9.085000,3322.792
9.086000,3322.792
9.087000,3319.550
9.088000,3319.550
9.089000,3319.550
9.090000,3319.550
9.091000,3322.268
9.092000,3322.268
9.093000,3322.268
9.094000,3322.268
9.095000,3322.268
9.096000,3327.274
9.097000,3327.274
9.098000,3327.274
9.099000,3327.274
9.100000,3327.274
9.101000,3326.511
9.102000,3326.511
9.103000,3326.511
9.104000,3326.511
9.105000,3326.511
9.106000,3324.652
9.107000,3324.652
9.108000,3324.652
9.109000,3324.652
9.110000,3324.652
9.111000,3324.318
9.112000,3324.318
9.113000,3324.318
9.114000,3324.318
9.115000,3324.318
9.116000,3322.411
9.117000,3322.411
9.118000,3322.411
9.119000,3322.411
9.120000,0.000
9.121000,3319.216
9.122000,3319.216
9.123000,3319.216
9.124000,3319.216
9.125000,3319.216
9.126000,0.000
9.127000,0.000
9.128000,0.000
9.129000,0.000
9.130000,0.000
9.131000,3319.073
9.132000,3319.073
9.133000,3319.073
9.134000,3319.073
9.135000,3319.073
9.136000,3320.122
9.137000,3320.122
9.138000,3320.122
9.139000,3320.122
9.140000,3320.122
9.141000,3322.649
9.142000,3322.649
9.143000,3322.649
9.144000,3322.649
9.145000,3322.649
9.146000,3323.984
9.147000,3323.984
9.148000,3323.984
9.149000,3323.984
9.150000,3323.984
9.151000,3326.797
9.152000,3326.797
9.153000,3326.797
9.154000,3326.797
9.155000,3316.641
9.156000,3316.641
9.157000,3316.641
9.158000,3316.641
9.159000,3316.641
9.160000,3318.357
9.161000,3318.357
9.162000,3318.357
9.163000,3318.357
9.164000,3318.357
9.165000,3320.646
9.166000,3320.646
9.167000,3320.646
9.168000,3320.646
9.169000,3320.646
9.170000,3322.744
9.171000,3322.744
9.172000,3322.744
9.173000,3322.744
9.174000,3322.744
9.175000,3323.126
9.176000,3323.126
9.177000,3323.126
9.178000,3323.126
9.179000,3323.126
9.180000,3322.077
9.181000,3322.077
9.182000,3322.077
9.183000,3322.077
9.184000,0.000
9.185000,3326.559
9.186000,3326.559
9.187000,3326.559
9.188000,3326.559
9.189000,3326.559
9.190000,3318.453
9.191000,3318.453
9.192000,3318.453
9.193000,3318.453
9.194000,3318.453
9.195000,3319.025
9.196000,3319.025
9.197000,3319.025
9.198000,3319.025
9.199000,3319.025
9.200000,3315.496
9.201000,3315.496
9.202000,3315.496
9.203000,3315.496
9.204000,3315.496
9.205000,3313.971
9.206000,3313.971
9.207000,3313.971
9.208000,3313.971
9.209000,3313.971
9.210000,3313.971
9.211000,3313.971
9.212000,3313.971
9.213000,3313.971
9.214000,3313.971
9.215000,3317.213
9.216000,3317.213
9.217000,3317.213
9.218000,3317.261
9.219000,3321.695
9.220000,3321.695
9.221000,3321.695
9.222000,3321.695
9.223000,3321.695
9.224000,3321.457
9.225000,3321.457
9.226000,3321.457
9.227000,3321.457
9.228000,3321.457
9.229000,3320.980
9.230000,3320.980
9.231000,3320.980
9.232000,3320.980
9.233000,3320.980
9.234000,3320.837
9.235000,3320.837
9.236000,3320.837
9.237000,3320.837
9.238000,3320.837
9.239000,3316.307
9.240000,3316.307
9.241000,3316.307
9.242000,3316.307
9.243000,3316.307
9.244000,3315.353
9.245000,3315.353
9.246000,3315.353
9.247000,3315.353
9.248000,0.000
9.249000,3317.881
9.250000,3317.881
9.251000,3317.881
9.252000,3317.881
9.253000,3317.881
9.254000,3327.417
9.255000,3327.417
9.256000,3327.417
9.257000,3327.417
9.258000,3327.417
9.259000,3326.702
9.260000,3326.702
9.261000,3326.702
9.262000,3326.702
9.263000,3326.702
9.264000,3326.750
9.265000,3326.750
9.266000,3326.750
9.267000,3326.750
9.268000,3326.750
9.269000,3323.507
9.270000,3323.507
9.271000,3323.507
9.272000,3323.507
9.273000,3323.507
9.274000,3323.460
9.275000,3323.460
9.276000,3323.460
9.277000,3323.460
9.278000,3323.460
9.279000,3314.686
9.280000,3314.686
9.281000,3314.686
9.282000,3314.686
9.283000,3321.791
9.284000,3321.791
9.285000,3321.791
9.286000,3321.791
9.287000,3321.791
9.288000,3326.464
9.289000,3326.464
9.290000,3326.464
9.291000,3326.464
9.292000,3326.464
9.293000,3327.036
9.294000,3327.036
9.295000,3327.036
9.296000,3327.036
9.297000,3327.036
9.298000,3324.986
9.299000,3324.986
9.300000,3324.986
9.301000,3324.986
9.302000,3324.986
9.303000,3323.984
9.304000,3323.984
9.305000,3323.984
9.306000,3323.984
9.307000,3323.984
9.308000,3322.887
9.309000,3322.887
9.310000,3322.887
9.311000,3322.887
9.312000,0.000
9.313000,3320.742
9.314000,3320.742
9.315000,3320.742
9.316000,3320.742
9.317000,3320.742
9.318000,0.000
9.319000,0.000
9.320000,0.000
9.321000,0.000
9.322000,0.000
9.323000,3319.073
9.324000,3319.073
9.325000,3319.073
9.326000,3319.073
9.327000,3319.073
9.328000,3320.026
9.329000,3320.026
9.330000,3320.026
9.331000,3320.026
9.332000,3320.026
9.333000,3322.172
9.334000,3322.172
9.335000,3322.172
9.336000,3322.172
9.337000,3322.172
9.338000,3324.938
9.339000,3324.938
9.340000,3324.938
9.341000,3324.938
9.342000,3324.938
9.343000,3323.460
9.344000,3323.460
9.345000,3323.460
9.346000,3323.460
9.347000,3316.736
9.348000,3316.736
9.349000,3316.736
9.350000,3316.736
9.351000,3316.736
9.352000,3316.355
9.353000,3316.355
9.354000,3316.355
9.355000,3316.355
9.356000,3316.355
9.357000,3320.360
9.358000,3320.360
9.359000,3320.360
9.360000,3320.360
9.361000,3320.360
9.362000,3319.883
9.363000,3319.883
9.364000,3319.883
9.365000,3319.883
9.366000,3319.883
9.367000,3319.883
9.368000,3319.883
9.369000,3319.883
9.370000,3319.883
9.371000,3319.883
9.372000,3323.078
9.373000,3323.078
9.374000,3323.078
9.375000,3323.078
9.376000,0.000
9.377000,3323.746
9.378000,3323.746
9.379000,3323.746
9.380000,3323.746
9.381000,3323.746
9.382000,3323.936
9.383000,3323.936
9.384000,3323.936
9.385000,3323.936
9.386000,3323.936
9.387000,3321.552
9.388000,3321.552
9.389000,3321.552
9.390000,3321.552
9.391000,3321.552
9.392000,3321.457
9.393000,3321.457
9.394000,3321.457
9.395000,3321.457
9.396000,3321.457
9.397000,3319.073
9.398000,3319.073
9.399000,3319.073
9.400000,3319.073
9.401000,3319.073
9.402000,3320.789
9.403000,3320.789
9.404000,3320.789
9.405000,3320.789
9.406000,3320.789
9.407000,3322.649
9.408000,3322.649
9.409000,3322.649
9.410000,3322.649
9.411000,0.000
9.412000,0.000
9.413000,0.000
9.414000,0.000
9.415000,0.000
9.416000,3322.554
9.417000,3322.554
9.418000,3322.554
9.419000,3322.554
9.420000,3322.554
9.421000,3320.551
9.422000,3320.551
9.423000,3320.551
9.424000,3320.551
9.425000,3320.551
9.426000,3320.837
9.427000,3320.837
9.428000,3320.837
9.429000,3320.837
9.430000,3320.837
9.431000,3320.694
9.432000,3320.694
9.433000,3320.694
9.434000,3320.694
9.435000,3320.694
9.436000,3314.781
9.437000,3314.781
9.438000,3314.781
9.439000,3314.781
9.440000,0.000
9.441000,3317.308
9.442000,3317.308
9.443000,3317.308
9.444000,3317.308
9.445000,3317.308
9.446000,3489.685
9.447000,3489.685
9.448000,3489.685
9.449000,3489.685
9.450000,3489.685
9.451000,3493.166
9.452000,3493.166
9.453000,3493.166
9.454000,3493.166
9.455000,3493.166
9.456000,3494.453
9.457000,3494.453
9.458000,3494.453
9.459000,3494.453
9.460000,3494.453
9.461000,3509.951
9.462000,3509.951
9.463000,3509.951
9.464000,3509.951
9.465000,3509.951
9.466000,3511.238
9.467000,3511.238
9.468000,3511.238
9.469000,3511.238
9.470000,3511.238
9.471000,3513.288
9.472000,3513.288
9.473000,3513.288
9.474000,3513.288
9.475000,3567.648
9.476000,3567.648
9.477000,3567.648
9.478000,3567.648
9.479000,3567.648
9.480000,3538.799
9.481000,3538.799
9.482000,3538.799
9.483000,3538.799
9.484000,3538.799
9.485000,3534.985
9.486000,3534.985
9.487000,3534.985
9.488000,3534.985
9.489000,3534.985
9.490000,3539.038
9.491000,3539.038
9.492000,3539.038
9.493000,3539.038
9.494000,3539.038
9.495000,3534.079
9.496000,3534.079
9.497000,3534.079
9.498000,3534.079
9.499000,3534.079
9.500000,3519.344
9.501000,3519.344
9.502000,3519.344
9.503000,3519.344
9.504000,0.000
9.505000,3512.669
9.506000,3512.669
9.507000,3512.669
9.508000,3512.669
9.509000,3512.669
9.510000,3319.597
9.511000,3319.597
9.512000,3319.597
9.513000,3319.597
9.514000,3319.597
9.515000,3314.924
9.516000,3314.924
9.517000,3314.924
9.518000,3314.924
9.519000,3314.924
9.520000,3318.739
9.521000,3318.739
9.522000,3318.739
9.523000,3318.739
9.524000,3318.739
9.525000,3323.889
9.526000,3323.889
9.527000,3323.889
9.528000,3323.889
9.529000,3323.889
9.530000,3328.133
9.531000,3328.133
9.532000,3328.133
9.533000,3328.133
9.534000,3328.133
9.535000,3324.699
9.536000,3324.699
9.537000,3324.699
9.538000,3324.699
9.539000,3319.645
9.540000,3319.645
9.541000,3319.645
9.542000,3319.645
9.543000,3319.645
9.544000,3319.216
9.545000,3319.216
9.546000,3319.216
9.547000,3319.216
9.548000,3319.216
9.549000,3314.686
9.550000,3314.686
9.551000,3314.686
9.552000,3314.686
9.553000,3314.686
9.554000,3315.592
9.555000,3315.592
9.556000,3315.592
9.557000,3315.592
9.558000,3315.592
9.559000,3317.308
9.560000,3317.308
9.561000,3317.308
9.562000,3317.308
9.563000,3317.308
9.564000,3320.360
9.565000,3320.360
9.566000,3320.360
9.567000,3320.360
9.568000,0.000
9.569000,3319.979
9.570000,3319.979
9.571000,3319.979
9.572000,3319.979
9.573000,3319.979
9.574000,3324.080
9.575000,3324.080
9.576000,3324.080
9.577000,3324.080
9.578000,3324.080
9.579000,3324.890
9.580000,3324.890
9.581000,3324.890
9.582000,3324.890
9.583000,3324.890
9.584000,3323.126
9.585000,3323.126
9.586000,3323.126
9.587000,3323.126
9.588000,3323.126
9.589000,3314.304
9.590000,3314.304
9.591000,3314.304
9.592000,3314.304
9.593000,3314.304
9.594000,3317.547
9.595000,3317.547
9.596000,3317.547
9.597000,3317.547
9.598000,3317.547
9.599000,3318.882
9.600000,3318.882
9.601000,3318.882
9.602000,3318.882
9.603000,3327.036
9.604000,3327.036
9.605000,3327.036
9.606000,3327.036
9.607000,3327.036
9.608000,3311.253
9.609000,3311.253
9.610000,3311.253
9.611000,3311.253
9.612000,3311.253
9.613000,3284.168
9.614000,3284.168
9.615000,3284.168
9.616000,3284.168
9.617000,3284.168
9.618000,3271.484
9.619000,3271.484
9.620000,3271.484
9.621000,3271.484
9.622000,3271.484
9.623000,3254.223
9.624000,3254.223
9.625000,3254.223
9.626000,3254.223
9.627000,3254.223
9.628000,3243.399
9.629000,3243.399
9.630000,3243.399
9.631000,3243.399
9.632000,0.000
9.633000,3225.279
9.634000,3225.279
9.635000,3225.279
9.636000,3225.279
9.637000,3225.279
9.638000,3174.591
9.639000,3174.591
9.640000,3174.591
9.641000,3174.591
9.642000,3195.190
9.643000,4449.463
9.644000,4449.463
9.645000,4449.463
9.646000,4449.463
9.647000,4449.463
9.648000,4536.676
9.649000,4536.676
9.650000,4536.676
9.651000,4536.676
9.652000,4536.676
9.653000,4581.881
9.654000,4581.881
9.655000,4581.881
9.656000,4581.881
9.657000,4581.881
9.658000,4652.023
9.659000,4652.023
9.660000,4652.023
9.661000,4652.023
9.662000,4652.023
9.663000,4708.767
9.664000,4708.767
9.665000,4708.767
9.666000,4708.767
9.667000,0.000
9.668000,0.000
9.669000,0.000
9.670000,0.000
9.671000,0.000
9.672000,3219.032
9.673000,3219.032
9.674000,3219.032
9.675000,3219.032
9.676000,3219.032
9.677000,3149.223
9.678000,3149.223
9.679000,3149.223
9.680000,3149.223
9.681000,3149.223
9.682000,3139.162
9.683000,3139.162
9.684000,3139.162
9.685000,3139.162
9.686000,3139.162
9.687000,3142.405
9.688000,3142.405
9.689000,3142.405
9.690000,3142.405
9.691000,3142.405
9.692000,3147.221
9.693000,3147.221
9.694000,3147.221
9.695000,3147.221
9.696000,0.000
9.697000,3169.012
9.698000,3169.012
9.699000,3169.012
9.700000,3169.012
9.701000,3169.012
9.702000,3320.074
9.703000,3320.074
9.704000,3320.074
9.705000,3320.074
9.706000,3320.074
9.707000,3323.746
9.708000,3323.746
9.709000,3323.746
9.710000,3323.746
9.711000,3323.746
9.712000,3324.366
9.713000,3324.366
9.714000,3324.366
9.715000,3324.366
9.716000,3324.366
9.717000,3322.983
9.718000,3322.983
9.719000,3322.983
9.720000,3322.983
9.721000,3322.983
9.722000,3329.039
9.723000,3329.039
9.724000,3329.039
9.725000,3329.039
9.726000,3329.039
9.727000,3327.990
9.728000,3327.990
9.729000,3327.990
9.730000,3327.990
9.731000,3319.168
9.732000,3319.168
9.733000,3319.168
9.734000,3319.168
9.735000,3319.168
9.736000,3319.931
9.737000,3319.931
9.738000,3319.931
9.739000,3319.931
9.740000,3319.931
9.741000,3315.258
9.742000,3315.258
9.743000,3315.258
9.744000,3315.258
9.745000,3315.258
9.746000,3313.971
9.747000,3313.971
9.748000,3313.971
9.749000,3313.971
9.750000,3313.971
9.751000,3317.404
9.752000,3317.404
9.753000,3317.404
9.754000,3317.404
9.755000,3317.404
9.756000,3318.834
9.757000,3318.834
9.758000,3318.834
9.759000,3318.834
9.760000,0.000
9.761000,3319.645
9.762000,3319.645
9.763000,3319.645
9.764000,3319.645
9.765000,3319.645
9.766000,0.000
9.767000,0.000
9.768000,0.000
9.769000,0.000
9.770000,0.000
9.771000,3320.265
9.772000,3320.265
9.773000,3320.265
9.774000,3320.265
9.775000,3320.265
9.776000,3315.592
9.777000,3315.592
9.778000,3315.592
9.779000,3315.592
9.780000,3315.592
9.781000,3316.450
9.782000,3316.450
9.783000,3316.450
9.784000,3316.450
9.785000,3316.450
9.786000,3317.308
9.787000,3317.308
9.788000,3317.308
9.789000,3317.308
9.790000,3317.308
9.791000,3318.787
9.792000,3318.787
9.793000,3318.787
9.794000,3318.787
9.795000,3328.371
9.796000,3328.371
9.797000,3328.371
9.798000,3328.371
9.799000,3328.371
9.800000,3325.891
9.801000,3325.891
9.802000,3325.891
9.803000,3325.891
9.804000,3325.891
9.805000,3322.077
9.806000,3322.077
9.807000,3322.077
9.808000,3322.077
9.809000,3322.077
9.810000,3322.744
9.811000,3322.744
9.812000,3322.744
9.813000,3322.744
9.814000,3322.744
9.815000,3322.411
9.816000,3322.411
9.817000,3322.411
9.818000,3322.411
9.819000,3322.411
9.820000,3319.454
9.821000,3319.454
9.822000,3319.454
9.823000,3319.454
9.824000,0.000
9.825000,3317.499
9.826000,3317.499
9.827000,3317.499
9.828000,3317.499
9.829000,189158.726
9.830000,3325.987
9.831000,3325.987
9.832000,3325.987
9.833000,3325.987
9.834000,3325.987
9.835000,3328.085
9.836000,3328.085
9.837000,3328.085
9.838000,3328.085
9.839000,3328.085
9.840000,3325.987
9.841000,3325.987
9.842000,3325.987
9.843000,3325.987
9.844000,3325.987
9.845000,3323.507
9.846000,3323.507
9.847000,3323.507
9.848000,3323.507
9.849000,3323.507
9.850000,3322.506
9.851000,3322.506
9.852000,3322.506
9.853000,3322.506
9.854000,3322.506
9.855000,3322.220
9.856000,3322.220
9.857000,3322.220
9.858000,3322.220
9.859000,3400.326
9.860000,3400.326
9.861000,3400.326
9.862000,3400.326
9.863000,3400.326
9.864000,3415.537
9.865000,3415.537
9.866000,3415.537
9.867000,3415.537
9.868000,3415.537
9.869000,3417.444
9.870000,3417.444
9.871000,3417.444
9.872000,3417.444
9.873000,3417.444
9.874000,3419.542
9.875000,3419.542
9.876000,3419.542
9.877000,3419.542
9.878000,3419.542
9.879000,3434.038
9.880000,3434.038
9.881000,3434.038
9.882000,3434.038
9.883000,3434.038
9.884000,3461.885
9.885000,3461.885
9.886000,3461.885
9.887000,3461.885
9.888000,0.000
9.889000,3472.233
9.890000,3472.233
9.891000,3472.233
9.892000,3472.233
9.893000,-100000.000
9.894000,3650.570
9.895000,3650.570
9.896000,3650.570
9.897000,3650.570
9.898000,3650.570
9.899000,3663.921
9.900000,3663.921
9.901000,3663.921
9.902000,3663.921
9.903000,3663.921
9.904000,3693.199
9.905000,3693.199
9.906000,3693.199
9.907000,3693.199
9.908000,3693.199
9.909000,3699.684
9.910000,3699.684
9.911000,3699.684
9.912000,3699.684
9.913000,3699.684
9.914000,3700.066
9.915000,3700.066
9.916000,3700.066
9.917000,3700.066
9.918000,3700.066
9.919000,3699.303
9.920000,3699.303
9.921000,3699.303
9.922000,3699.303
9.923000,3794.956
9.924000,3794.956
9.925000,3794.956
9.926000,3794.956
9.927000,3794.956
9.928000,3792.667
9.929000,3792.667
9.930000,3792.667
9.931000,3792.667
9.932000,3792.667
9.933000,3791.142
9.934000,3791.142
9.935000,3791.142
9.936000,3791.142
9.937000,3791.142
9.938000,3790.998
9.939000,3790.998
9.940000,3790.998
9.941000,3790.998
9.942000,3790.998
9.943000,3787.565
9.944000,3787.565
9.945000,3787.565
9.946000,3787.565
9.947000,3787.565
9.948000,3785.515
9.949000,3785.515
9.950000,3785.515
9.951000,3785.515
9.952000,0.000
9.953000,3813.219
9.954000,3813.219
9.955000,3813.219
9.956000,3813.219
9.957000,-200000.000
9.958000,3748.751
9.959000,3748.751
9.960000,3748.751
9.961000,3748.751
9.962000,3748.751
9.963000,3748.703
9.964000,3748.703
9.965000,3748.703
9.966000,3748.703
9.967000,3748.703
9.968000,3745.556
9.969000,3745.556
9.970000,3745.556
9.971000,3745.556
9.972000,3745.556
9.973000,3738.737
9.974000,3738.737
9.975000,3738.737
9.976000,3738.737
9.977000,3738.737
9.978000,3720.951
9.979000,3720.951
9.980000,3720.951
9.981000,3720.951
9.982000,3720.951
9.983000,3713.989
9.984000,3713.989
9.985000,3713.989
9.986000,3713.989
9.987000,3539.801
9.988000,3539.801
9.989000,3539.801
9.990000,3539.801
9.991000,3539.801
9.992000,3536.987
9.993000,3536.987
9.994000,3536.987
9.995000,3536.987
9.996000,3536.987
9.997000,3540.087
9.998000,3540.087
9.999000,3540.087
10.000000,3540.087
10.001000,3540.087
10.002000,3532.743
10.003000,3532.743
10.004000,3532.743
10.005000,3532.743
10.006000,3532.743
10.007000,3517.389
10.008000,3517.389
10.009000,3517.389
10.010000,3517.389
10.011000,3517.389
10.012000,3506.994
10.013000,3506.994
10.014000,3506.994
10.015000,3506.994
10.016000,0.000
10.017000,3322.649
10.018000,3322.649
10.019000,3322.649
10.020000,3322.649
10.021000,3322.649
10.022000,3323.936
10.023000,3323.936
10.024000,3323.936
10.025000,3323.936
10.026000,3323.936
10.027000,3323.078
10.028000,3323.078
10.029000,3323.078
10.030000,3323.078
10.031000,3323.078
10.032000,3327.513
10.033000,3327.513
10.034000,3327.513
10.035000,3327.513
10.036000,3327.513
10.037000,3327.799
10.038000,3327.799
10.039000,3327.799
10.040000,3327.799
10.041000,3327.799
10.042000,3327.131
10.043000,3327.131
10.044000,3327.131
10.045000,3327.131
10.046000,3327.131
10.047000,3327.131
10.048000,3327.131
10.049000,3327.131
10.050000,3327.131
10.051000,3316.069
10.052000,3316.069
10.053000,3316.069
10.054000,3316.069
10.055000,3316.069
10.056000,3318.834
10.057000,3318.834
10.058000,3318.834
10.059000,3318.834
10.060000,3318.834
10.061000,3319.359
10.062000,3319.359
10.063000,3319.359
10.064000,3319.359
10.065000,3319.359
10.066000,3319.645
10.067000,3319.645
10.068000,3319.645
10.069000,3319.645
10.070000,3319.645
10.071000,3320.408
10.072000,3320.408
10.073000,3320.408
10.074000,3320.408
10.075000,3320.408
10.076000,3321.314
10.077000,3321.314
10.078000,3321.314
10.079000,3321.314
10.080000,12.970
10.081000,3314.638
10.082000,3314.638
10.083000,3314.638
10.084000,3314.638
10.085000,3314.638
10.086000,3315.258
10.087000,3315.258
10.088000,3315.258
10.089000,3315.258
10.090000,3315.258
10.091000,3317.261
10.092000,3317.261
10.093000,3317.261
10.094000,3317.261
10.095000,3317.261
10.096000,3319.025
10.097000,3319.025
10.098000,3319.025
10.099000,3319.025
10.100000,3319.025
10.101000,3319.502
10.102000,3319.502
10.103000,3319.502
10.104000,3319.502
10.105000,3319.502
10.106000,3320.742
10.107000,3320.742
10.108000,3320.742
10.109000,3320.742
10.110000,3320.742
10.111000,3322.649
10.112000,3322.649
10.113000,3322.649
10.114000,3322.649
10.115000,0.000
10.116000,0.000
10.117000,0.000
10.118000,0.000
10.119000,0.000
10.120000,3322.744
10.121000,3322.744
10.122000,3322.744
10.123000,3322.744
10.124000,3322.744
10.125000,3322.458
10.126000,3322.458
10.127000,3322.458
10.128000,3322.458
10.129000,3322.458
10.130000,3322.268
10.131000,3322.268
10.132000,3322.268
10.133000,3322.268
10.134000,3322.268
10.135000,3318.453
10.136000,3318.453
10.137000,3318.453
10.138000,3318.453
10.139000,3318.453
10.140000,3320.169
10.141000,3320.169
10.142000,3320.169
10.143000,3320.169
10.144000,0.000
10.145000,3322.220
10.146000,3322.220
10.147000,3322.220
10.148000,3322.220
10.149000,3322.220
10.150000,3324.699
10.151000,3324.699
10.152000,3324.699
10.153000,3324.699
10.154000,3324.699
10.155000,3323.269
10.156000,3323.269
10.157000,3323.269
10.158000,3323.269
10.159000,3323.269
10.160000,3323.555
10.161000,3323.555
10.162000,3323.555
10.163000,3323.555
10.164000,3323.555
10.165000,3319.550
10.166000,3319.550
10.167000,3319.550
10.168000,3319.550
10.169000,3319.550
10.170000,3319.120
10.171000,3319.120
10.172000,3319.120
10.173000,3319.120
10.174000,3319.120
10.175000,3319.454
10.176000,3319.454
10.177000,3319.454
10.178000,3319.454
10.179000,3321.695
10.180000,3321.695
10.181000,3321.695
10.182000,3321.695
10.183000,3321.695
10.184000,3323.269
10.185000,3323.269
10.186000,3323.269
10.187000,3323.269
10.188000,3323.269
10.189000,3324.270
10.190000,3324.270
10.191000,3324.270
10.192000,3324.270
10.193000,3324.270
10.194000,3327.656
10.195000,3327.656
10.196000,3327.656
10.197000,3327.656
10.198000,3327.656
10.199000,3327.560
10.200000,3327.560
10.201000,3327.560
10.202000,3327.560
10.203000,3327.560
10.204000,3318.119
10.205000,3318.119
10.206000,3318.119
10.207000,3318.119
10.208000,0.000
10.209000,3315.353
10.210000,3315.353
10.211000,3315.353
10.212000,3315.353
10.213000,3315.353
10.214000,3322.315
10.215000,3322.315
10.216000,3322.315
10.217000,3322.315
10.218000,3322.315
10.219000,3322.220
10.220000,3322.220
10.221000,3322.220
10.222000,3322.220
10.223000,3322.220
10.224000,3323.221
10.225000,3323.221
10.226000,3323.221
10.227000,3323.221
10.228000,3323.221
10.229000,3327.751
10.230000,3327.751
10.231000,3327.751
10.232000,3327.751
10.233000,3327.751
10.234000,3327.894
10.235000,3327.894
10.236000,3327.894
10.237000,3327.894
10.238000,3327.894
10.239000,3326.941
10.240000,3326.941
10.241000,3326.941
10.242000,3326.941
10.243000,3321.695
10.244000,3321.695
10.245000,3321.695
10.246000,3321.695
10.247000,3321.695
10.248000,3315.926
10.249000,3315.926
10.250000,3315.926
10.251000,3315.926
10.252000,3315.926
10.253000,3315.306
10.254000,3315.306
10.255000,3315.306
10.256000,3315.306
10.257000,3315.306
10.258000,3317.451
10.259000,3317.451
10.260000,3317.451
10.261000,3317.451
10.262000,3317.451
10.263000,3319.454
10.264000,3319.454
10.265000,3319.454
10.266000,3319.454
10.267000,3319.454
10.268000,3324.270
10.269000,3324.270
10.270000,3324.270
10.271000,3324.270
10.272000,0.000
10.273000,3326.321
10.274000,3326.321
10.275000,3326.321
10.276000,3326.321
10.277000,3326.321
10.278000,3318.930
10.279000,3318.930
10.280000,3318.930
10.281000,3318.930
10.282000,3318.930
10.283000,3316.498
10.284000,3316.498
10.285000,3316.498
10.286000,3316.498
10.287000,3316.498
10.288000,3313.589
10.289000,3313.589
10.290000,3313.589
10.291000,3313.589
10.292000,3313.589
10.293000,3316.212
10.294000,3316.212
10.295000,3316.212
10.296000,3316.212
10.297000,3316.212
10.298000,3317.308
10.299000,3317.308
10.300000,3317.308
10.301000,3317.308
10.302000,3317.308
10.303000,3320.074
10.304000,3320.074
10.305000,3320.074
10.306000,3320.074
10.307000,3325.653
10.308000,3325.653
10.309000,3325.653
10.310000,3325.653
10.311000,3325.653
10.312000,3324.270
10.313000,3324.270
10.314000,3324.270
10.315000,3324.270
10.316000,3324.270
10.317000,3325.224
10.318000,3325.224
10.319000,3325.224
10.320000,3325.224
10.321000,3325.224
10.322000,3322.315
10.323000,3322.315
10.324000,3322.315
10.325000,3322.315
10.326000,3322.315
10.327000,3316.593
10.328000,3316.593
10.329000,3316.593
10.330000,3316.593
10.331000,3316.593
10.332000,3319.454
10.333000,3319.454
10.334000,3319.454
10.335000,3319.454
10.336000,0.000
10.337000,3319.597
10.338000,3319.597
10.339000,3319.597
10.340000,3319.597
10.341000,3319.597
10.342000,3327.036
10.343000,3327.036
10.344000,3327.036
10.345000,3327.036
10.346000,3327.036
10.347000,3328.037
10.348000,3328.037
10.349000,3328.037
10.350000,3328.037
10.351000,3328.037
10.352000,3324.127
10.353000,3324.127
10.354000,3324.127
10.355000,3324.127
10.356000,3324.127
10.357000,3323.507
10.358000,3323.507
10.359000,3323.507
10.360000,3323.507
10.361000,3323.507
10.362000,3321.648
10.363000,3321.648
10.364000,3321.648
10.365000,3321.648
10.366000,3321.648
10.367000,3321.075
10.368000,3321.075
10.369000,3321.075
10.370000,3321.075
10.371000,3320.694
10.372000,3320.694
10.373000,3320.694
10.374000,3320.694
10.375000,3320.694
10.376000,3318.691
10.377000,3318.691
10.378000,3318.691
10.379000,3318.691
10.380000,3318.691
10.381000,3321.171
10.382000,3321.171
10.383000,3321.171
10.384000,3321.171
10.385000,3321.171
10.386000,3324.175
10.387000,3324.175
10.388000,3324.175
10.389000,3324.175
10.390000,3324.175
10.391000,3323.078
10.392000,3323.078
10.393000,3323.078
10.394000,3323.078
10.395000,3323.078
10.396000,3323.221
10.397000,3323.221
10.398000,3323.221
10.399000,3323.221
10.400000,0.000
10.401000,3320.503
10.402000,3320.503
10.403000,3320.503
10.404000,3320.503
10.405000,3320.503
10.406000,3317.976
10.407000,3317.976
10.408000,3317.976
10.409000,3317.976
10.410000,3317.976
10.411000,3320.265
10.412000,3320.265
10.413000,3320.265
10.414000,3320.265
10.415000,3320.265
10.416000,3320.837
10.417000,3320.837
10.418000,3320.837
10.419000,3320.837
10.420000,3320.837
10.421000,3321.934
10.422000,3321.934
10.423000,3321.934
10.424000,3321.934
10.425000,3321.934
10.426000,3320.169
10.427000,3320.169
10.428000,3320.169
10.429000,3320.169
10.430000,3320.169
10.431000,3324.127
10.432000,3324.127
10.433000,3324.127
10.434000,3324.127
10.435000,3320.837
10.436000,3320.837
10.437000,3320.837
10.438000,3320.837
10.439000,3320.837
10.440000,3320.169
10.441000,3320.169
10.442000,3320.169
10.443000,3320.169
10.444000,3320.169
10.445000,3320.169
10.446000,3320.169
10.447000,3320.169
10.448000,3320.169
10.449000,3320.169
10.450000,3316.069
10.451000,3316.069
10.452000,3316.069
10.453000,3316.069
10.454000,3316.069
10.455000,3323.364
10.456000,3323.364
10.457000,3323.364
10.458000,3323.364
10.459000,3323.364
10.460000,3322.744
10.461000,3322.744
10.462000,3322.744
10.463000,3322.744
10.464000,0.000
10.465000,3326.607
10.466000,3326.607
10.467000,3326.607
10.468000,3326.607
10.469000,3326.607
10.470000,3322.744
10.471000,3322.744
10.472000,3322.744
10.473000,3322.744
10.474000,3322.744
10.475000,3321.028
10.476000,3321.028
10.477000,3321.028
10.478000,3321.028
10.479000,3321.028
10.480000,3320.169
10.481000,3320.169
10.482000,3320.169
10.483000,3320.169
10.484000,3320.169
10.485000,3318.119
10.486000,3318.119
10.487000,3318.119
10.488000,3318.119
10.489000,3318.119
10.490000,3313.112
10.491000,3313.112
10.492000,3313.112
10.493000,3313.112
10.494000,3313.112
10.495000,3315.830
10.496000,3315.830
10.497000,3315.830
10.498000,3315.830
10.499000,3324.461
10.500000,3324.461
10.501000,3324.461
10.502000,3324.461
10.503000,3324.461
10.504000,3328.705
10.505000,3328.705
10.506000,3328.705
10.507000,3328.705
10.508000,3328.705
10.509000,3327.465
10.510000,3327.465
10.511000,3327.465
10.512000,3327.465
10.513000,3327.465
10.514000,3318.691
10.515000,3318.691
10.516000,3318.691
10.517000,3318.691
10.518000,3318.691
10.519000,3319.645
10.520000,3319.645
10.521000,3319.645
10.522000,3319.645
10.523000,3319.645
10.524000,3316.736
10.525000,3316.736
10.526000,3316.736
10.527000,3316.736
10.528000,0.000
10.529000,3318.691
10.530000,3318.691
10.531000,3318.691
10.532000,3318.691
10.533000,3318.691
10.534000,3322.554
10.535000,3322.554
10.536000,3322.554
10.537000,3322.554
10.538000,3322.554
10.539000,3324.842
10.540000,3324.842
10.541000,3324.842
10.542000,3324.842
10.543000,3324.842
10.544000,3328.276
10.545000,3328.276
10.546000,3328.276
10.547000,3328.276
10.548000,3328.276
10.549000,3326.941
10.550000,3326.941
10.551000,3326.941
10.552000,3326.941
10.553000,3326.941
10.554000,3324.175
10.555000,3324.175
10.556000,3324.175
10.557000,3324.175
10.558000,3324.175
10.559000,3324.175
10.560000,3324.175
10.561000,3324.175
10.562000,3324.175
10.563000,3315.163
10.564000,3315.163
10.565000,3315.163
10.566000,3315.163
10.567000,3315.163
10.568000,3315.020
10.569000,3315.020
10.570000,3315.020
10.571000,3315.020
10.572000,3315.020
10.573000,3317.404
10.574000,3317.404
10.575000,3317.404
10.576000,3317.404
10.577000,3317.404
10.578000,3319.311
10.579000,3319.311
10.580000,3319.311
10.581000,3319.311
10.582000,3319.311
10.583000,3325.510
10.584000,3325.510
10.585000,3325.510
10.586000,3325.510
10.587000,3325.510
10.588000,3327.703
10.589000,3327.703
10.590000,3327.703
10.591000,3327.703
10.592000,0.000
10.593000,3324.842
10.594000,3324.842
10.595000,3324.842
10.596000,3324.842
10.597000,3324.842
10.598000,0.000
10.599000,0.000
10.600000,0.000
10.601000,0.000
10.602000,0.000
10.603000,3314.161
10.604000,3314.161
10.605000,3314.161
10.606000,3314.161
10.607000,3314.161
10.608000,3314.781
10.609000,3314.781
10.610000,3314.781
10.611000,3314.781
10.612000,3314.781
10.613000,3316.498
10.614000,3316.498
10.615000,3316.498
10.616000,3316.498
10.617000,3316.498
10.618000,3319.311
10.619000,3319.311
10.620000,3319.311
10.621000,3319.311
10.622000,3319.311
10.623000,3321.218
10.624000,3321.218
10.625000,3321.218
10.626000,3321.218
10.627000,3323.984
10.628000,3323.984
10.629000,3323.984
10.630000,3323.984
10.631000,3323.984
10.632000,3324.652
10.633000,3324.652
10.634000,3324.652
10.635000,3324.652
10.636000,3324.652
10.637000,3325.653
10.638000,3325.653
10.639000,3325.653
10.640000,3325.653
10.641000,3325.653
10.642000,3313.971
10.643000,3313.971
10.644000,3313.971
10.645000,3313.971
10.646000,3313.971
10.647000,3316.832
10.648000,3316.832
10.649000,3316.832
10.650000,3316.832
10.651000,3316.832
10.652000,3318.024
10.653000,3318.024
10.654000,3318.024
10.655000,3318.024
10.656000,0.000
10.657000,3320.169
10.658000,3320.169
10.659000,3320.169
10.660000,3320.169
10.661000,3320.169
10.662000,3328.800
10.663000,3328.800
10.664000,3328.800
10.665000,3328.800
10.666000,3328.800
10.667000,3326.273
10.668000,3326.273
10.669000,3326.273
10.670000,3326.273
10.671000,3326.273
10.672000,3326.797
10.673000,3326.797
10.674000,3326.797
10.675000,3326.797
10.676000,3326.797
10.677000,3323.889
10.678000,3323.889
10.679000,3323.889
10.680000,3323.889
10.681000,3323.889
10.682000,3322.649
10.683000,3322.649
10.684000,3322.649
10.685000,3322.649
10.686000,3322.649
10.687000,3322.077
10.688000,3322.077
10.689000,3322.077
10.690000,3322.077
10.691000,3321.362
10.692000,3321.362
10.693000,3321.362
10.694000,3321.362
10.695000,3321.409
10.696000,3323.174
10.697000,3323.174
10.698000,3323.174
10.699000,3323.174
10.700000,3323.174
10.701000,3322.840
10.702000,3322.840
10.703000,3322.840
10.704000,3322.840
10.705000,3322.840
10.706000,3321.457
10.707000,3321.457
10.708000,3321.457
10.709000,3321.457
10.710000,3321.457
10.711000,3319.216
10.712000,3319.216
10.713000,3319.216
10.714000,3319.216
10.715000,3319.216
10.716000,3320.360
10.717000,3320.360
10.718000,3320.360
10.719000,3320.360
10.720000,0.000
10.721000,3314.447
10.722000,3314.447
10.723000,3314.447
10.724000,3314.447
10.725000,3314.447
10.726000,3322.124
10.727000,3322.124
10.728000,3322.124
10.729000,3322.124
10.730000,3322.124
10.731000,3320.885
10.732000,3320.885
10.733000,3320.885
10.734000,3320.885
10.735000,3320.885
10.736000,3324.127
10.737000,3324.127
10.738000,3324.127
10.739000,3324.127
10.740000,3324.127
10.741000,3327.799
10.742000,3327.799
10.743000,3327.799
10.744000,3327.799
10.745000,3327.799
10.746000,3326.082
10.747000,3326.082
10.748000,3326.082
10.749000,3326.082
10.750000,3326.082
10.751000,3324.842
10.752000,3324.842
10.753000,3324.842
10.754000,3324.842
10.755000,3317.165
10.756000,3317.165
10.757000,3317.165
10.758000,3317.165
10.759000,3317.165
10.760000,3321.457
10.761000,3321.457
10.762000,3321.457
10.763000,3321.457
10.764000,3321.457
10.765000,3321.362
10.766000,3321.362
10.767000,3321.362
10.768000,3321.362
10.769000,3321.362
10.770000,3323.507
10.771000,3323.507
10.772000,3323.507
10.773000,3323.507
10.774000,3323.507
10.775000,3328.466
10.776000,3328.466
10.777000,3328.466
10.778000,3328.466
10.779000,3328.466
10.780000,3326.893
10.781000,3326.893
10.782000,3326.893
10.783000,3326.893
10.784000,0.000
10.785000,3323.126
10.786000,3323.126
10.787000,3323.126
10.788000,3323.126
10.789000,3323.126
10.790000,3323.126
10.791000,3323.126
10.792000,3323.126
10.793000,3323.126
10.794000,3323.126
10.795000,3315.735
10.796000,3315.735
10.797000,3315.735
10.798000,3315.735
10.799000,3315.735
10.800000,3315.210
10.801000,3315.210
10.802000,3315.210
10.803000,3315.210
10.804000,3315.210
10.805000,3317.308
10.806000,3317.308
10.807000,3317.308
10.808000,3317.308
10.809000,3317.308
10.810000,3319.454
10.811000,3319.454
10.812000,3319.454
10.813000,3319.454
10.814000,3319.454
10.815000,3319.788
10.816000,3319.788
10.817000,3319.788
10.818000,3319.788
10.819000,3319.788
10.820000,3319.788
10.821000,3319.788
10.822000,3319.788
10.823000,3319.073
10.824000,3319.073
10.825000,3319.073
10.826000,3319.073
10.827000,3319.073
10.828000,3320.026
10.829000,3320.026
10.830000,3320.026
10.831000,3320.026
10.832000,3320.026
10.833000,3314.781
10.834000,3314.781
10.835000,3314.781
10.836000,3314.781
10.837000,3314.781
10.838000,3314.781
10.839000,3314.781
10.840000,3314.781
10.841000,3314.781
10.842000,3314.781
10.843000,3317.070
10.844000,3317.070
10.845000,3317.070
10.846000,3317.070
10.847000,3317.070
10.848000,3320.026
10.849000,3320.026
10.850000,3320.026
10.851000,0.000
10.852000,3327.084
10.853000,3327.084
10.854000,3327.084
10.855000,3327.084
10.856000,3327.084
10.857000,3325.701
10.858000,3325.701
10.859000,3325.701
10.860000,3325.701
10.861000,3325.701
10.862000,3325.605
10.863000,3325.605
10.864000,3325.605
10.865000,3325.605
10.866000,3325.605
10.867000,3324.890
10.868000,3324.890
10.869000,3324.890
10.870000,3324.890
10.871000,3324.890
10.872000,3323.412
10.873000,3323.412
10.874000,3323.412
10.875000,3323.412
10.876000,3323.412
10.877000,3321.266
10.878000,3321.266
10.879000,3321.266
10.880000,3321.266
10.881000,3320.980
10.882000,3320.980
10.883000,3320.980
10.884000,3320.980
10.885000,3318.357
10.886000,3318.357
10.887000,3318.357
10.888000,3318.357
10.889000,3318.357
10.890000,3325.367
10.891000,3325.367
10.892000,3325.367
10.893000,3325.367
10.894000,3325.367
10.895000,3327.465
10.896000,3327.465
10.897000,3327.465
10.898000,3327.465
10.899000,3327.465
10.900000,3325.605
10.901000,3325.605
10.902000,3325.605
10.903000,3325.605
10.904000,3325.605
10.905000,3322.887
10.906000,3322.887
10.907000,3322.887
10.908000,3322.887
10.909000,3322.887
10.910000,3323.269
10.911000,3323.269
10.912000,3323.269
10.913000,3323.269
10.914000,0.000
10.915000,0.000
10.916000,0.000
10.917000,0.000
10.918000,0.000
10.919000,3319.454
10.920000,3319.454
10.921000,3319.454
10.922000,3319.454
10.923000,3319.454
10.924000,3318.071
10.925000,3318.071
10.926000,3318.071
10.927000,3318.071
10.928000,3318.071
10.929000,3319.407
10.930000,3319.407
10.931000,3319.407
10.932000,3319.407
10.933000,3319.407
10.934000,3322.792
10.935000,3322.792
10.936000,3322.792
10.937000,3322.792
10.938000,3322.792
10.939000,3322.458
10.940000,3322.458
10.941000,3322.458
10.942000,3322.458
10.943000,3322.458
10.944000,3324.080
10.945000,3324.080
10.946000,3324.080
10.947000,0.000
10.948000,3320.694
10.949000,3320.694
10.950000,3320.694
10.951000,3320.694
10.952000,3320.694
10.953000,3315.306
10.954000,3315.306
10.955000,3315.306
10.956000,3315.306
10.957000,3315.306
10.958000,3318.024
10.959000,3318.024
10.960000,3318.024
10.961000,3318.024
10.962000,3318.024
10.963000,3318.405
10.964000,3318.405
10.965000,3318.405
10.966000,3318.405
10.967000,3318.405
10.968000,3319.550
10.969000,3319.550
10.970000,3319.550
10.971000,3319.550
10.972000,3319.550
10.973000,3321.409
10.974000,3321.409
10.975000,3321.409
10.976000,3321.409
10.977000,3322.887
10.978000,3322.887
10.979000,3322.887
10.980000,3322.887
10.981000,0.000
10.982000,0.000
10.983000,0.000
10.984000,0.000
10.985000,0.000
10.986000,3323.460
10.987000,3323.460
10.988000,3323.460
10.989000,3323.460
10.990000,3323.460
10.991000,3322.077
10.992000,3322.077
10.993000,3322.077
10.994000,3322.077
10.995000,3322.077
10.996000,3320.980
10.997000,3320.980
10.998000,3320.980
10.999000,3320.980
11.000000,3320.980
11.001000,3321.218
11.002000,3321.218
11.003000,3321.218
11.004000,3321.218
11.005000,3321.218
11.006000,3317.070
11.007000,3317.070
11.008000,3317.070
11.009000,3317.070
11.010000,3321.981
11.011000,3321.981
11.012000,3321.981
11.013000,3321.981
11.014000,3321.981
11.015000,3323.793
11.016000,3323.793
11.017000,3323.793
11.018000,3323.793
11.019000,3323.793
11.020000,3324.318
11.021000,3324.318
11.022000,3324.318
11.023000,3324.318
11.024000,3324.318
11.025000,3323.269
11.026000,3323.269
11.027000,3323.269
11.028000,3323.269
11.029000,3323.269
11.030000,3321.934
11.031000,3321.934
11.032000,3321.934
11.033000,3321.934
11.034000,3321.934
11.035000,3320.122
11.036000,3320.122
11.037000,3320.122
11.038000,3320.122
11.039000,3320.122
11.040000,3321.075
11.041000,3321.075
11.042000,3321.075
11.043000,0.000
11.044000,3321.266
11.045000,3321.266
11.046000,3321.266
11.047000,3321.266
11.048000,3321.266
11.049000,3323.603
11.050000,3323.603
11.051000,3323.603
11.052000,3323.603
11.053000,3323.603
11.054000,3322.172
11.055000,3322.172
11.056000,3322.172
11.057000,3322.172
11.058000,3322.172
11.059000,3326.082
11.060000,3326.082
11.061000,3326.082
11.062000,3326.082
11.063000,3326.082
11.064000,3330.755
11.065000,3330.755
11.066000,3330.755
11.067000,3330.755
11.068000,3330.755
11.069000,3328.276
11.070000,3328.276
11.071000,3328.276
11.072000,3328.276
11.073000,3324.747
11.074000,3324.747
11.075000,3324.747
11.076000,3324.747
11.077000,3316.164
11.078000,3316.164
11.079000,3316.164
11.080000,3316.164
11.081000,3316.164
11.082000,3319.454
11.083000,3319.454
11.084000,3319.454
11.085000,3319.454
11.086000,3319.454
11.087000,3320.742
11.088000,3320.742
11.089000,3320.742
11.090000,3320.742
11.091000,3320.742
11.092000,3322.458
11.093000,3322.458
11.094000,3322.458
11.095000,3322.458
11.096000,3322.458
11.097000,3321.838
11.098000,3321.838
11.099000,3321.838
11.100000,3321.838
11.101000,3321.838
11.102000,3323.793
11.103000,3323.793
11.104000,3323.793
11.105000,3323.793
11.106000,3321.934
11.107000,3321.934
11.108000,3321.934
11.109000,3321.934
11.110000,3321.934
11.111000,3320.408
11.112000,3320.408
11.113000,3320.408
11.114000,3320.408
11.115000,3320.408
11.116000,3319.645
11.117000,3319.645
11.118000,3319.645
11.119000,3319.645
11.120000,3319.645
11.121000,3316.307
11.122000,3316.307
11.123000,3316.307
11.124000,3316.307
11.125000,3316.307
11.126000,3316.545
11.127000,3316.545
11.128000,3316.545
11.129000,3316.545
11.130000,3316.545
11.131000,3317.642
11.132000,3317.642
11.133000,3317.642
11.134000,3317.642
11.135000,3317.642
11.136000,3318.453
11.137000,3318.453
11.138000,3318.453
11.139000,0.000
11.140000,3327.465
11.141000,3327.465
11.142000,3327.465
11.143000,3327.465
11.144000,3327.465
11.145000,3326.464
11.146000,3326.464
11.147000,3326.464
11.148000,3326.464
11.149000,3326.464
11.150000,3320.932
11.151000,3320.932
11.152000,3320.932
11.153000,3320.932
11.154000,3320.932
11.155000,3321.552
11.156000,3321.552
11.157000,3321.552
11.158000,3321.552
11.159000,3321.552
11.160000,3316.212
11.161000,3316.212
11.162000,3316.212
11.163000,3316.212
11.164000,3316.212
11.165000,3315.496
11.166000,3315.496
11.167000,3315.496
11.168000,3315.496
11.169000,3317.022
11.170000,3317.022
11.171000,3317.022
11.172000,3317.022
11.173000,3321.457
11.174000,3321.457
11.175000,3321.457
11.176000,3321.457
11.177000,3321.457
11.178000,3320.503
11.179000,3320.503
11.180000,3320.503
11.181000,3320.503
11.182000,3320.503
11.183000,3326.082
11.184000,3326.082
11.185000,3326.082
11.186000,3326.082
11.187000,3326.082
11.188000,3327.036
11.189000,3327.036
11.190000,3327.036
11.191000,3327.036
11.192000,3327.036
11.193000,3324.413
11.194000,3324.413
11.195000,3324.413
11.196000,3324.413
11.197000,3324.413
11.198000,3322.411
11.199000,3322.411
11.200000,3322.411
11.201000,3322.411
11.202000,3316.450
11.203000,3316.450
11.204000,3316.450
11.205000,3316.450
11.206000,3316.450
11.207000,3318.119
11.208000,3318.119
11.209000,3318.119
11.210000,3318.119
11.211000,3318.119
11.212000,3319.788
11.213000,3319.788
11.214000,3319.788
11.215000,3319.788
11.216000,3319.788
11.217000,3325.129
11.218000,3325.129
11.219000,3325.129
11.220000,3325.129
11.221000,3325.129
11.222000,3326.845
11.223000,3326.845
11.224000,3326.845
11.225000,3326.845
11.226000,3326.845
11.227000,3324.080
11.228000,3324.080
11.229000,3324.080
11.230000,3324.080
11.231000,3324.080
11.232000,3323.460
11.233000,3323.460
11.234000,3323.460
11.235000,0.000
11.236000,3314.114
11.237000,3314.114
11.238000,3314.114
11.239000,3314.114
11.240000,3314.114
11.241000,3315.592
11.242000,3315.592
11.243000,3315.592
11.244000,3315.592
11.245000,3315.592
11.246000,3318.214
11.247000,3318.214
11.248000,3318.214
11.249000,3318.214
11.250000,3318.214
11.251000,3319.454
11.252000,3319.454
11.253000,3319.454
11.254000,3319.454
11.255000,3319.454
11.256000,3320.456
11.257000,3320.456
11.258000,3320.456
11.259000,3320.456
11.260000,3320.456
11.261000,3321.838
11.262000,3321.838
11.263000,3321.838
11.264000,3321.838
11.265000,3322.315
11.266000,3322.315
11.267000,3322.315
11.268000,3322.315
11.269000,3322.363
11.270000,3322.363
11.271000,3322.363
11.272000,3322.363
11.273000,3322.363
11.274000,3322.458
11.275000,3322.458
11.276000,3322.458
11.277000,3322.458
11.278000,3322.458
11.279000,3314.304
11.280000,3314.304
11.281000,3314.304
11.282000,3314.304
11.283000,3314.304
11.284000,3318.214
11.285000,3318.214
11.286000,3318.214
11.287000,3318.214
11.288000,3318.214
11.289000,3318.691
11.290000,3318.691
11.291000,3318.691
11.292000,3318.691
11.293000,3318.691
11.294000,3317.165
11.295000,3317.165
11.296000,3317.165
11.297000,3317.165
11.298000,3325.462
11.299000,3325.462
11.300000,3325.462
11.301000,3325.462
11.302000,3325.462
11.303000,3323.746
11.304000,3323.746
11.305000,3323.746
11.306000,3323.746
11.307000,3323.746
11.308000,3323.507
11.309000,3323.507
11.310000,3323.507
11.311000,3323.507
11.312000,3323.507
11.313000,3321.218
11.314000,3321.218
11.315000,3321.218
11.316000,3321.218
11.317000,3321.218
11.318000,3321.314
11.319000,3321.314
11.320000,3321.314
11.321000,3321.314
11.322000,3321.314
11.323000,3320.646
11.324000,3320.646
11.325000,3320.646
11.326000,3320.646
11.327000,3320.646
11.328000,3318.691
11.329000,3318.691
11.330000,3318.691
11.331000,0.000
11.332000,3319.025
11.333000,3319.025
11.334000,3319.025
11.335000,3319.025
11.336000,3319.025
11.337000,3322.029
11.338000,3322.029
11.339000,3322.029
11.340000,3322.029
11.341000,3322.029
11.342000,3321.552
11.343000,3321.552
11.344000,3321.552
11.345000,3321.552
11.346000,3321.552
11.347000,3324.080
11.348000,3324.080
11.349000,3324.080
11.350000,3324.080
11.351000,3324.080
11.352000,3323.841
11.353000,3323.841
11.354000,3323.841
11.355000,3323.841
11.356000,3323.841
11.357000,3322.172
11.358000,3322.172
11.359000,3322.172
11.360000,3322.172
11.361000,3319.836
11.362000,3319.836
11.363000,3319.836
11.364000,3319.836
11.365000,3319.407
11.366000,3319.407
11.367000,3319.407
11.368000,3319.407
11.369000,3319.407
11.370000,3319.645
11.371000,3319.645
11.372000,3319.645
11.373000,3319.645
11.374000,3319.645
11.375000,3323.555
11.376000,3323.555
11.377000,3323.555
11.378000,3323.555
11.379000,3323.555
11.380000,3322.649
11.381000,3322.649
11.382000,3322.649
11.383000,3322.649
11.384000,3322.649
11.385000,3320.885
11.386000,3320.885
11.387000,3320.885
11.388000,3320.885
11.389000,3320.885
11.390000,3325.319
11.391000,3325.319
11.392000,3325.319
11.393000,3325.319
11.394000,3322.268
11.395000,3322.268
11.396000,3322.268
11.397000,3322.268
11.398000,3322.268
11.399000,3319.836
11.400000,3319.836
11.401000,3319.836
11.402000,3319.836
11.403000,3319.836
11.404000,3321.266
11.405000,3321.266
11.406000,3321.266
11.407000,3321.266
11.408000,3321.266
11.409000,3316.927
11.410000,3316.927
11.411000,3316.927
11.412000,3316.927
11.413000,3316.927
11.414000,3322.792
11.415000,3322.792
11.416000,3322.792
11.417000,3322.792
11.418000,3322.792
11.419000,3322.554
11.420000,3322.554
11.421000,3322.554
11.422000,3322.554
11.423000,3322.554
11.424000,3323.936
11.425000,3323.936
11.426000,3323.936
11.427000,0.000
11.428000,3324.366
11.429000,3324.366
11.430000,3324.366
11.431000,3324.366
11.432000,3324.366
11.433000,3320.408
11.434000,3320.408
11.435000,3320.408
11.436000,3320.408
11.437000,3320.408
11.438000,3320.837
11.439000,3320.837
11.440000,3320.837
11.441000,3320.837
11.442000,3320.837
11.443000,3317.547
11.444000,3317.547
11.445000,3317.547
11.446000,3317.547
11.447000,3317.547
11.448000,3314.638
11.449000,3314.638
11.450000,3314.638
11.451000,3314.638
11.452000,3314.638
11.453000,3315.115
11.454000,3315.115
11.455000,3315.115
11.456000,3315.115
11.457000,3318.596
11.458000,3318.596
11.459000,3318.596
11.460000,3318.596
11.461000,3324.080
11.462000,3324.080
11.463000,3324.080
11.464000,3324.080
11.465000,3324.080
11.466000,3327.513
11.467000,3327.513
11.468000,3327.513
11.469000,3327.513
11.470000,3327.513
11.471000,3326.845
11.472000,3326.845
11.473000,3326.845
11.474000,3326.845
11.475000,3326.845
11.476000,3319.263
11.477000,3319.263
11.478000,3319.263
11.479000,3319.263
11.480000,3319.263
11.481000,3318.071
11.482000,3318.071
11.483000,3318.071
11.484000,3318.071
11.485000,3318.071
11.486000,3313.398
11.487000,3313.398
11.488000,3313.398
11.489000,3313.398
11.490000,3321.457
11.491000,3321.457
11.492000,3321.457
11.493000,3321.457
11.494000,3321.457
11.495000,3322.077
11.496000,3322.077
11.497000,3322.077
11.498000,3322.077
11.499000,3322.077
11.500000,3322.458
11.501000,3322.458
11.502000,3322.458
11.503000,3322.458
11.504000,3322.458
11.505000,3326.225
11.506000,3326.225
11.507000,3326.225
11.508000,3326.225
11.509000,3326.225
11.510000,3326.607
11.511000,3326.607
11.512000,3326.607
11.513000,3326.607
11.514000,3326.607
11.515000,3325.367
11.516000,3325.367
11.517000,3325.367
11.518000,3325.367
11.519000,3325.367
11.520000,3323.889
11.521000,3323.889
11.522000,3323.889
11.523000,0.000
11.524000,3314.114
11.525000,3314.114
11.526000,3314.114
11.527000,3314.114
11.528000,3314.114
11.529000,3315.401
11.530000,3315.401
11.531000,3315.401
11.532000,3315.401
11.533000,3315.401
11.534000,3317.595
11.535000,3317.595
11.536000,3317.595
11.537000,3317.595
11.538000,3317.595
11.539000,3318.596
11.540000,3318.596
11.541000,3318.596
11.542000,3318.596
11.543000,3318.596
11.544000,3327.131
11.545000,3327.131
11.546000,3327.131
11.547000,3327.131
11.548000,3327.131
11.549000,3328.133
11.550000,3328.133
11.551000,3328.133
11.552000,3328.133
11.553000,3326.941
11.554000,3326.941
11.555000,3326.941
11.556000,3326.941
11.557000,3405.714
11.558000,3405.714
11.559000,3405.714
11.560000,3405.714
11.561000,3405.714
11.562000,3412.533
11.563000,3412.533
11.564000,3412.533
11.565000,3412.533
11.566000,3412.533
11.567000,3412.867
11.568000,3412.867
11.569000,3412.867
11.570000,3412.867
11.571000,3412.867
11.572000,3415.489
11.573000,3415.489
11.574000,3415.489
11.575000,3415.489
11.576000,3415.489
11.577000,3435.707
11.578000,3435.707
11.579000,3435.707
11.580000,3435.707
11.581000,3435.707
11.582000,3460.312
11.583000,3460.312
11.584000,3460.312
11.585000,3460.312
11.586000,3586.626
11.587000,3586.626
11.588000,3586.626
11.589000,3586.626
11.590000,3586.626
11.591000,3584.957
11.592000,3584.957
11.593000,3584.957
11.594000,3584.957
11.595000,3584.957
11.596000,3584.957
11.597000,3584.957
11.598000,3584.957
11.599000,3584.957
11.600000,3584.957
11.601000,3583.860
11.602000,3583.860
11.603000,3583.860
11.604000,3583.860
11.605000,3583.860
11.606000,3576.231
11.607000,3576.231
11.608000,3576.231
11.609000,3576.231
11.610000,3576.231
11.611000,3579.950
11.612000,3579.950
11.613000,3579.950
11.614000,3579.950
11.615000,3579.950
11.616000,3580.523
11.617000,3580.523
11.618000,3580.523
11.619000,0.000
11.620000,3426.123
11.621000,3426.123
11.622000,3426.123
11.623000,3426.123
11.624000,3426.123
11.625000,3424.931
11.626000,3424.931
11.627000,3424.931
11.628000,3424.931
11.629000,3424.931
11.630000,3413.439
11.631000,3413.439
11.632000,3413.439
11.633000,3413.439
11.634000,3413.439
11.635000,3399.324
11.636000,3399.324
11.637000,3399.324
11.638000,3399.324
11.639000,3399.324
11.640000,3389.263
11.641000,3389.263
11.642000,3389.263
11.643000,3389.263
11.644000,3389.263
11.645000,3374.910
11.646000,3374.910
11.647000,3374.910
11.648000,3374.910
11.649000,3372.145
11.650000,3372.145
11.651000,3372.145
11.652000,3372.145
11.653000,3318.834
11.654000,3318.834
11.655000,3318.834
11.656000,3318.834
11.657000,3318.834
11.658000,3321.552
11.659000,3321.552
11.660000,3321.552
11.661000,3321.552
11.662000,3321.552
11.663000,3321.314
11.664000,3321.314
11.665000,3321.314
11.666000,3321.314
11.667000,3321.314
11.668000,3322.697
11.669000,3322.697
11.670000,3322.697
11.671000,3322.697
11.672000,3322.697
11.673000,3322.411
11.674000,3322.411
11.675000,3322.411
11.676000,3322.411
11.677000,3322.411
11.678000,3322.887
11.679000,3322.887
11.680000,3322.887
11.681000,3322.887
11.682000,3315.020
11.683000,3315.020
11.684000,3315.020
11.685000,3315.020
11.686000,3315.020
11.687000,3317.928
11.688000,3317.928
11.689000,3317.928
11.690000,3317.928
11.691000,3317.928
11.692000,3320.122
11.693000,3320.122
11.694000,3320.122
11.695000,3320.122
11.696000,3320.122
11.697000,3320.313
11.698000,3320.313
11.699000,3320.313
11.700000,3320.313
11.701000,3320.313
11.702000,3321.028
11.703000,3321.028
11.704000,3321.028
11.705000,3321.028
11.706000,3321.028
11.707000,3323.555
11.708000,3323.555
11.709000,3323.555
11.710000,3323.555
11.711000,3323.555
11.712000,3323.460
11.713000,3323.460
11.714000,3323.460
11.715000,0.000
11.716000,3324.223
11.717000,3324.223
11.718000,3324.223
11.719000,3324.223
11.720000,3324.223
11.721000,3321.886
11.722000,3321.886
11.723000,3321.886
11.724000,3321.886
11.725000,3321.886
11.726000,3320.074
11.727000,3320.074
11.728000,3320.074
11.729000,3320.074
11.730000,3320.074
11.731000,3322.029
11.732000,3322.029
11.733000,3322.029
11.734000,3322.029
11.735000,3322.029
11.736000,3318.357
11.737000,3318.357
11.738000,3318.357
11.739000,3318.357
11.740000,3318.357
11.741000,3320.360
11.742000,3320.360
11.743000,3320.360
11.744000,3320.360
11.745000,3322.554
11.746000,3322.554
11.747000,3322.554
11.748000,3322.554
11.749000,3414.297
11.750000,3414.297
11.751000,3414.297
11.752000,3414.297
11.753000,3414.297
11.754000,3484.583
11.755000,3484.583
11.756000,3484.583
11.757000,3484.583
11.758000,3484.583
11.759000,3575.134
11.760000,3575.134
11.761000,3575.134
11.762000,3575.134
11.763000,3575.134
11.764000,3636.646
11.765000,3636.646
11.766000,3636.646
11.767000,3636.646
11.768000,3636.646
11.769000,3709.221
11.770000,3709.221
11.771000,3709.221
11.772000,3709.221
11.773000,3709.221
11.774000,3764.153
11.775000,3764.153
11.776000,3764.153
11.777000,3764.153
11.778000,4272.032
11.779000,4272.032
11.780000,4272.032
11.781000,4272.032
11.782000,4272.032
11.783000,4201.221
11.784000,4201.221
11.785000,4201.221
11.786000,4201.221
11.787000,4201.221
11.788000,4107.285
11.789000,4107.285
11.790000,4107.285
11.791000,4107.285
11.792000,4107.285
11.793000,3822.041
11.794000,3822.041
11.795000,3822.041
11.796000,3822.041
11.797000,3822.041
11.798000,3768.587
11.799000,3768.587
11.800000,3768.587
11.801000,3768.587
11.802000,3768.587
11.803000,3702.164
11.804000,3702.164
11.805000,3702.164
11.806000,3702.164
11.807000,3702.164
11.808000,3625.441
11.809000,3625.441
11.810000,3625.441
11.811000,0.000
11.812000,3296.328
11.813000,3296.328
11.814000,3296.328
11.815000,3296.328
11.816000,3296.328
11.817000,3319.740
11.818000,3319.740
11.819000,3319.740
11.820000,3319.740
11.821000,3319.740
11.822000,3322.649
11.823000,3322.649
11.824000,3322.649
11.825000,3322.649
11.826000,3322.649
11.827000,3326.178
11.828000,3326.178
11.829000,3326.178
11.830000,3326.178
11.831000,3326.178
11.832000,3326.893
11.833000,3326.893
11.834000,3326.893
11.835000,3326.893
11.836000,3326.893
11.837000,3325.462
11.838000,3325.462
11.839000,3325.462
11.840000,3325.462
11.841000,3323.984
11.842000,3323.984
11.843000,3323.984
11.844000,3323.984
11.845000,3316.212
11.846000,3316.212
11.847000,3316.212
11.848000,3316.212
11.849000,3316.212
11.850000,3316.641
11.851000,3316.641
11.852000,3316.641
11.853000,3316.641
11.854000,3316.641
11.855000,3317.881
11.856000,3317.881
11.857000,3317.881
11.858000,3317.881
11.859000,3317.881
11.860000,3320.837
11.861000,3320.837
11.862000,3320.837
11.863000,3320.837
11.864000,3320.837
11.865000,3327.322
11.866000,3327.322
11.867000,3327.322
11.868000,3327.322
11.869000,3327.322
11.870000,3328.466
11.871000,3328.466
11.872000,3328.466
11.873000,3328.466
11.874000,3320.551
11.875000,3320.551
11.876000,3320.551
11.877000,3320.551
11.878000,3320.551
11.879000,3320.837
11.880000,3320.837
11.881000,3320.837
11.882000,3320.837
11.883000,3320.837
11.884000,3316.689
11.885000,3316.689
11.886000,3316.689
11.887000,3316.689
11.888000,3316.689
11.889000,3316.450
11.890000,3316.450
11.891000,3316.450
11.892000,3316.450
11.893000,3316.450
11.894000,3318.501
11.895000,3318.501
11.896000,3318.501
11.897000,3318.501
11.898000,3318.501
11.899000,3320.551
11.900000,3320.551
11.901000,3320.551
11.902000,3320.551
11.903000,3320.551
11.904000,3319.883
11.905000,3319.883
11.906000,3319.883
11.907000,0.000
11.908000,3328.609
11.909000,3328.609
11.910000,3328.609
11.911000,3328.609
11.912000,3328.609
11.913000,3327.799
11.914000,3327.799
11.915000,3327.799
11.916000,3327.799
11.917000,3327.799
11.918000,3325.748
11.919000,3325.748
11.920000,3325.748
11.921000,3325.748
11.922000,3325.748
11.923000,3324.413
11.924000,3324.413
11.925000,3324.413
11.926000,3324.413
11.927000,3324.413
11.928000,3323.841
11.929000,3323.841
11.930000,3323.841
11.931000,3323.841
11.932000,3323.841
11.933000,3315.544
11.934000,3315.544
11.935000,3315.544
11.936000,3315.544
11.937000,3319.645
11.938000,3319.645
11.939000,3319.645
11.940000,3319.645
11.941000,3325.176
11.942000,3325.176
11.943000,3325.176
11.944000,3325.176
11.945000,3325.176
11.946000,3328.180
11.947000,3328.180
11.948000,3328.180
11.949000,3328.180
11.950000,3328.180
11.951000,3326.559
11.952000,3326.559
11.953000,3326.559
11.954000,3326.559
11.955000,3326.559
11.956000,3326.035
11.957000,3326.035
11.958000,3326.035
11.959000,3326.035
11.960000,3326.035
11.961000,3324.366
11.962000,3324.366
11.963000,3324.366
11.964000,3324.366
11.965000,3324.366
11.966000,3323.650
11.967000,3323.650
11.968000,3323.650
11.969000,3323.650
11.970000,3319.597
11.971000,3319.597
11.972000,3319.597
11.973000,3319.597
11.974000,3319.597
11.975000,3319.979
11.976000,3319.979
11.977000,3319.979
11.978000,3319.979
11.979000,3319.979
11.980000,3319.693
11.981000,3319.693
11.982000,3319.693
11.983000,3319.693
11.984000,3319.693
11.985000,3321.934
11.986000,3321.934
11.987000,3321.934
11.988000,3321.934
11.989000,3321.934
11.990000,3322.601
11.991000,3322.601
11.992000,3322.601
11.993000,3322.601
11.994000,3322.601
11.995000,3326.321
11.996000,3326.321
11.997000,3326.321
11.998000,3326.321
11.999000,3326.321
12.000000,3345.394
12.001000,3345.394
12.002000,3345.394
12.003000,0.000
12.004000,0.000
12.005000,0.000
12.006000,0.000
12.007000,0.000
12.008000,0.000
12.009000,0.000
12.010000,0.000
12.011000,0.000
12.012000,0.000
12.013000,0.000
12.014000,3532.839
12.015000,3532.839
12.016000,3532.839
12.017000,3532.839
12.018000,3532.839
12.019000,3551.531
12.020000,3551.531
12.021000,3551.531
12.022000,3551.531
12.023000,3551.531
12.024000,3579.569
12.025000,3579.569
12.026000,3579.569
12.027000,3579.569
12.028000,3579.569
12.029000,3584.003
12.030000,3584.003
12.031000,3584.003
12.032000,3584.003
12.033000,3584.003
12.034000,3584.003
12.035000,3584.003
12.036000,3584.003
12.037000,3710.175
12.038000,3710.175
12.039000,3710.175
12.040000,3710.175
12.041000,3710.175
12.042000,3721.619
12.043000,3721.619
12.044000,3721.619
12.045000,3721.619
12.046000,3721.619
12.047000,3722.143
12.048000,3722.143
12.049000,3722.143
12.050000,3722.143
12.051000,3722.143
12.052000,3721.905
12.053000,3721.905
12.054000,3721.905
12.055000,3721.905
12.056000,3721.905
12.057000,3721.046
12.058000,3721.046
12.059000,3721.046
12.060000,3721.046
12.061000,3721.046
12.062000,3716.612
12.063000,3716.612
12.064000,3716.612
12.065000,3716.612
12.066000,3820.801
12.067000,3820.801
12.068000,3820.801
12.069000,3820.801
12.070000,3820.801
12.071000,3818.417
12.072000,3818.417
12.073000,3818.417
12.074000,3818.417
12.075000,3818.417
12.076000,3816.080
12.077000,3816.080
12.078000,3816.080
12.079000,3816.080
12.080000,3816.080
12.081000,3815.842
12.082000,3815.842
12.083000,3815.842
12.084000,3815.842
12.085000,3815.842
12.086000,3815.126
12.087000,3815.126
12.088000,3815.126
12.089000,3815.126
12.090000,3815.126
12.091000,3811.455
12.092000,3811.455
12.093000,3811.455
12.094000,3811.455
12.095000,3811.455
12.096000,3808.737
12.097000,3808.737
12.098000,3808.737
12.099000,0.000
12.100000,3698.826
12.101000,3698.826
12.102000,3698.826
12.103000,3698.826
12.104000,3698.826
12.105000,3701.401
12.106000,3701.401
12.107000,3701.401
12.108000,3701.401
12.109000,3701.401
12.110000,3684.330
12.111000,3684.330
12.112000,3684.330
12.113000,3684.330
12.114000,3684.330
12.115000,3658.342
12.116000,3658.342
12.117000,3658.342
12.118000,3658.342
12.119000,3658.342
12.120000,3628.969
12.121000,3628.969
12.122000,3628.969
12.123000,3628.969
12.124000,3628.969
12.125000,3628.016
12.126000,3628.016
12.127000,3628.016
12.128000,3628.016
12.129000,3623.533
12.130000,3623.533
12.131000,3623.533
12.132000,3623.533
12.133000,0.000
12.134000,0.000
12.135000,0.000
12.136000,0.000
12.137000,0.000
12.138000,3399.992
12.139000,3399.992
12.140000,3399.992
12.141000,3399.992
12.142000,3399.992
12.143000,3398.657
12.144000,3398.657
12.145000,3398.657
12.146000,3398.657
12.147000,3398.657
12.148000,3403.807
12.149000,3403.807
12.150000,3403.807
12.151000,3403.807
12.152000,3403.807
12.153000,3393.555
12.154000,3393.555
12.155000,3393.555
12.156000,3393.555
12.157000,3393.555
12.158000,3378.057
12.159000,3378.057
12.160000,3378.057
12.161000,3378.057
12.162000,3318.834
12.163000,3318.834
12.164000,3318.834
12.165000,3318.834
12.166000,3318.834
12.167000,3314.209
12.168000,3314.209
12.169000,3314.209
12.170000,3314.209
12.171000,3314.209
12.172000,3316.545
12.173000,3316.545
12.174000,3316.545
12.175000,3316.545
12.176000,3316.545
12.177000,3317.690
12.178000,3317.690
12.179000,3317.690
12.180000,3317.690
12.181000,3317.690
12.182000,3318.501
12.183000,3318.501
12.184000,3318.501
12.185000,3318.501
12.186000,3318.501
12.187000,3327.179
12.188000,3327.179
12.189000,3327.179
12.190000,3327.179
12.191000,3327.179
12.192000,3329.182
12.193000,3329.182
12.194000,3329.182
12.195000,0.000
12.196000,3322.124
12.197000,3322.124
12.198000,3322.124
12.199000,3322.124
12.200000,3322.124
12.201000,3316.212
12.202000,3316.212
12.203000,3316.212
12.204000,3316.212
12.205000,3316.212
12.206000,3313.971
12.207000,3313.971
12.208000,3313.971
12.209000,3313.971
12.210000,3313.971
12.211000,3317.022
12.212000,3317.022
12.213000,3317.022
12.214000,3317.022
12.215000,3317.022
12.216000,3319.645
12.217000,3319.645
12.218000,3319.645
12.219000,3319.645
12.220000,3319.645
12.221000,3321.266
12.222000,3321.266
12.223000,3321.266
12.224000,3321.266
12.225000,3321.838
12.226000,3321.838
12.227000,3321.838
12.228000,3321.838
12.229000,0.000
12.230000,0.000
12.231000,0.000
12.232000,0.000
12.233000,0.000
12.234000,3324.938
12.235000,3324.938
12.236000,3324.938
12.237000,3324.938
12.238000,3324.938
12.239000,3323.984
12.240000,3323.984
12.241000,3323.984
12.242000,3323.984
12.243000,3323.984
12.244000,3323.221
12.245000,3323.221
12.246000,3323.221
12.247000,3323.221
12.248000,3323.221
12.249000,3321.552
12.250000,3321.552
12.251000,3321.552
12.252000,3321.552
12.253000,3321.552
12.254000,3319.311
12.255000,3319.311
12.256000,3319.311
12.257000,3319.311
12.258000,3323.889
12.259000,3323.889
12.260000,3323.889
12.261000,3323.889
12.262000,3323.889
12.263000,3326.941
12.264000,3326.941
12.265000,3326.941
12.266000,3326.941
12.267000,3326.941
12.268000,3326.178
12.269000,3326.178
12.270000,3326.178
12.271000,3326.178
12.272000,3326.178
12.273000,3324.938
12.274000,3324.938
12.275000,3324.938
12.276000,3324.938
12.277000,3324.938
12.278000,3324.318
12.279000,3324.318
12.280000,3324.318
12.281000,3324.318
12.282000,3324.318
12.283000,3323.364
12.284000,3323.364
12.285000,3323.364
12.286000,3323.364
12.287000,3323.364
12.288000,3320.313
12.289000,3320.313
12.290000,3320.313
12.291000,0.000
12.292000,3320.980
12.293000,3320.980
12.294000,3320.980
12.295000,3320.980
12.296000,3320.980
12.297000,3320.456
12.298000,3320.456
12.299000,3320.456
12.300000,3320.456
12.301000,3320.456
12.302000,3322.506
12.303000,3322.506
12.304000,3322.506
12.305000,3322.506
12.306000,3322.506
12.307000,3322.554
12.308000,3322.554
12.309000,3322.554
12.310000,3322.554
12.311000,3322.554
12.312000,3325.415
12.313000,3325.415
12.314000,3325.415
12.315000,3325.415
12.316000,3325.415
12.317000,3323.555
12.318000,3323.555
12.319000,3323.555
12.320000,3323.555
12.321000,3321.838
12.322000,3321.838
12.323000,3321.838
12.324000,3321.838
12.325000,3319.359
12.326000,3319.359
12.327000,3319.359
12.328000,3319.359
12.329000,3319.359
12.330000,3319.931
12.331000,3319.931
12.332000,3319.931
12.333000,3319.931
12.334000,3319.931
12.335000,3320.122
12.336000,3320.122
12.337000,3320.122
12.338000,3320.122
12.339000,3320.122
12.340000,3322.315
12.341000,3322.315
12.342000,3322.315
12.343000,3322.315
12.344000,3322.315
12.345000,3323.078
12.346000,3323.078
12.347000,3323.078
12.348000,3323.078
12.349000,3323.078
12.350000,3322.887
12.351000,3322.887
12.352000,3322.887
12.353000,3322.887
12.354000,3323.460
12.355000,3323.460
12.356000,3323.460
12.357000,3323.460
12.358000,3323.460
12.359000,3321.981
12.360000,3321.981
12.361000,3321.981
12.362000,3321.981
12.363000,3321.981
12.364000,3320.408
12.365000,3320.408
12.366000,3320.408
12.367000,3320.408
12.368000,3320.408
12.369000,3320.885
12.370000,3320.885
12.371000,3320.885
12.372000,3320.885
12.373000,3320.885
12.374000,3315.830
12.375000,3315.830
12.376000,3315.830
12.377000,3315.830
12.378000,3315.830
12.379000,3320.885
12.380000,3320.885
12.381000,3320.885
12.382000,3320.885
12.383000,3320.885
12.384000,3322.315
12.385000,3322.315
12.386000,3322.315
12.387000,0.000
12.388000,3324.699
12.389000,3324.699
12.390000,3324.699
12.391000,3324.699
12.392000,3324.699
12.393000,3322.983
12.394000,3322.983
12.395000,3322.983
12.396000,3322.983
12.397000,3322.983
12.398000,3321.886
12.399000,3321.886
12.400000,3321.886
12.401000,3321.886
12.402000,3321.886
12.403000,3323.126
12.404000,3323.126
12.405000,3323.126
12.406000,3323.126
12.407000,3323.126
12.408000,3317.404
12.409000,3317.404
12.410000,3317.404
12.411000,3317.404
12.412000,3317.404
12.413000,3316.307
12.414000,3316.307
12.415000,3316.307
12.416000,3316.307
12.417000,3316.927
12.418000,3316.927
12.419000,3316.927
12.420000,3316.927
12.421000,3324.652
12.422000,3324.652
12.423000,3324.652
12.424000,3324.652
12.425000,3324.652
12.426000,3324.556
12.427000,3324.556
12.428000,3324.556
12.429000,3324.556
12.430000,3324.556
12.431000,3325.844
12.432000,3325.844
12.433000,3325.844
12.434000,3325.844
12.435000,3325.844
12.436000,3327.990
12.437000,3327.990
12.438000,3327.990
12.439000,3327.990
12.440000,3327.990
12.441000,3328.133
12.442000,3328.133
12.443000,3328.133
12.444000,3328.133
12.445000,3328.133
12.446000,3320.408
12.447000,3320.408
12.448000,3320.408
12.449000,3320.408
12.450000,3321.791
12.451000,3321.791
12.452000,3321.791
12.453000,3321.791
12.454000,3321.791
12.455000,3323.364
12.456000,3323.364
12.457000,3323.364
12.458000,3323.364
12.459000,3323.364
12.460000,3320.599
12.461000,3320.599
12.462000,3320.599
12.463000,3320.599
12.464000,3320.599
12.465000,3323.984
12.466000,3323.984
12.467000,3323.984
12.468000,3323.984
12.469000,3323.984
12.470000,3328.323
12.471000,3328.323
12.472000,3328.323
12.473000,3328.323
12.474000,3328.323
12.475000,3328.753
12.476000,3328.753
12.477000,3328.753
12.478000,3328.753
12.479000,3328.753
12.480000,3325.653
12.481000,3325.653
12.482000,3325.653
12.483000,0.000
12.484000,3318.596
12.485000,3318.596
12.486000,3318.596
12.487000,3318.596
12.488000,3318.596
12.489000,3313.923
12.490000,3313.923
12.491000,3313.923
12.492000,3313.923
12.493000,3313.923
12.494000,3315.353
12.495000,3315.353
12.496000,3315.353
12.497000,3315.353
12.498000,3315.353
12.499000,3316.355
12.500000,3316.355
12.501000,3316.355
12.502000,3316.355
12.503000,3316.355
12.504000,3318.119
12.505000,3318.119
12.506000,3318.119
12.507000,3318.119
12.508000,3318.119
12.509000,3326.941
12.510000,3326.941
12.511000,3326.941
12.512000,3326.941
12.513000,3328.466
12.514000,3328.466
12.515000,3328.466
12.516000,3328.466
12.517000,3319.836
12.518000,3319.836
12.519000,3319.836
12.520000,3319.836
12.521000,3319.836
12.522000,3320.742
12.523000,3320.742
12.524000,3320.742
12.525000,3320.742
12.526000,3320.742
12.527000,3315.878
12.528000,3315.878
12.529000,3315.878
12.530000,3315.878
12.531000,3315.878
12.532000,3315.926
12.533000,3315.926
12.534000,3315.926
12.535000,3315.926
12.536000,3315.926
12.537000,3315.496
12.538000,3315.496
12.539000,3315.496
12.540000,3315.496
12.541000,3315.496
12.542000,3317.642
12.543000,3317.642
12.544000,3317.642
12.545000,3317.642
12.546000,3326.225
12.547000,3326.225
12.548000,3326.225
12.549000,3326.225
12.550000,3326.225
12.551000,3326.511
12.552000,3326.511
12.553000,3326.511
12.554000,3326.511
12.555000,3326.511
12.556000,3325.033
12.557000,3325.033
12.558000,3325.033
12.559000,3325.033
12.560000,3325.033
12.561000,3323.030
12.562000,3323.030
12.563000,3323.030
12.564000,3323.030
12.565000,3323.030
12.566000,3323.269
12.567000,3323.269
12.568000,3323.269
12.569000,3323.269
12.570000,3323.269
12.571000,3322.172
12.572000,3322.172
12.573000,3322.172
12.574000,3322.172
12.575000,3322.172
12.576000,3323.936
12.577000,3323.936
12.578000,3323.936
12.579000,3323.936
12.580000,3323.936
12.581000,3325.891
12.582000,3325.891
12.583000,3325.891
12.584000,3325.891
12.585000,3325.891
12.586000,3328.466
12.587000,3328.466
12.588000,3328.466
12.589000,3328.466
12.590000,3328.466
12.591000,3328.514
12.592000,3328.514
12.593000,3328.514
12.594000,3328.514
12.595000,3328.514
12.596000,3324.842
12.597000,3324.842
12.598000,3324.842
12.599000,3324.842
12.600000,3324.842
12.601000,3323.936
12.602000,3323.936
12.603000,3323.936
12.604000,3323.936
12.605000,3323.936
12.606000,3323.364
12.607000,3323.364
12.608000,3323.364
12.609000,3323.364
12.610000,3316.545
12.611000,3316.545
12.612000,3316.545
12.613000,3316.545
12.614000,3316.545
12.615000,3317.642
12.616000,3317.642
12.617000,3317.642
12.618000,3317.642
12.619000,3317.642
12.620000,3317.261
12.621000,3317.261
12.622000,3317.261
12.623000,3317.261
12.624000,3317.261
12.625000,3318.930
12.626000,3318.930
12.627000,3318.930
12.628000,3318.930
12.629000,3318.930
12.630000,3321.600
12.631000,3321.600
12.632000,3321.600
12.633000,3321.600
12.634000,3321.600
12.635000,3322.268
12.636000,3322.268
12.637000,3322.268
12.638000,3322.268
12.639000,3322.268
12.640000,3316.212
12.641000,3316.212
12.642000,3316.212
12.643000,3316.212
12.644000,3316.212
12.645000,3318.357
12.646000,3318.357
12.647000,3318.357
12.648000,3318.357
12.649000,3318.357
12.650000,3319.502
12.651000,3319.502
12.652000,3319.502
12.653000,3319.502
12.654000,3319.502
12.655000,3318.024
12.656000,3318.024
12.657000,3318.024
12.658000,3318.024
12.659000,3318.024
12.660000,3319.550
12.661000,3319.550
12.662000,3319.550
12.663000,3319.550
12.664000,3319.550
12.665000,3320.932
12.666000,3320.932
12.667000,3320.932
12.668000,3320.932
12.669000,3320.932
12.670000,3322.315
12.671000,3322.315
12.672000,3322.315
12.673000,3322.315
12.674000,3322.506
12.675000,3322.506
12.676000,3322.506
12.677000,3322.506
12.678000,3322.506
12.679000,3321.600
12.680000,3321.600
12.681000,3321.600
12.682000,3321.600
12.683000,3321.600
12.684000,3320.408
12.685000,3320.408
12.686000,3320.408
12.687000,3320.408
12.688000,3320.408
12.689000,3318.739
12.690000,3318.739
12.691000,3318.739
12.692000,3318.739
12.693000,3318.739
12.694000,3314.924
12.695000,3314.924
12.696000,3314.924
12.697000,3314.924
12.698000,3314.924
12.699000,3320.646
12.700000,3320.646
12.701000,3320.646
12.702000,3320.646
12.703000,3320.646
12.704000,3322.315
12.705000,3322.315
12.706000,3322.315
12.707000,0.000
12.708000,3323.698
12.709000,3323.698
12.710000,3323.698
12.711000,3323.698
12.712000,3323.698
12.713000,3323.984
12.714000,3323.984
12.715000,3323.984
12.716000,3323.984
12.717000,3323.984
12.718000,3322.649
12.719000,3322.649
12.720000,3322.649
12.721000,3322.649
12.722000,3322.649
12.723000,3319.359
12.724000,3319.359
12.725000,3319.359
12.726000,3319.359
12.727000,3319.359
12.728000,3319.788
12.729000,3319.788
12.730000,3319.788
12.731000,3319.788
12.732000,3319.788
12.733000,3315.592
12.734000,3315.592
12.735000,3315.592
12.736000,3315.592
12.737000,3314.543
12.738000,3314.543
12.739000,3314.543
12.740000,3314.543
12.741000,3322.172
12.742000,3322.172
12.743000,3322.172
12.744000,3322.172
12.745000,3322.172
12.746000,3321.552
12.747000,3321.552
12.748000,3321.552
12.749000,3321.552
12.750000,3321.552
12.751000,3325.558
12.752000,3325.558
12.753000,3325.558
12.754000,3325.558
12.755000,3325.558
12.756000,3327.274
12.757000,3327.274
12.758000,3327.274
12.759000,3327.274
12.760000,3327.274
12.761000,3326.416
12.762000,3326.416
12.763000,3326.416
12.764000,3326.416
12.765000,3326.416
12.766000,3319.979
12.767000,3319.979
12.768000,3319.979
12.769000,3319.979
12.770000,3321.314
12.771000,3321.314
12.772000,3321.314
12.773000,3321.314
12.774000,3321.314
12.775000,3322.649
12.776000,3322.649
12.777000,3322.649
12.778000,3322.649
12.779000,3322.649
12.780000,3321.552
12.781000,3321.552
12.782000,3321.552
12.783000,3321.552
12.784000,3321.552
12.785000,3323.078
12.786000,3323.078
12.787000,3323.078
12.788000,3323.078
12.789000,3323.078
12.790000,3328.657
12.791000,3328.657
12.792000,3328.657
12.793000,3328.657
12.794000,3328.657
12.795000,3326.368
12.796000,3326.368
12.797000,3326.368
12.798000,3326.368
12.799000,3326.368
12.800000,3326.607
12.801000,3326.607
12.802000,3326.607
12.803000,0.000
12.804000,3315.592
12.805000,3315.592
12.806000,3315.592
12.807000,3315.592
12.808000,3315.592
12.809000,3315.353
12.810000,3315.353
12.811000,3315.353
12.812000,3315.353
12.813000,3315.353
12.814000,3317.785
12.815000,3317.785
12.816000,3317.785
12.817000,3317.785
12.818000,3317.785
12.819000,3318.548
12.820000,3318.548
12.821000,3318.548
12.822000,3318.548
12.823000,3318.548
12.824000,3327.990
12.825000,3327.990
12.826000,3327.990
12.827000,3327.990
12.828000,3327.990
12.829000,3324.795
12.830000,3324.795
12.831000,3324.795
12.832000,3324.795
12.833000,3323.221
12.834000,3323.221
12.835000,3323.221
12.836000,3323.221
12.837000,3314.781
12.838000,3314.781
12.839000,3314.781
12.840000,3314.781
12.841000,3314.781
12.842000,3314.209
12.843000,3314.209
12.844000,3314.209
12.845000,3314.209
12.846000,3314.209
12.847000,3318.024
12.848000,3318.024
12.849000,3318.024
12.850000,3318.024
12.851000,3318.024
12.852000,3320.742
12.853000,3320.742
12.854000,3320.742
12.855000,3320.742
12.856000,3320.742
12.857000,3320.169
12.858000,3320.169
12.859000,3320.169
12.860000,3320.169
12.861000,3320.169
12.862000,3321.552
12.863000,3321.552
12.864000,3321.552
12.865000,3321.552
12.866000,3324.032
12.867000,3324.032
12.868000,3324.032
12.869000,3324.032
12.870000,3324.032
12.871000,3321.457
12.872000,3321.457
12.873000,3321.457
12.874000,3321.457
12.875000,3321.457
12.876000,3321.171
12.877000,3321.171
12.878000,3321.171
12.879000,3321.171
12.880000,3321.171
12.881000,3323.030
12.882000,3323.030
12.883000,3323.030
12.884000,3323.030
12.885000,3323.030
12.886000,3315.830
12.887000,3315.830
12.888000,3315.830
12.889000,3315.830
12.890000,3315.830
12.891000,3317.881
12.892000,3317.881
12.893000,3317.881
12.894000,3317.881
12.895000,3317.881
12.896000,3319.311
12.897000,3319.311
12.898000,3319.311
12.899000,0.000
12.900000,3328.562
12.901000,3328.562
12.902000,3328.562
12.903000,3328.562
12.904000,3328.562
12.905000,3328.657
12.906000,3328.657
12.907000,3328.657
12.908000,3328.657
12.909000,3328.657
12.910000,3324.604
12.911000,3324.604
12.912000,3324.604
12.913000,3324.604
12.914000,3324.604
12.915000,3322.887
12.916000,3322.887
12.917000,3322.887
12.918000,3322.887
12.919000,3322.887
12.920000,3322.935
12.921000,3322.935
12.922000,3322.935
12.923000,3322.935
12.924000,3322.935
12.925000,3319.168
12.926000,3319.168
12.927000,3319.168
12.928000,3319.168
12.929000,3320.313
12.930000,3320.313
12.931000,3320.313
12.932000,3320.313
12.933000,3320.408
12.934000,3320.408
12.935000,3320.408
12.936000,3320.408
12.937000,3320.408
12.938000,3322.029
12.939000,3322.029
12.940000,3322.029
12.941000,3322.029
12.942000,3322.029
12.943000,3324.175
12.944000,3324.175
12.945000,3324.175
12.946000,3324.175
12.947000,3324.175
12.948000,3322.029
12.949000,3322.029
12.950000,3322.029
12.951000,3322.029
12.952000,3322.029
12.953000,3321.791
12.954000,3321.791
12.955000,3321.791
12.956000,3321.791
12.957000,3321.791
12.958000,3321.266
12.959000,3321.266
12.960000,3321.266
12.961000,3321.266
12.962000,3318.310
12.963000,3318.310
12.964000,3318.310
12.965000,3318.310
12.966000,3318.310
12.967000,3320.932
12.968000,3320.932
12.969000,3320.932
12.970000,3320.932
12.971000,3320.932
12.972000,3319.311
12.973000,3319.311
12.974000,3319.311
12.975000,3319.311
12.976000,3319.311
12.977000,3320.599
12.978000,3320.599
12.979000,3320.599
12.980000,3320.599
12.981000,3320.599
12.982000,3321.075
12.983000,3321.075
12.984000,3321.075
12.985000,3321.075
12.986000,3321.075
12.987000,3322.315
12.988000,3322.315
12.989000,3322.315
12.990000,3322.315
12.991000,3322.315
12.992000,3326.511
12.993000,3326.511
12.994000,3326.511
12.995000,0.000
12.996000,3319.550
12.997000,3319.550
12.998000,3319.550
12.999000,3319.550
13.000000,3319.550
13.001000,3320.169
13.002000,3320.169
13.003000,3320.169
13.004000,3320.169
13.005000,3320.169
13.006000,3317.308
13.007000,3317.308
13.008000,3317.308
13.009000,3317.308
13.010000,3317.308
13.011000,3320.599
13.012000,3320.599
13.013000,3320.599
13.014000,3320.599
13.015000,3320.599
13.016000,3321.028
13.017000,3321.028
13.018000,3321.028
13.019000,3321.028
13.020000,3321.028
13.021000,3323.507
13.022000,3323.507
13.023000,3323.507
13.024000,3323.507
13.025000,3325.272
13.026000,3325.272
13.027000,3325.272
13.028000,3325.272
13.029000,3322.029
13.030000,3322.029
13.031000,3322.029
13.032000,3322.029
13.033000,3322.029
13.034000,3321.457
13.035000,3321.457
13.036000,3321.457
13.037000,3321.457
13.038000,3321.457
13.039000,3320.742
13.040000,3320.742
13.041000,3320.742
13.042000,3320.742
13.043000,3320.742
13.044000,3317.261
13.045000,3317.261
13.046000,3317.261
13.047000,3317.261
13.048000,3317.261
13.049000,3313.923
13.050000,3313.923
13.051000,3313.923
13.052000,3313.923
13.053000,3313.923
13.054000,3315.878
13.055000,3315.878
13.056000,3315.878
13.057000,3315.878
13.058000,3322.411
13.059000,3322.411
13.060000,3322.411
13.061000,3322.411
13.062000,3322.411
13.063000,3325.176
13.064000,3325.176
13.065000,3325.176
13.066000,3325.176
13.067000,3325.176
13.068000,3327.799
13.069000,3327.799
13.070000,3327.799
13.071000,3327.799
13.072000,3327.799
13.073000,3326.368
13.074000,3326.368
13.075000,3326.368
13.076000,3326.368
13.077000,3326.368
13.078000,3320.503
13.079000,3320.503
13.080000,3320.503
13.081000,3320.503
13.082000,3320.503
13.083000,3317.976
13.084000,3317.976
13.085000,3317.976
13.086000,3317.976
13.087000,3317.976
13.088000,3314.590
13.089000,3314.590
13.090000,3314.590
13.091000,0.000
13.092000,3321.934
13.093000,3321.934
13.094000,3321.934
13.095000,3321.934
13.096000,3321.934
13.097000,3321.934
13.098000,3321.934
13.099000,3321.934
13.100000,3321.934
13.101000,3321.934
13.102000,3324.556
13.103000,3324.556
13.104000,3324.556
13.105000,3324.556
13.106000,3324.556
13.107000,3328.657
13.108000,3328.657
13.109000,3328.657
13.110000,3328.657
13.111000,3328.657
13.112000,3328.562
13.113000,3328.562
13.114000,3328.562
13.115000,3328.562
13.116000,3328.562
13.117000,3325.033
13.118000,3325.033
13.119000,3325.033
13.120000,3325.033
13.121000,3323.030
13.122000,3323.030
13.123000,3323.030
13.124000,3323.030
13.125000,3314.924
13.126000,3314.924
13.127000,3314.924
13.128000,3314.924
13.129000,3314.924
13.130000,3317.785
13.131000,3317.785
13.132000,3317.785
13.133000,3317.785
13.134000,3317.785
13.135000,3318.501
13.136000,3318.501
13.137000,3318.501
13.138000,3318.501
13.139000,3318.501
13.140000,3321.791
13.141000,3321.791
13.142000,3321.791
13.143000,3321.791
13.144000,3321.791
13.145000,3327.751
13.146000,3327.751
13.147000,3327.751
13.148000,3327.751
13.149000,3327.751
13.150000,3327.560
13.151000,3327.560
13.152000,3327.560
13.153000,3327.560
13.154000,3320.503
13.155000,3320.503
13.156000,3320.503
13.157000,3320.503
13.158000,3320.503
13.159000,3313.684
13.160000,3313.684
13.161000,3313.684
13.162000,3313.684
13.163000,3313.684
13.164000,3313.017
13.165000,3313.017
13.166000,3313.017
13.167000,3313.017
13.168000,3313.017
13.169000,3316.593
13.170000,3316.593
13.171000,3316.593
13.172000,3316.593
13.173000,3316.593
13.174000,3320.217
13.175000,3320.217
13.176000,3320.217
13.177000,3320.217
13.178000,3320.217
13.179000,3320.885
13.180000,3320.885
13.181000,3320.885
13.182000,3320.885
13.183000,3320.885
13.184000,3320.503
13.185000,3320.503
13.186000,3320.503
13.187000,0.000
13.188000,3324.366
13.189000,3324.366
13.190000,3324.366
13.191000,3324.366
13.192000,3324.366
13.193000,3320.742
13.194000,3320.742
13.195000,3320.742
13.196000,3320.742
13.197000,3320.742
13.198000,3322.124
13.199000,3322.124
13.200000,3322.124
13.201000,3322.124
13.202000,3322.124
13.203000,3322.935
13.204000,3322.935
13.205000,3322.935
13.206000,3322.935
13.207000,3322.935
13.208000,3314.686
13.209000,3314.686
13.210000,3314.686
13.211000,3314.686
13.212000,3314.686
13.213000,3319.025
13.214000,3319.025
13.215000,3319.025
13.216000,3319.025
13.217000,3320.694
13.218000,3320.694
13.219000,3320.694
13.220000,3320.694
13.221000,3327.799
13.222000,3327.799
13.223000,3327.799
13.224000,3327.799
13.225000,3327.799
13.226000,3325.462
13.227000,3325.462
13.228000,3325.462
13.229000,3325.462
13.230000,3325.462
13.231000,3325.748
13.232000,3325.748
13.233000,3325.748
13.234000,3325.748
13.235000,3325.748
13.236000,3323.555
13.237000,3323.555
13.238000,3323.555
13.239000,3323.555
13.240000,3323.555
13.241000,3323.364
13.242000,3323.364
13.243000,3323.364
13.244000,3323.364
13.245000,3323.364
13.246000,3319.454
13.247000,3319.454
13.248000,3319.454
13.249000,3319.454
13.250000,3319.931
13.251000,3319.931
13.252000,3319.931
13.253000,3319.931
13.254000,3319.931
13.255000,3317.308
13.256000,3317.308
13.257000,3317.308
13.258000,3317.308
13.259000,3317.308
13.260000,3319.502
13.261000,3319.502
13.262000,3319.502
13.263000,3319.502
13.264000,3319.502
13.265000,3323.698
13.266000,3323.698
13.267000,3323.698
13.268000,3323.698
13.269000,3323.698
13.270000,3322.411
13.271000,3322.411
13.272000,3322.411
13.273000,3322.411
13.274000,3322.411
13.275000,3323.936
13.276000,3323.936
13.277000,3323.936
13.278000,3323.936
13.279000,3323.936
13.280000,3321.505
13.281000,3321.505
13.282000,3321.505
13.283000,0.000
13.284000,3314.829
13.285000,3314.829
13.286000,3314.829
13.287000,3314.829
13.288000,3314.829
13.289000,3319.407
13.290000,3319.407
13.291000,3319.407
13.292000,3319.407
13.293000,3319.407
13.294000,3319.407
13.295000,3319.407
13.296000,3319.407
13.297000,3319.407
13.298000,3319.407
13.299000,3320.742
13.300000,3320.742
13.301000,3320.742
13.302000,3320.742
13.303000,3320.742
13.304000,3321.457
13.305000,3321.457
13.306000,3321.457
13.307000,3321.457
13.308000,3321.457
13.309000,3322.554
13.310000,3322.554
13.311000,3322.554
13.312000,3322.554
13.313000,3322.554
13.314000,3322.554
13.315000,3322.554
13.316000,3322.554
13.317000,3323.030
13.318000,3323.030
13.319000,3323.030
13.320000,3323.030
13.321000,3323.030
13.322000,3321.409
13.323000,3321.409
13.324000,3321.409
13.325000,3321.409
13.326000,3321.409
13.327000,3322.411
13.328000,3322.411
13.329000,3322.411
13.330000,3322.411
13.331000,3322.411
13.332000,3321.171
13.333000,3321.171
13.334000,3321.171
13.335000,3321.171
13.336000,3321.171
13.337000,3316.545
13.338000,3316.545
13.339000,3316.545
13.340000,3316.545
13.341000,3316.545
13.342000,3321.600
13.343000,3321.600
13.344000,3321.600
13.345000,3321.600
13.346000,0.000
13.347000,0.000
13.348000,0.000
13.349000,0.000
13.350000,0.000
13.351000,3323.889
13.352000,3323.889
13.353000,3323.889
13.354000,3323.889
13.355000,3323.889
13.356000,3320.980
13.357000,3320.980
13.358000,3320.980
13.359000,3320.980
13.360000,3320.980
13.361000,3321.123
13.362000,3321.123
13.363000,3321.123
13.364000,3321.123
13.365000,3321.123
13.366000,3321.934
13.367000,3321.934
13.368000,3321.934
13.369000,3321.934
13.370000,3321.934
13.371000,3316.259
13.372000,3316.259
13.373000,3316.259
13.374000,3316.259
13.375000,3316.259
13.376000,3315.592
13.377000,3315.592
13.378000,3315.592
13.379000,0.000
13.380000,3322.840
13.381000,3322.840
13.382000,3322.840
13.383000,3322.840
13.384000,3322.840
13.385000,3321.266
13.386000,3321.266
13.387000,3321.266
13.388000,3321.266
13.389000,3321.266
13.390000,3325.605
13.391000,3325.605
13.392000,3325.605
13.393000,3325.605
13.394000,3325.605
13.395000,3327.608
13.396000,3327.608
13.397000,3327.608
13.398000,3327.608
13.399000,3327.608
13.400000,3326.273
13.401000,3326.273
13.402000,3326.273
13.403000,3326.273
13.404000,3326.273
13.405000,3319.931
13.406000,3319.931
13.407000,3319.931
13.408000,3319.931
13.409000,3314.877
13.410000,3314.877
13.411000,3314.877
13.412000,3314.877
13.413000,3319.073
13.414000,3319.073
13.415000,3319.073
13.416000,3319.073
13.417000,3319.073
13.418000,3320.932
13.419000,3320.932
13.420000,3320.932
13.421000,3320.932
13.422000,3320.932
13.423000,3322.649
13.424000,3322.649
13.425000,3322.649
13.426000,3322.649
13.427000,3322.649
13.428000,3325.081
13.429000,3325.081
13.430000,3325.081
13.431000,3325.081
13.432000,3325.081
13.433000,3327.656
13.434000,3327.656
13.435000,3327.656
13.436000,3327.656
13.437000,3327.656
13.438000,3328.705
13.439000,3328.705
13.440000,3328.705
13.441000,3328.705
13.442000,3319.502
13.443000,3319.502
13.444000,3319.502
13.445000,3319.502
13.446000,3319.502
13.447000,3317.356
13.448000,3317.356
13.449000,3317.356
13.450000,3317.356
13.451000,3317.356
13.452000,3317.738
13.453000,3317.738
13.454000,3317.738
13.455000,3317.738
13.456000,3317.738
13.457000,3319.263
13.458000,3319.263
13.459000,3319.263
13.460000,3319.263
13.461000,3319.263
13.462000,3318.739
13.463000,3318.739
13.464000,3318.739
13.465000,3318.739
13.466000,3318.739
13.467000,3327.274
13.468000,3327.274
13.469000,3327.274
13.470000,3327.274
13.471000,3327.274
13.472000,3326.607
13.473000,3326.607
13.474000,3326.607
13.475000,0.000
13.476000,3318.977
13.477000,3318.977
13.478000,3318.977
13.479000,3318.977
13.480000,3318.977
13.481000,3321.838
13.482000,3321.838
13.483000,3321.838
13.484000,3321.838
13.485000,3321.838
13.486000,3316.069
13.487000,3316.069
13.488000,3316.069
13.489000,3316.069
13.490000,3316.069
13.491000,3316.212
13.492000,3316.212
13.493000,3316.212
13.494000,3316.212
13.495000,3316.212
13.496000,3318.453
13.497000,3318.453
13.498000,3318.453
13.499000,3318.453
13.500000,3318.453
13.501000,3318.501
13.502000,3318.501
13.503000,3318.501
13.504000,3318.501
13.505000,3319.311
13.506000,3319.311
13.507000,3319.311
13.508000,3319.311
13.509000,3328.943
13.510000,3328.943
13.511000,3328.943
13.512000,3328.943
13.513000,3328.943
13.514000,3324.556
13.515000,3324.556
13.516000,3324.556
13.517000,3324.556
13.518000,3324.556
13.519000,3322.029
13.520000,3322.029
13.521000,3322.029
13.522000,3322.029
13.523000,3322.029
13.524000,3322.792
13.525000,3322.792
13.526000,3322.792
13.527000,3322.792
13.528000,3322.792
13.529000,3322.792
13.530000,3322.792
13.531000,3322.792
13.532000,3322.792
13.533000,3322.792
13.534000,3316.832
13.535000,3316.832
13.536000,3316.832
13.537000,3316.832
13.538000,3325.081
13.539000,3325.081
13.540000,3325.081
13.541000,3325.081
13.542000,3325.081
13.543000,3326.988
13.544000,3326.988
13.545000,3326.988
13.546000,3326.988
13.547000,3326.988
13.548000,3325.748
13.549000,3325.748
13.550000,3325.748
13.551000,3325.748
13.552000,3325.748
13.553000,3323.650
13.554000,3323.650
13.555000,3323.650
13.556000,3323.650
13.557000,3323.650
13.558000,3323.269
13.559000,3323.269
13.560000,3323.269
13.561000,3323.269
13.562000,3323.269
13.563000,3323.030
13.564000,3323.030
13.565000,3323.030
13.566000,3323.030
13.567000,3323.030
13.568000,3320.599
13.569000,3320.599
13.570000,3320.599
13.571000,0.000
13.572000,3318.262
13.573000,3318.262
13.574000,3318.262
13.575000,3318.262
13.576000,3318.262
13.577000,3319.168
13.578000,3319.168
13.579000,3319.168
13.580000,3319.168
13.581000,3319.168
13.582000,3319.407
13.583000,3319.407
13.584000,3319.407
13.585000,3319.407
13.586000,3319.407
13.587000,3321.457
13.588000,3321.457
13.589000,3321.457
13.590000,3321.457
13.591000,3321.457
13.592000,3322.411
13.593000,3322.411
13.594000,3322.411
13.595000,3322.411
13.596000,3322.411
13.597000,3322.697
13.598000,3322.697
13.599000,3322.697
13.600000,3322.697
13.601000,3321.362
13.602000,3321.362
13.603000,3321.362
13.604000,3321.362
13.605000,3316.450
13.606000,3316.450
13.607000,3316.450
13.608000,3316.450
13.609000,3316.450
13.610000,3318.453
13.611000,3318.453
13.612000,3318.453
13.613000,3318.453
13.614000,3318.453
13.615000,3318.310
13.616000,3318.310
13.617000,3318.310
13.618000,3318.310
13.619000,3318.310
13.620000,3319.931
13.621000,3319.931
13.622000,3319.931
13.623000,3319.931
13.624000,3319.931
13.625000,3321.838
13.626000,3321.838
13.627000,3321.838
13.628000,3321.838
13.629000,3321.838
13.630000,3323.555
13.631000,3323.555
13.632000,3323.555
13.633000,3323.555
13.634000,3323.364
13.635000,3323.364
13.636000,3323.364
13.637000,3323.364
13.638000,3323.364
13.639000,3320.932
13.640000,3320.932
13.641000,3320.932
13.642000,3320.932
13.643000,3320.932
13.644000,3320.932
13.645000,3320.932
13.646000,3320.932
13.647000,3320.932
13.648000,3320.932
13.649000,3320.980
13.650000,3320.980
13.651000,3320.980
13.652000,3320.980
13.653000,3320.980
13.654000,3316.212
13.655000,3316.212
13.656000,3316.212
13.657000,3316.212
13.658000,3316.212
13.659000,3321.600
13.660000,3321.600
13.661000,3321.600
13.662000,3321.600
13.663000,3321.600
13.664000,3322.649
13.665000,3322.649
13.666000,3322.649
13.667000,0.000
13.668000,3322.792
13.669000,3322.792
13.670000,3322.792
13.671000,3322.792
13.672000,3322.792
13.673000,3322.983
13.674000,3322.983
13.675000,3322.983
13.676000,3322.983
13.677000,3322.983
13.678000,3320.599
13.679000,3320.599
13.680000,3320.599
13.681000,3320.599
13.682000,3320.599
13.683000,3321.218
13.684000,3321.218
13.685000,3321.218
13.686000,3321.218
13.687000,3321.218
13.688000,3317.070
13.689000,3317.070
13.690000,3317.070
13.691000,3317.070
13.692000,3317.070
13.693000,3313.541
13.694000,3313.541
13.695000,3313.541
13.696000,3313.541
13.697000,3317.165
13.698000,3317.165
13.699000,3317.165
13.700000,3317.165
13.701000,3488.684
13.702000,3488.684
13.703000,3488.684
13.704000,3488.684
13.705000,3488.684
13.706000,3492.403
13.707000,3492.403
13.708000,3492.403
13.709000,3492.403
13.710000,3492.403
13.711000,3494.120
13.712000,3494.120
13.713000,3494.120
13.714000,3494.120
13.715000,3494.120
13.716000,3493.309
13.717000,3493.309
13.718000,3493.309
13.719000,3493.309
13.720000,3493.309
13.721000,3509.808
13.722000,3509.808
13.723000,3509.808
13.724000,3509.808
13.725000,3509.808
13.726000,3509.712
13.727000,3509.712
13.728000,3509.712
13.729000,3509.712
13.730000,0.000
13.731000,0.000
13.732000,0.000
13.733000,0.000
13.734000,0.000
13.735000,3557.587
13.736000,3557.587
13.737000,3557.587
13.738000,3557.587
13.739000,3557.587
13.740000,3536.177
13.741000,3536.177
13.742000,3536.177
13.743000,3536.177
13.744000,3536.177
13.745000,3538.179
13.746000,3538.179
13.747000,3538.179
13.748000,3538.179
13.749000,3538.179
13.750000,3541.613
13.751000,3541.613
13.752000,3541.613
13.753000,3541.613
13.754000,3541.613
13.755000,3528.881
13.756000,3528.881
13.757000,3528.881
13.758000,3528.881
13.759000,3528.881
13.760000,3516.245
13.761000,3516.245
13.762000,3516.245
13.763000,0.000
13.764000,3368.759
13.765000,3368.759
13.766000,3368.759
13.767000,3368.759
13.768000,3368.759
13.769000,3340.054
13.770000,3340.054
13.771000,3340.054
13.772000,3340.054
13.773000,3340.054
13.774000,3315.592
13.775000,3315.592
13.776000,3315.592
13.777000,3315.592
13.778000,3315.592
13.779000,3318.262
13.780000,3318.262
13.781000,3318.262
13.782000,3318.262
13.783000,3318.262
13.784000,3321.362
13.785000,3321.362
13.786000,3321.362
13.787000,3321.362
13.788000,3321.362
13.789000,3326.225
13.790000,3326.225
13.791000,3326.225
13.792000,3326.225
13.793000,3326.559
13.794000,3326.559
13.795000,3326.559
13.796000,3326.559
13.797000,3319.788
13.798000,3319.788
13.799000,3319.788
13.800000,3319.788
13.801000,3319.788
13.802000,3320.646
13.803000,3320.646
13.804000,3320.646
13.805000,3320.646
13.806000,3320.646
13.807000,3315.496
13.808000,3315.496
13.809000,3315.496
13.810000,3315.496
13.811000,3315.496
13.812000,3316.307
13.813000,3316.307
13.814000,3316.307
13.815000,3316.307
13.816000,3316.307
13.817000,3319.359
13.818000,3319.359
13.819000,3319.359
13.820000,3319.359
13.821000,3319.359
13.822000,3319.216
13.823000,3319.216
13.824000,3319.216
13.825000,3319.216
13.826000,3326.416
13.827000,3326.416
13.828000,3326.416
13.829000,3326.416
13.830000,3326.416
13.831000,3325.510
13.832000,3325.510
13.833000,3325.510
13.834000,3325.510
13.835000,3325.510
13.836000,3326.130
13.837000,3326.130
13.838000,3326.130
13.839000,3326.130
13.840000,3326.130
13.841000,3324.652
13.842000,3324.652
13.843000,3324.652
13.844000,3324.652
13.845000,3324.652
13.846000,3323.841
13.847000,3323.841
13.848000,3323.841
13.849000,3323.841
13.850000,3323.841
13.851000,3323.841
13.852000,3323.841
13.853000,3323.841
13.854000,3323.841
13.855000,3323.841
13.856000,3321.838
13.857000,3321.838
13.858000,3321.838
13.859000,3321.838
13.860000,3321.838
13.861000,3327.847
13.862000,3327.847
13.863000,3327.847
13.864000,3327.847
13.865000,3327.847
13.866000,3328.037
13.867000,3328.037
13.868000,3328.037
13.869000,3328.037
13.870000,3328.037
13.871000,3325.415
13.872000,3325.415
13.873000,3325.415
13.874000,3325.415
13.875000,3325.415
13.876000,3300.142
13.877000,3300.142
13.878000,3300.142
13.879000,3300.142
13.880000,3300.142
13.881000,3279.114
13.882000,3279.114
13.883000,3279.114
13.884000,3279.114
13.885000,3279.114
13.886000,3264.904
13.887000,3264.904
13.888000,3264.904
13.889000,3264.904
13.890000,3912.210
13.891000,3912.210
13.892000,3912.210
13.893000,3912.210
13.894000,3912.210
13.895000,3981.924
13.896000,3981.924
13.897000,3981.924
13.898000,3981.924
13.899000,3981.924
13.900000,4073.572
13.901000,4073.572
13.902000,4073.572
13.903000,4073.572
13.904000,4073.572
13.905000,4150.295
13.906000,4150.295
13.907000,4150.295
13.908000,4150.295
13.909000,4150.295
13.910000,4484.892
13.911000,4484.892
13.912000,4484.892
13.913000,4484.892
13.914000,4484.892
13.915000,4548.407
13.916000,4548.407
13.917000,4548.407
13.918000,4548.407
13.919000,4548.407
13.920000,4608.679
13.921000,4608.679
13.922000,4608.679
13.923000,0.000
13.924000,3414.106
13.925000,3414.106
13.926000,3414.106
13.927000,3414.106
13.928000,3414.106
13.929000,3326.511
13.930000,3326.511
13.931000,3326.511
13.932000,3326.511
13.933000,3326.511
13.934000,3253.269
13.935000,3253.269
13.936000,3253.269
13.937000,3253.269
13.938000,3253.269
13.939000,3191.805
13.940000,3191.805
13.941000,3191.805
13.942000,3191.805
13.943000,3191.805
13.944000,3139.973
13.945000,3139.973
13.946000,3139.973
13.947000,3139.973
13.948000,3139.973
13.949000,3141.594
13.950000,3141.594
13.951000,3141.594
13.952000,3141.594
13.953000,3143.215
13.954000,3143.215
13.955000,3143.215
13.956000,3143.215
13.957000,3319.597
13.958000,3319.597
13.959000,3319.597
13.960000,3319.597
13.961000,3319.597
13.962000,3321.505
13.963000,3321.505
13.964000,3321.505
13.965000,3321.505
13.966000,3321.505
13.967000,3316.689
13.968000,3316.689
13.969000,3316.689
13.970000,3316.689
13.971000,3316.689
13.972000,3319.693
13.973000,3319.693
13.974000,3319.693
13.975000,3319.693
13.976000,3319.693
13.977000,3322.077
13.978000,3322.077
13.979000,3322.077
13.980000,3322.077
13.981000,3322.077
13.982000,3322.649
13.983000,3322.649
13.984000,3322.649
13.985000,3322.649
13.986000,0.000
13.987000,0.000
13.988000,0.000
13.989000,0.000
13.990000,0.000
13.991000,3320.408
13.992000,3320.408
13.993000,3320.408
13.994000,3320.408
13.995000,3320.408
13.996000,3321.362
13.997000,3321.362
13.998000,3321.362
13.999000,3321.362
14.000000,3321.362
14.001000,3316.450
14.002000,3316.450
14.003000,3316.450
14.004000,3316.450
14.005000,3316.450
14.006000,3314.209
14.007000,3314.209
14.008000,3314.209
14.009000,3314.209
14.010000,3314.209
14.011000,3317.356
14.012000,3317.356
14.013000,3317.356
14.014000,3317.356
14.015000,3317.356
14.016000,3320.646
14.017000,3320.646
14.018000,3320.646
14.019000,0.000
14.020000,3324.556
14.021000,3324.556
14.022000,3324.556
14.023000,3324.556
14.024000,3324.556
14.025000,3326.702
14.026000,3326.702
14.027000,3326.702
14.028000,3326.702
14.029000,3326.702
14.030000,3326.941
14.031000,3326.941
14.032000,3326.941
14.033000,3326.941
14.034000,3326.941
14.035000,3319.931
14.036000,3319.931
14.037000,3319.931
14.038000,3319.931
14.039000,3319.931
14.040000,3316.832
14.041000,3316.832
14.042000,3316.832
14.043000,3316.832
14.044000,3316.832
14.045000,3313.017
14.046000,3313.017
14.047000,3313.017
14.048000,3313.017
14.049000,3317.165
14.050000,3317.165
14.051000,3317.165
14.052000,3317.165
14.053000,3321.123
14.054000,3321.123
14.055000,3321.123
14.056000,3321.123
14.057000,3321.123
14.058000,3322.697
14.059000,3322.697
14.060000,3322.697
14.061000,3322.697
14.062000,3322.697
14.063000,3326.559
14.064000,3326.559
14.065000,3326.559
14.066000,3326.559
14.067000,3326.559
14.068000,3328.180
14.069000,3328.180
14.070000,3328.180
14.071000,3328.180
14.072000,3328.180
14.073000,3325.653
14.074000,3325.653
14.075000,3325.653
14.076000,3325.653
14.077000,3325.653
14.078000,3323.269
14.079000,3323.269
14.080000,3323.269
14.081000,3323.269
14.082000,3317.261
14.083000,3317.261
14.084000,3317.261
14.085000,3317.261
14.086000,3317.261
14.087000,3317.261
14.088000,3317.261
14.089000,3317.261
14.090000,3317.261
14.091000,3317.261
14.092000,3317.690
14.093000,3317.690
14.094000,3317.690
14.095000,3317.690
14.096000,3317.690
14.097000,3320.169
14.098000,3320.169
14.099000,3320.169
14.100000,3320.169
14.101000,3320.169
14.102000,3326.988
14.103000,3326.988
14.104000,3326.988
14.105000,3326.988
14.106000,3326.988
14.107000,3328.466
14.108000,3328.466
14.109000,3328.466
14.110000,3328.466
14.111000,3328.466
14.112000,3327.656
14.113000,3327.656
14.114000,3327.656
14.115000,0.000
14.116000,3384.590
14.117000,3384.590
14.118000,3384.590
14.119000,3384.590
14.120000,3384.590
14.121000,3390.503
14.122000,3390.503
14.123000,3390.503
14.124000,3390.503
14.125000,3390.503
14.126000,3390.598
14.127000,3390.598
14.128000,3390.598
14.129000,3390.598
14.130000,3390.598
14.131000,3392.315
14.132000,3392.315
14.133000,3392.315
14.134000,3392.315
14.135000,3392.315
14.136000,3406.191
14.137000,3406.191
14.138000,3406.191
14.139000,3406.191
14.140000,3406.191
14.141000,3417.206
14.142000,3417.206
14.143000,3417.206
14.144000,3417.206
14.145000,3417.921
14.146000,3417.921
14.147000,3417.921
14.148000,3417.921
14.149000,3608.990
14.150000,3608.990
14.151000,3608.990
14.152000,3608.990
14.153000,3608.990
14.154000,3611.279
14.155000,3611.279
14.156000,3611.279
14.157000,3611.279
14.158000,3611.279
14.159000,3621.244
14.160000,3621.244
14.161000,3621.244
14.162000,3621.244
14.163000,3621.244
14.164000,3629.017
14.165000,3629.017
14.166000,3629.017
14.167000,3629.017
14.168000,3629.017
14.169000,3647.280
14.170000,3647.280
14.171000,3647.280
14.172000,3647.280
14.173000,3647.280
14.174000,3652.287
14.175000,3652.287
14.176000,3652.287
14.177000,3652.287
14.178000,3777.933
14.179000,3777.933
14.180000,3777.933
14.181000,3777.933
14.182000,3777.933
14.183000,3796.291
14.184000,3796.291
14.185000,3796.291
14.186000,3796.291
14.187000,3796.291
14.188000,3797.913
14.189000,3797.913
14.190000,3797.913
14.191000,3797.913
14.192000,3797.913
14.193000,3796.148
14.194000,3796.148
14.195000,3796.148
14.196000,3796.148
14.197000,3796.148
14.198000,3794.813
14.199000,3794.813
14.200000,3794.813
14.201000,3794.813
14.202000,3794.813
14.203000,3792.715
14.204000,3792.715
14.205000,3792.715
14.206000,3792.715
14.207000,3792.715
14.208000,3791.428
14.209000,3791.428
14.210000,3791.428
14.211000,0.000
14.212000,3802.872
14.213000,3802.872
14.214000,3802.872
14.215000,3802.872
14.216000,3802.872
14.217000,3794.622
14.218000,3794.622
14.219000,3794.622
14.220000,3794.622
14.221000,3794.622
14.222000,3794.479
14.223000,3794.479
14.224000,3794.479
14.225000,3794.479
14.226000,3794.479
14.227000,3793.859
14.228000,3793.859
14.229000,3793.859
14.230000,3793.859
14.231000,3793.859
14.232000,3752.995
14.233000,3752.995
14.234000,3752.995
14.235000,3752.995
14.236000,3752.995
14.237000,3750.896
14.238000,3750.896
14.239000,3750.896
14.240000,3750.896
14.241000,3749.180
14.242000,3749.180
14.243000,3749.180
14.244000,3749.180
14.245000,3624.105
14.246000,3624.105
14.247000,3624.105
14.248000,3624.105
14.249000,3624.105
14.250000,3613.472
14.251000,3613.472
14.252000,3613.472
14.253000,3613.472
14.254000,3613.472
14.255000,3603.506
14.256000,3603.506
14.257000,3603.506
14.258000,3603.506
14.259000,3603.506
14.260000,3592.777
14.261000,3592.777
14.262000,3592.777
14.263000,3592.777
14.264000,3592.777
14.265000,3582.239
14.266000,3582.239
14.267000,3582.239
14.268000,3582.239
14.269000,3582.239
14.270000,3556.967
14.271000,3556.967
14.272000,3556.967
14.273000,3556.967
14.274000,3374.386
14.275000,3374.386
14.276000,3374.386
14.277000,3374.386
14.278000,3374.386
14.279000,3345.633
14.280000,3345.633
14.281000,3345.633
14.282000,3345.633
14.283000,3345.633
14.284000,3323.269
14.285000,3323.269
14.286000,3323.269
14.287000,3323.269
14.288000,3323.269
14.289000,3321.600
14.290000,3321.600
14.291000,3321.600
14.292000,3321.600
14.293000,3321.600
14.294000,3316.450
14.295000,3316.450
14.296000,3316.450
14.297000,3316.450
14.298000,3316.450
14.299000,3320.408
14.300000,3320.408
14.301000,3320.408
14.302000,3320.408
14.303000,3320.408
14.304000,3321.981
14.305000,3321.981
14.306000,3321.981
14.307000,0.000
14.308000,0.000
14.309000,0.000
14.310000,0.000
14.311000,0.000
14.312000,0.000
14.313000,3322.792
14.314000,3322.792
14.315000,3322.792
14.316000,3322.792
14.317000,3322.792
14.318000,3322.697
14.319000,3322.697
14.320000,3322.697
14.321000,3322.697
14.322000,3322.697
14.323000,3320.074
14.324000,3320.074
14.325000,3320.074
14.326000,3320.074
14.327000,3320.074
14.328000,3320.074
14.329000,3320.074
14.330000,3320.074
14.331000,3320.074
14.332000,3320.074
14.333000,3316.307
14.334000,3316.307
14.335000,3316.307
14.336000,3316.307
14.337000,3315.401
14.338000,3315.401
14.339000,3315.401
14.340000,3315.401
14.341000,3321.791
14.342000,3321.791
14.343000,3321.791
14.344000,3321.791
14.345000,3321.791
14.346000,3325.748
14.347000,3325.748
14.348000,3325.748
14.349000,3325.748
14.350000,3325.748
14.351000,3327.656
14.352000,3327.656
14.353000,3327.656
14.354000,3327.656
14.355000,3327.656
14.356000,3325.272
14.357000,3325.272
14.358000,3325.272
14.359000,3325.272
14.360000,3325.272
14.361000,3321.552
14.362000,3321.552
14.363000,3321.552
14.364000,3321.552
14.365000,3321.552
14.366000,3320.551
14.367000,3320.551
14.368000,3320.551
14.369000,3320.551
14.370000,3320.360
14.371000,3320.360
14.372000,3320.360
14.373000,3320.360
14.374000,3320.360
14.375000,3322.506
14.376000,3322.506
14.377000,3322.506
14.378000,3322.506
14.379000,3322.506
14.380000,3322.983
14.381000,3322.983
14.382000,3322.983
14.383000,3322.983
14.384000,3322.983
14.385000,3325.844
14.386000,3325.844
14.387000,3325.844
14.388000,3325.844
14.389000,3325.844
14.390000,3328.848
14.391000,3328.848
14.392000,3328.848
14.393000,3328.848
14.394000,3328.848
14.395000,3328.991
14.396000,3328.991
14.397000,3328.991
14.398000,3328.991
14.399000,3328.991
14.400000,3325.891
14.401000,3325.891
14.402000,3325.891
14.403000,0.000
14.404000,3316.450
14.405000,3316.450
14.406000,3316.450
14.407000,3316.450
14.408000,3316.450
14.409000,3312.540
14.410000,3312.540
14.411000,3312.540
14.412000,3312.540
14.413000,3312.540
14.414000,3314.161
14.415000,3314.161
14.416000,3314.161
14.417000,3314.161
14.418000,3314.161
14.419000,3317.261
14.420000,3317.261
14.421000,3317.261
14.422000,3317.261
14.423000,3317.261
14.424000,3317.547
14.425000,3317.547
14.426000,3317.547
14.427000,3317.547
14.428000,3317.547
14.429000,3327.274
14.430000,3327.274
14.431000,3327.274
14.432000,3327.274
14.433000,3326.988
14.434000,3326.988
14.435000,3326.988
14.436000,3326.988
14.437000,3322.887
14.438000,3322.887
14.439000,3322.887
14.440000,3322.887
14.441000,3322.887
14.442000,3321.362
14.443000,3321.362
14.444000,3321.362
14.445000,3321.362
14.446000,3321.362
14.447000,3320.122
14.448000,3320.122
14.449000,3320.122
14.450000,3320.122
14.451000,3320.122
14.452000,3314.495
14.453000,3314.495
14.454000,3314.495
14.455000,3314.495
14.456000,3314.495
14.457000,3315.496
14.458000,3315.496
14.459000,3315.496
14.460000,3315.496
14.461000,3315.496
14.462000,3318.501
14.463000,3318.501
14.464000,3318.501
14.465000,3318.501
14.466000,3327.274
14.467000,3327.274
14.468000,3327.274
14.469000,3327.274
14.470000,3327.274
14.471000,3327.656
14.472000,3327.656
14.473000,3327.656
14.474000,3327.656
14.475000,3327.656
14.476000,3325.176
14.477000,3325.176
14.478000,3325.176
14.479000,3325.176
14.480000,3325.176
14.481000,3323.460
14.482000,3323.460
14.483000,3323.460
14.484000,3323.460
14.485000,3323.460
14.486000,3321.695
14.487000,3321.695
14.488000,3321.695
14.489000,3321.695
14.490000,3321.695
14.491000,3319.740
14.492000,3319.740
14.493000,3319.740
14.494000,3319.740
14.495000,3319.740
14.496000,3323.507
14.497000,3323.507
14.498000,3323.507
14.499000,3323.507
14.500000,3323.507
14.501000,3327.560
14.502000,3327.560
14.503000,3327.560
14.504000,3327.560
14.505000,3327.560
14.506000,3327.751
14.507000,3327.751
14.508000,3327.751
14.509000,3327.751
14.510000,3327.751
14.511000,3326.464
14.512000,3326.464
14.513000,3326.464
14.514000,3326.464
14.515000,3326.464
14.516000,3325.033
14.517000,3325.033
14.518000,3325.033
14.519000,3325.033
14.520000,3325.033
14.521000,3323.269
14.522000,3323.269
14.523000,3323.269
14.524000,3323.269
14.525000,3323.269
14.526000,3322.315
14.527000,3322.315
14.528000,3322.315
14.529000,3322.315
14.530000,3316.021
14.531000,3316.021
14.532000,3316.021
14.533000,3316.021
14.534000,3316.021
14.535000,3319.693
14.536000,3319.693
14.537000,3319.693
14.538000,3319.693
14.539000,3319.693
14.540000,3319.168
14.541000,3319.168
14.542000,3319.168
14.543000,3319.168
14.544000,3319.168
14.545000,3320.551
14.546000,3320.551
14.547000,3320.551
14.548000,3320.551
14.549000,3320.551
14.550000,3322.077
14.551000,3322.077
14.552000,3322.077
14.553000,3322.077
14.554000,3322.077
14.555000,3321.314
14.556000,3321.314
14.557000,3321.314
14.558000,3321.314
14.559000,3321.314
14.560000,3313.589
14.561000,3313.589
14.562000,3313.589
14.563000,3313.589
14.564000,3313.589
14.565000,3315.115
14.566000,3315.115
14.567000,3315.115
14.568000,3315.115
14.569000,3315.115
14.570000,3317.976
14.571000,3317.976
14.572000,3317.976
14.573000,3317.976
14.574000,3317.976
14.575000,3319.454
14.576000,3319.454
14.577000,3319.454
14.578000,3319.454
14.579000,3319.454
14.580000,3321.552
14.581000,3321.552
14.582000,3321.552
14.583000,3321.552
14.584000,3321.552
14.585000,3322.458
14.586000,3322.458
14.587000,3322.458
14.588000,3322.458
14.589000,3322.458
14.590000,3324.509
14.591000,3324.509
14.592000,3324.509
14.593000,3324.509
14.594000,0.000
14.595000,0.000
14.596000,0.000
14.597000,0.000
14.598000,0.000
14.599000,3321.648
14.600000,3321.648
14.601000,3321.648
14.602000,3321.648
14.603000,3321.648
14.604000,3320.885
14.605000,3320.885
14.606000,3320.885
14.607000,3320.885
14.608000,3320.885
14.609000,3320.026
14.610000,3320.026
14.611000,3320.026
14.612000,3320.026
14.613000,3320.026
14.614000,3315.830
14.615000,3315.830
14.616000,3315.830
14.617000,3315.830
14.618000,3315.830
14.619000,3320.265
14.620000,3320.265
14.621000,3320.265
14.622000,3320.265
14.623000,3320.265
14.624000,3324.127
14.625000,3324.127
14.626000,3324.127
14.627000,0.000
14.628000,3325.415
14.629000,3325.415
14.630000,3325.415
14.631000,3325.415
14.632000,3325.415
14.633000,3322.697
14.634000,3322.697
14.635000,3322.697
14.636000,3322.697
14.637000,3322.697
14.638000,3321.791
14.639000,3321.791
14.640000,3321.791
14.641000,3321.791
14.642000,3321.791
14.643000,3321.791
14.644000,3321.791
14.645000,3321.791
14.646000,3321.791
14.647000,3321.791
14.648000,3318.501
14.649000,3318.501
14.650000,3318.501
14.651000,3318.501
14.652000,3318.501
14.653000,3314.924
14.654000,3314.924
14.655000,3314.924
14.656000,3314.924
14.657000,3315.115
14.658000,3315.115
14.659000,3315.115
14.660000,3315.115
14.661000,0.000
14.662000,0.000
14.663000,0.000
14.664000,0.000
14.665000,0.000
14.666000,3321.409
14.667000,3321.409
14.668000,3321.409
14.669000,3321.409
14.670000,3321.409
14.671000,3325.891
14.672000,3325.891
14.673000,3325.891
14.674000,3325.891
14.675000,3325.891
14.676000,3326.797
14.677000,3326.797
14.678000,3326.797
14.679000,3326.797
14.680000,3326.797
14.681000,3324.938
14.682000,3324.938
14.683000,3324.938
14.684000,3324.938
14.685000,3324.938
14.686000,3321.123
14.687000,3321.123
14.688000,3321.123
14.689000,3321.123
14.690000,3319.311
14.691000,3319.311
14.692000,3319.311
14.693000,3319.311
14.694000,3319.311
14.695000,3321.314
14.696000,3321.314
14.697000,3321.314
14.698000,3321.314
14.699000,3321.314
14.700000,3321.981
14.701000,3321.981
14.702000,3321.981
14.703000,3321.981
14.704000,3321.981
14.705000,3324.652
14.706000,3324.652
14.707000,3324.652
14.708000,3324.652
14.709000,3324.652
14.710000,3327.847
14.711000,3327.847
14.712000,3327.847
14.713000,3327.847
14.714000,3327.847
14.715000,3326.225
14.716000,3326.225
14.717000,3326.225
14.718000,3326.225
14.719000,3326.225
14.720000,3324.270
14.721000,3324.270
14.722000,3324.270
14.723000,0.000
14.724000,3317.976
14.725000,3317.976
14.726000,3317.976
14.727000,3317.976
14.728000,3317.976
14.729000,3313.875
14.730000,3313.875
14.731000,3313.875
14.732000,3313.875
14.733000,3313.875
14.734000,3316.498
14.735000,3316.498
14.736000,3316.498
14.737000,3316.498
14.738000,3316.498
14.739000,3318.739
14.740000,3318.739
14.741000,3318.739
14.742000,3318.739
14.743000,3318.739
14.744000,3320.360
14.745000,3320.360
14.746000,3320.360
14.747000,3320.360
14.748000,3320.360
14.749000,3326.464
14.750000,3326.464
14.751000,3326.464
14.752000,3326.464
14.753000,3327.990
14.754000,3327.990
14.755000,3327.990
14.756000,3327.990
14.757000,3320.265
14.758000,3320.265
14.759000,3320.265
14.760000,3320.265
14.761000,3320.265
14.762000,3321.075
14.763000,3321.075
14.764000,3321.075
14.765000,3321.075
14.766000,3321.075
14.767000,3320.408
14.768000,3320.408
14.769000,3320.408
14.770000,3320.408
14.771000,3320.408
14.772000,3314.018
14.773000,3314.018
14.774000,3314.018
14.775000,3314.018
14.776000,3314.018
14.777000,3315.830
14.778000,3315.830
14.779000,3315.830
14.780000,3315.830
14.781000,3315.830
14.782000,3317.404
14.783000,3317.404
14.784000,3317.404
14.785000,3317.404
14.786000,3327.894
14.787000,3327.894
14.788000,3327.894
14.789000,3327.894
14.790000,3327.894
14.791000,3328.609
14.792000,3328.609
14.793000,3328.609
14.794000,3328.609
14.795000,3328.609
14.796000,3323.793
14.797000,3323.793
14.798000,3323.793
14.799000,3323.793
14.800000,3323.793
14.801000,3321.648
14.802000,3321.648
14.803000,3321.648
14.804000,3321.648
14.805000,3321.648
14.806000,3323.364
14.807000,3323.364
14.808000,3323.364
14.809000,3323.364
14.810000,3323.364
14.811000,3322.124
14.812000,3322.124
14.813000,3322.124
14.814000,3322.124
14.815000,3322.124
14.816000,3321.218
14.817000,3321.218
14.818000,3321.218
14.819000,3321.218
14.820000,3321.218
14.821000,3324.556
14.822000,3324.556
14.823000,3324.556
14.824000,3324.556
14.825000,3324.556
14.826000,3328.276
14.827000,3328.276
14.828000,3328.276
14.829000,3328.276
14.830000,3328.276
14.831000,3326.607
14.832000,3326.607
14.833000,3326.607
14.834000,3326.607
14.835000,3326.607
14.836000,3324.080
14.837000,3324.080
14.838000,3324.080
14.839000,3324.080
14.840000,3324.080
14.841000,3322.268
14.842000,3322.268
14.843000,3322.268
14.844000,3322.268
14.845000,3322.268
14.846000,3321.457
14.847000,3321.457
14.848000,3321.457
14.849000,3321.457
14.850000,3315.115
14.851000,3315.115
14.852000,3315.115
14.853000,3315.115
14.854000,3315.115
14.855000,3318.453
14.856000,3318.453
14.857000,3318.453
14.858000,3318.453
14.859000,3318.453
14.860000,3319.073
14.861000,3319.073
14.862000,3319.073
14.863000,3319.073
14.864000,3319.073
14.865000,3319.788
14.866000,3319.788
14.867000,3319.788
14.868000,3319.788
14.869000,3319.788
14.870000,3322.411
14.871000,3322.411
14.872000,3322.411
14.873000,3322.411
14.874000,3322.411
14.875000,3322.935
14.876000,3322.935
14.877000,3322.935
14.878000,3322.935
14.879000,3322.935
14.880000,3314.018
14.881000,3314.018
14.882000,3314.018
14.883000,3314.018
14.884000,3314.018
14.885000,3315.973
14.886000,3315.973
14.887000,3315.973
14.888000,3315.973
14.889000,3315.973
14.890000,3316.545
14.891000,3316.545
14.892000,3316.545
14.893000,3316.545
14.894000,3316.545
14.895000,3318.357
14.896000,3318.357
14.897000,3318.357
14.898000,3318.357
14.899000,3318.357
14.900000,3321.266
14.901000,3321.266
14.902000,3321.266
14.903000,3321.266
14.904000,3321.266
14.905000,3321.600
14.906000,3321.600
14.907000,3321.600
14.908000,3321.600
14.909000,3321.600
14.910000,3319.788
14.911000,3319.788
14.912000,3319.788
14.913000,3319.788
14.914000,3322.268
14.915000,3322.268
14.916000,3322.268
14.917000,3322.268
14.918000,3322.268
14.919000,3319.645
14.920000,3319.645
14.921000,3319.645
14.922000,3319.645
14.923000,3319.645
14.924000,3318.453
14.925000,3318.453
14.926000,3318.453
14.927000,3318.453
14.928000,3318.453
14.929000,3319.883
14.930000,3319.883
14.931000,3319.883
14.932000,3319.883
14.933000,3319.883
14.934000,3315.115
14.935000,3315.115
14.936000,3315.115
14.937000,3315.115
14.938000,3315.115
14.939000,3320.885
14.940000,3320.885
14.941000,3320.885
14.942000,3320.885
14.943000,3320.885
14.944000,3321.218
14.945000,3321.218
14.946000,3321.218
14.947000,0.000
14.948000,3322.315
14.949000,3322.315
14.950000,3322.315
14.951000,3322.315
14.952000,3322.315
14.953000,3320.265
14.954000,3320.265
14.955000,3320.265
14.956000,3320.265
14.957000,3320.265
14.958000,3319.931
14.959000,3319.931
14.960000,3319.931
14.961000,3319.931
14.962000,3319.931
14.963000,3317.308
14.964000,3317.308
14.965000,3317.308
14.966000,3317.308
14.967000,3317.308
14.968000,3315.544
14.969000,3315.544
14.970000,3315.544
14.971000,3315.544
14.972000,3315.544
14.973000,3316.689
14.974000,3316.689
14.975000,3316.689
14.976000,3316.689
14.977000,3319.407
14.978000,3319.407
14.979000,3319.407
14.980000,3319.407
14.981000,3321.934
14.982000,3321.934
14.983000,3321.934
14.984000,3321.934
14.985000,3321.934
14.986000,3325.367
14.987000,3325.367
14.988000,3325.367
14.989000,3325.367
14.990000,3325.367
14.991000,3327.608
14.992000,3327.608
14.993000,3327.608
14.994000,3327.608
14.995000,3327.608
14.996000,3325.844
14.997000,3325.844
14.998000,3325.844
14.999000,3325.844
15.000000,3325.844
15.001000,3318.739
15.002000,3318.739
15.003000,3318.739
15.004000,3318.739
15.005000,3318.739
15.006000,3319.025
15.007000,3319.025
15.008000,3319.025
15.009000,3319.025
15.010000,3322.268
15.011000,3322.268
15.012000,3322.268
15.013000,3322.268
15.014000,3322.268
15.015000,3324.699
15.016000,3324.699
15.017000,3324.699
15.018000,3324.699
15.019000,3324.699
15.020000,3326.273
15.021000,3326.273
15.022000,3326.273
15.023000,3326.273
15.024000,3326.273
15.025000,3330.088
15.026000,3330.088
15.027000,3330.088
15.028000,3330.088
15.029000,3330.088
15.030000,3329.659
15.031000,3329.659
15.032000,3329.659
15.033000,3329.659
15.034000,3329.659
15.035000,3327.370
15.036000,3327.370
15.037000,3327.370
15.038000,3327.370
15.039000,3327.370
15.040000,3323.746
15.041000,3323.746
15.042000,3323.746
15.043000,0.000
15.044000,3314.257
15.045000,3314.257
15.046000,3314.257
15.047000,3314.257
15.048000,3314.257
15.049000,3315.401
15.050000,3315.401
15.051000,3315.401
15.052000,3315.401
15.053000,3315.401
15.054000,3319.407
15.055000,3319.407
15.056000,3319.407
15.057000,3319.407
15.058000,3319.407
15.059000,3320.026
15.060000,3320.026
15.061000,3320.026
15.062000,3320.026
15.063000,3320.026
15.064000,3328.276
15.065000,3328.276
15.066000,3328.276
15.067000,3328.276
15.068000,3328.276
15.069000,3326.893
15.070000,3326.893
15.071000,3326.893
15.072000,3326.893
15.073000,3324.652
15.074000,3324.652
15.075000,3324.652
15.076000,3324.652
15.077000,3324.652
15.078000,3324.652
15.079000,3324.652
15.080000,3324.652
15.081000,3324.652
15.082000,3316.355
15.083000,3316.355
15.084000,3316.355
15.085000,3316.355
15.086000,3316.355
15.087000,3316.784
15.088000,3316.784
15.089000,3316.784
15.090000,3316.784
15.091000,3316.784
15.092000,3319.025
15.093000,3319.025
15.094000,3319.025
15.095000,3319.025
15.096000,3319.025
15.097000,3319.883
15.098000,3319.883
15.099000,3319.883
15.100000,3319.883
15.101000,3319.883
15.102000,3319.931
15.103000,3319.931
15.104000,3319.931
15.105000,3319.931
15.106000,3326.321
15.107000,3326.321
15.108000,3326.321
15.109000,3326.321
15.110000,3326.321
15.111000,3324.890
15.112000,3324.890
15.113000,3324.890
15.114000,3324.890
15.115000,3324.890
15.116000,3326.130
15.117000,3326.130
15.118000,3326.130
15.119000,3326.130
15.120000,3326.130
15.121000,3323.174
15.122000,3323.174
15.123000,3323.174
15.124000,3323.174
15.125000,3323.174
15.126000,3315.449
15.127000,3315.449
15.128000,3315.449
15.129000,3315.449
15.130000,3315.449
15.131000,3319.740
15.132000,3319.740
15.133000,3319.740
15.134000,3319.740
15.135000,3319.740
15.136000,3319.931
15.137000,3319.931
15.138000,3319.931
15.139000,0.000
15.140000,3327.417
15.141000,3327.417
15.142000,3327.417
15.143000,3327.417
15.144000,3327.417
15.145000,3327.322
15.146000,3327.322
15.147000,3327.322
15.148000,3327.322
15.149000,3327.322
15.150000,3323.555
15.151000,3323.555
15.152000,3323.555
15.153000,3323.555
15.154000,3323.555
15.155000,3322.983
15.156000,3322.983
15.157000,3322.983
15.158000,3322.983
15.159000,3322.983
15.160000,3322.506
15.161000,3322.506
15.162000,3322.506
15.163000,3322.506
15.164000,3322.506
15.165000,3320.646
15.166000,3320.646
15.167000,3320.646
15.168000,3320.646
15.169000,3321.552
15.170000,3321.552
15.171000,3321.552
15.172000,3321.552
15.173000,3323.269
15.174000,3323.269
15.175000,3323.269
15.176000,3323.269
15.177000,3323.269
15.178000,3324.938
15.179000,3324.938
15.180000,3324.938
15.181000,3324.938
15.182000,3324.938
15.183000,3324.318
15.184000,3324.318
15.185000,3324.318
15.186000,3324.318
15.187000,3324.318
15.188000,3326.559
15.189000,3326.559
15.190000,3326.559
15.191000,3326.559
15.192000,3326.559
15.193000,3324.413
15.194000,3324.413
15.195000,3324.413
15.196000,3324.413
15.197000,3324.413
15.198000,3322.172
15.199000,3322.172
15.200000,3322.172
15.201000,3322.172
15.202000,3318.501
15.203000,3318.501
15.204000,3318.501
15.205000,3318.501
15.206000,3318.501
15.207000,3318.691
15.208000,3318.691
15.209000,3318.691
15.210000,3318.691
15.211000,3318.691
15.212000,3319.359
15.213000,3319.359
15.214000,3319.359
15.215000,3319.359
15.216000,3319.359
15.217000,3322.792
15.218000,3322.792
15.219000,3322.792
15.220000,3322.792
15.221000,3322.792
15.222000,3324.461
15.223000,3324.461
15.224000,3324.461
15.225000,3324.461
15.226000,3324.461
15.227000,3322.268
15.228000,3322.268
15.229000,3322.268
15.230000,3322.268
15.231000,3322.268
15.232000,3327.513
15.233000,3327.513
15.234000,3327.513
15.235000,0.000
15.236000,3321.457
15.237000,3321.457
15.238000,3321.457
15.239000,3321.457
15.240000,3321.457
15.241000,3321.457
15.242000,3321.457
15.243000,3321.457
15.244000,3321.457
15.245000,3321.457
15.246000,3320.313
15.247000,3320.313
15.248000,3320.313
15.249000,3320.313
15.250000,3320.313
15.251000,3315.735
15.252000,3315.735
15.253000,3315.735
15.254000,3315.735
15.255000,3315.735
15.256000,3323.030
15.257000,3323.030
15.258000,3323.030
15.259000,3323.030
15.260000,3323.030
15.261000,3322.935
15.262000,3322.935
15.263000,3322.935
15.264000,3322.935
15.265000,3322.172
15.266000,3322.172
15.267000,3322.172
15.268000,3322.172
15.269000,3322.506
15.270000,3322.506
15.271000,3322.506
15.272000,3322.506
15.273000,3322.506
15.274000,3322.506
15.275000,3322.506
15.276000,3322.506
15.277000,3322.506
15.278000,3322.506
15.279000,3321.505
15.280000,3321.505
15.281000,3321.505
15.282000,3321.505
15.283000,3321.505
15.284000,3320.503
15.285000,3320.503
15.286000,3320.503
15.287000,3320.503
15.288000,3320.503
15.289000,3320.980
15.290000,3320.980
15.291000,3320.980
15.292000,3320.980
15.293000,3320.980
15.294000,3315.830
15.295000,3315.830
15.296000,3315.830
15.297000,3315.830
15.298000,3324.175
15.299000,3324.175
15.300000,3324.175
15.301000,3324.175
15.302000,3324.175
15.303000,3324.223
15.304000,3324.223
15.305000,3324.223
15.306000,3324.223
15.307000,3324.223
15.308000,3327.799
15.309000,3327.799
15.310000,3327.799
15.311000,3327.799
15.312000,3327.799
15.313000,3328.514
15.314000,3328.514
15.315000,3328.514
15.316000,3328.514
15.317000,3328.514
15.318000,3323.841
15.319000,3323.841
15.320000,3323.841
15.321000,3323.841
15.322000,3323.841
15.323000,3320.789
15.324000,3320.789
15.325000,3320.789
15.326000,3320.789
15.327000,3320.789
15.328000,3317.404
15.329000,3317.404
15.330000,3317.404
15.331000,0.000
15.332000,3319.550
15.333000,3319.550
15.334000,3319.550
15.335000,3319.550
15.336000,3319.550
15.337000,3323.126
15.338000,3323.126
15.339000,3323.126
15.340000,3323.126
15.341000,3323.126
15.342000,3323.746
15.343000,3323.746
15.344000,3323.746
15.345000,3323.746
15.346000,3323.746
15.347000,3325.319
15.348000,3325.319
15.349000,3325.319
15.350000,3325.319
15.351000,3325.319
15.352000,3329.515
15.353000,3329.515
15.354000,3329.515
15.355000,3329.515
15.356000,3329.515
15.357000,3329.515
15.358000,3329.515
15.359000,3329.515
15.360000,3329.515
15.361000,3325.319
15.362000,3325.319
15.363000,3325.319
15.364000,3325.319
15.365000,3314.543
15.366000,3314.543
15.367000,3314.543
15.368000,3314.543
15.369000,3314.543
15.370000,3316.545
15.371000,3316.545
15.372000,3316.545
15.373000,3316.545
15.374000,3316.545
15.375000,3319.407
15.376000,3319.407
15.377000,3319.407
15.378000,3319.407
15.379000,3319.407
15.380000,3321.075
15.381000,3321.075
15.382000,3321.075
15.383000,3321.075
15.384000,3321.075
15.385000,3322.315
15.386000,3322.315
15.387000,3322.315
15.388000,3322.315
15.389000,3322.315
15.390000,3327.417
15.391000,3327.417
15.392000,3327.417
15.393000,3327.417
15.394000,3321.838
15.395000,3321.838
15.396000,3321.838
15.397000,3321.838
15.398000,3321.838
15.399000,3319.693
15.400000,3319.693
15.401000,3319.693
15.402000,3319.693
15.403000,3319.693
15.404000,3317.833
15.405000,3317.833
15.406000,3317.833
15.407000,3317.833
15.408000,3317.833
15.409000,3316.689
15.410000,3316.689
15.411000,3316.689
15.412000,3316.689
15.413000,3316.689
15.414000,3317.785
15.415000,3317.785
15.416000,3317.785
15.417000,3317.785
15.418000,3317.785
15.419000,3320.742
15.420000,3320.742
15.421000,3320.742
15.422000,3320.742
15.423000,3320.742
15.424000,3322.315
15.425000,3322.315
15.426000,3322.315
15.427000,0.000
15.428000,3328.228
15.429000,3328.228
15.430000,3328.228
15.431000,3328.228
15.432000,3328.228
15.433000,3325.129
15.434000,3325.129
15.435000,3325.129
15.436000,3325.129
15.437000,3325.129
15.438000,3323.698
15.439000,3323.698
15.440000,3323.698
15.441000,3323.698
15.442000,3323.698
15.443000,3322.554
15.444000,3322.554
15.445000,3322.554
15.446000,3322.554
15.447000,3322.554
15.448000,3322.792
15.449000,3322.792
15.450000,3322.792
15.451000,3322.792
15.452000,3322.792
15.453000,3318.453
15.454000,3318.453
15.455000,3318.453
15.456000,3318.453
15.457000,3319.216
15.458000,3319.216
15.459000,3319.216
15.460000,3319.216
15.461000,3322.411
15.462000,3322.411
15.463000,3322.411
15.464000,3322.411
15.465000,3322.411
15.466000,3326.464
15.467000,3326.464
15.468000,3326.464
15.469000,3326.464
15.470000,3326.464
15.471000,3328.133
15.472000,3328.133
15.473000,3328.133
15.474000,3328.133
15.475000,3328.133
15.476000,3326.035
15.477000,3326.035
15.478000,3326.035
15.479000,3326.035
15.480000,3326.035
15.481000,3322.411
15.482000,3322.411
15.483000,3322.411
15.484000,3322.411
15.485000,3322.411
15.486000,3322.220
15.487000,3322.220
15.488000,3322.220
15.489000,3322.220
15.490000,3314.638
15.491000,3314.638
15.492000,3314.638
15.493000,3314.638
15.494000,3314.638
15.495000,3319.263
15.496000,3319.263
15.497000,3319.263
15.498000,3319.263
15.499000,3319.263
15.500000,3320.074
15.501000,3320.074
15.502000,3320.074
15.503000,3320.074
15.504000,3320.074
15.505000,3320.169
15.506000,3320.169
15.507000,3320.169
15.508000,3320.169
15.509000,3320.169
15.510000,3322.554
15.511000,3322.554
15.512000,3322.554
15.513000,3322.554
15.514000,3322.554
15.515000,3321.457
15.516000,3321.457
15.517000,3321.457
15.518000,3321.457
15.519000,3321.457
15.520000,3314.161
15.521000,3314.161
15.522000,3314.161
15.523000,3314.161
15.524000,3314.161
15.525000,3316.593
15.526000,3316.593
15.527000,3316.593
15.528000,3316.593
15.529000,3316.593
15.530000,3319.359
15.531000,3319.359
15.532000,3319.359
15.533000,3319.359
15.534000,3319.359
15.535000,3319.883
15.536000,3319.883
15.537000,3319.883
15.538000,3319.883
15.539000,3319.883
15.540000,3319.550
15.541000,3319.550
15.542000,3319.550
15.543000,3319.550
15.544000,3319.550
15.545000,3321.934
15.546000,3321.934
15.547000,3321.934
15.548000,3321.934
15.549000,3321.934
15.550000,3323.221
15.551000,3323.221
15.552000,3323.221
15.553000,3323.221
15.554000,3321.743
15.555000,3321.743
15.556000,3321.743
15.557000,3321.743
15.558000,3321.743
15.559000,3321.266
15.560000,3321.266
15.561000,3321.266
15.562000,3321.266
15.563000,3321.266
15.564000,3320.074
15.565000,3320.074
15.566000,3320.074
15.567000,3320.074
15.568000,3320.074
15.569000,3320.408
15.570000,3320.408
15.571000,3320.408
15.572000,3320.408
15.573000,3320.408
15.574000,3315.830
15.575000,3315.830
15.576000,3315.830
15.577000,3315.830
15.578000,3315.830
15.579000,3320.026
15.580000,3320.026
15.581000,3320.026
15.582000,3320.026
15.583000,3320.026
15.584000,3321.934
15.585000,3321.934
15.586000,3321.934
15.587000,0.000
15.588000,3324.747
15.589000,3324.747
15.590000,3324.747
15.591000,3324.747
15.592000,3324.747
15.593000,3323.460
15.594000,3323.460
15.595000,3323.460
15.596000,3323.460
15.597000,3323.460
15.598000,3322.554
15.599000,3322.554
15.600000,3322.554
15.601000,3322.554
15.602000,3322.554
15.603000,3319.454
15.604000,3319.454
15.605000,3319.454
15.606000,3319.454
15.607000,3319.454
15.608000,3321.600
15.609000,3321.600
15.610000,3321.600
15.611000,3321.600
15.612000,3321.600
15.613000,3317.022
15.614000,3317.022
15.615000,3317.022
15.616000,3317.022
15.617000,3315.306
15.618000,3315.306
15.619000,3315.306
15.620000,3315.306
15.621000,0.000
15.622000,0.000
15.623000,0.000
15.624000,0.000
15.625000,0.000
15.626000,3323.746
15.627000,3323.746
15.628000,3323.746
15.629000,3323.746
15.630000,3323.746
15.631000,3327.417
15.632000,3327.417
15.633000,3327.417
15.634000,3327.417
15.635000,3327.417
15.636000,3328.037
15.637000,3328.037
15.638000,3328.037
15.639000,3328.037
15.640000,3328.037
15.641000,3326.130
15.642000,3326.130
15.643000,3326.130
15.644000,3326.130
15.645000,3326.130
15.646000,3319.931
15.647000,3319.931
15.648000,3319.931
15.649000,3319.931
15.650000,3319.645
15.651000,3319.645
15.652000,3319.645
15.653000,3319.645
15.654000,3319.645
15.655000,3322.601
15.656000,3322.601
15.657000,3322.601
15.658000,3322.601
15.659000,3322.601
15.660000,3324.413
15.661000,3324.413
15.662000,3324.413
15.663000,3324.413
15.664000,3324.413
15.665000,3325.367
15.666000,3325.367
15.667000,3325.367
15.668000,3325.367
15.669000,3325.367
15.670000,3327.990
15.671000,3327.990
15.672000,3327.990
15.673000,3327.990
15.674000,3327.990
15.675000,3327.847
15.676000,3327.847
15.677000,3327.847
15.678000,3327.847
15.679000,3327.847
15.680000,3325.129
15.681000,3325.129
15.682000,3325.129
15.683000,0.000
15.684000,3318.310
15.685000,3318.310
15.686000,3318.310
15.687000,3318.310
15.688000,3318.310
15.689000,3315.592
15.690000,3315.592
15.691000,3315.592
15.692000,3315.592
15.693000,3315.592
15.694000,3314.829
15.695000,3314.829
15.696000,3314.829
15.697000,3314.829
15.698000,3314.829
15.699000,3318.644
15.700000,3318.644
15.701000,3318.644
15.702000,3318.644
15.703000,3318.644
15.704000,3320.169
15.705000,3320.169
15.706000,3320.169
15.707000,3320.169
15.708000,3320.169
15.709000,3323.412
15.710000,3323.412
15.711000,3323.412
15.712000,3323.412
15.713000,3326.988
15.714000,3326.988
15.715000,3326.988
15.716000,3326.988
15.717000,0.000
15.718000,0.000
15.719000,0.000
15.720000,0.000
15.721000,0.000
15.722000,3318.787
15.723000,3318.787
15.724000,3318.787
15.725000,3318.787
15.726000,3318.787
15.727000,3317.165
15.728000,3317.165
15.729000,3317.165
15.730000,3317.165
15.731000,3317.165
15.732000,3313.494
15.733000,3313.494
15.734000,3313.494
15.735000,3313.494
15.736000,3313.494
15.737000,3315.735
15.738000,3315.735
15.739000,3315.735
15.740000,3315.735
15.741000,3315.735
15.742000,3316.927
15.743000,3316.927
15.744000,3316.927
15.745000,3316.927
15.746000,3328.514
15.747000,3328.514
15.748000,3328.514
15.749000,3328.514
15.750000,3328.514
15.751000,3327.656
15.752000,3327.656
15.753000,3327.656
15.754000,3327.656
15.755000,3327.656
15.756000,3325.129
15.757000,3325.129
15.758000,3325.129
15.759000,3325.129
15.760000,3325.129
15.761000,3321.791
15.762000,3321.791
15.763000,3321.791
15.764000,3321.791
15.765000,3321.791
15.766000,3322.840
15.767000,3322.840
15.768000,3322.840
15.769000,3322.840
15.770000,3322.840
15.771000,3321.695
15.772000,3321.695
15.773000,3321.695
15.774000,3321.695
15.775000,3321.695
15.776000,3325.176
15.777000,3325.176
15.778000,3325.176
15.779000,3325.176
15.780000,3325.176
15.781000,3323.698
15.782000,3323.698
15.783000,3323.698
15.784000,3323.698
15.785000,3323.698
15.786000,3327.227
15.787000,3327.227
15.788000,3327.227
15.789000,3327.227
15.790000,3327.227
15.791000,3327.131
15.792000,3327.131
15.793000,3327.131
15.794000,3327.131
15.795000,3327.131
15.796000,3325.510
15.797000,3325.510
15.798000,3325.510
15.799000,3325.510
15.800000,3325.510
15.801000,3323.269
15.802000,3323.269
15.803000,3323.269
15.804000,3323.269
15.805000,3323.269
15.806000,3323.269
15.807000,3323.269
15.808000,3323.269
15.809000,3323.269
15.810000,3318.691
15.811000,3318.691
15.812000,3318.691
15.813000,3318.691
15.814000,3318.691
15.815000,3318.882
15.816000,3318.882
15.817000,3318.882
15.818000,3318.882
15.819000,3318.882
15.820000,3319.454
15.821000,3319.454
15.822000,3319.454
15.823000,3319.454
15.824000,3319.454
15.825000,3320.265
15.826000,3320.265
15.827000,3320.265
15.828000,3320.265
15.829000,3320.265
15.830000,3324.223
15.831000,3324.223
15.832000,3324.223
15.833000,3324.223
15.834000,3324.223
15.835000,3323.364
15.836000,3323.364
15.837000,3323.364
15.838000,3323.364
15.839000,3323.364
15.840000,3518.057
15.841000,3518.057
15.842000,3518.057
15.843000,3518.057
15.844000,3518.057
15.845000,3528.070
15.846000,3528.070
15.847000,3528.070
15.848000,3528.070
15.849000,3528.070
15.850000,3531.265
15.851000,3531.265
15.852000,3531.265
15.853000,3531.265
15.854000,3531.265
15.855000,3536.177
15.856000,3536.177
15.857000,3536.177
15.858000,3536.177
15.859000,3536.177
15.860000,3564.453
15.861000,3564.453
15.862000,3564.453
15.863000,3564.453
15.864000,3564.453
15.865000,3583.145
15.866000,3583.145
15.867000,3583.145
15.868000,3583.145
15.869000,3583.145
15.870000,3582.573
15.871000,3582.573
15.872000,3582.573
15.873000,3582.573
15.874000,3512.573
15.875000,3512.573
15.876000,3512.573
15.877000,3512.573
15.878000,3512.573
15.879000,3511.953
15.880000,3511.953
15.881000,3511.953
15.882000,3511.953
15.883000,3511.953
15.884000,3508.759
15.885000,3508.759
15.886000,3508.759
15.887000,3508.759
15.888000,3508.759
15.889000,3494.787
15.890000,3494.787
15.891000,3494.787
15.892000,3494.787
15.893000,3494.787
15.894000,3480.244
15.895000,3480.244
15.896000,3480.244
15.897000,3480.244
15.898000,3480.244
15.899000,3483.629
15.900000,3483.629
15.901000,3483.629
15.902000,3483.629
15.903000,3483.629
15.904000,3471.804
15.905000,3471.804
15.906000,3471.804
15.907000,0.000
15.908000,3324.413
15.909000,3324.413
15.910000,3324.413
15.911000,3324.413
15.912000,3324.413
15.913000,3322.315
15.914000,3322.315
15.915000,3322.315
15.916000,3322.315
15.917000,3322.315
15.918000,3320.980
15.919000,3320.980
15.920000,3320.980
15.921000,3320.980
15.922000,3320.980
15.923000,3320.313
15.924000,3320.313
15.925000,3320.313
15.926000,3320.313
15.927000,3320.313
15.928000,3320.265
15.929000,3320.265
15.930000,3320.265
15.931000,3320.265
15.932000,3320.265
15.933000,3315.687
15.934000,3315.687
15.935000,3315.687
15.936000,3315.687
15.937000,3315.163
15.938000,3315.163
15.939000,3315.163
15.940000,3315.163
15.941000,3325.272
15.942000,3325.272
15.943000,3325.272
15.944000,3325.272
15.945000,3325.272
15.946000,3324.318
15.947000,3324.318
15.948000,3324.318
15.949000,3324.318
15.950000,3324.318
15.951000,3328.180
15.952000,3328.180
15.953000,3328.180
15.954000,3328.180
15.955000,3328.180
15.956000,3327.799
15.957000,3327.799
15.958000,3327.799
15.959000,3327.799
15.960000,3327.799
15.961000,3325.653
15.962000,3325.653
15.963000,3325.653
15.964000,3325.653
15.965000,3325.653
15.966000,3320.360
15.967000,3320.360
15.968000,3320.360
15.969000,3320.360
15.970000,3318.501
15.971000,3318.501
15.972000,3318.501
15.973000,3318.501
15.974000,3318.501
15.975000,3321.218
15.976000,3321.218
15.977000,3321.218
15.978000,3321.218
15.979000,3321.218
15.980000,3322.268
15.981000,3322.268
15.982000,3322.268
15.983000,3322.268
15.984000,3322.268
15.985000,3321.218
15.986000,3321.218
15.987000,3321.218
15.988000,3321.218
15.989000,3321.218
15.990000,3324.890
15.991000,3324.890
15.992000,3324.890
15.993000,3324.890
15.994000,3324.890
15.995000,3328.037
15.996000,3328.037
15.997000,3328.037
15.998000,3328.037
15.999000,3328.037
16.000000,3325.558
16.001000,3325.558
16.002000,3325.558
16.003000,0.000
16.004000,3225.231
16.005000,3225.231
16.006000,3225.231
16.007000,3225.231
16.008000,3225.231
16.009000,3223.658
16.010000,3223.658
16.011000,3223.658
16.012000,3223.658
16.013000,3223.658
16.014000,3219.652
16.015000,3219.652
16.016000,3219.652
16.017000,3219.652
16.018000,3219.652
16.019000,3195.524
16.020000,3195.524
16.021000,3195.524
16.022000,3195.524
16.023000,3195.524
16.024000,3180.408
16.025000,3180.408
16.026000,3180.408
16.027000,3180.408
16.028000,3180.408
16.029000,3149.414
16.030000,3149.414
16.031000,3149.414
16.032000,3149.414
16.033000,3216.124
16.034000,3216.124
16.035000,3216.124
16.036000,3216.124
16.037000,4768.610
16.038000,4768.610
16.039000,4768.610
16.040000,4768.610
16.041000,4768.610
16.042000,4804.754
16.043000,4804.754
16.044000,4804.754
16.045000,4804.754
16.046000,4804.754
16.047000,4709.435
16.048000,4709.435
16.049000,4709.435
16.050000,4709.435
16.051000,4709.435
16.052000,4649.782
16.053000,4649.782
16.054000,4649.782
16.055000,4649.782
16.056000,4649.782
16.057000,4568.005
16.058000,4568.005
16.059000,4568.005
16.060000,4568.005
16.061000,4568.005
16.062000,4513.264
16.063000,4513.264
16.064000,4513.264
16.065000,4513.264
16.066000,3157.091
16.067000,3157.091
16.068000,3157.091
16.069000,3157.091
16.070000,3157.091
16.071000,3164.291
16.072000,3164.291
16.073000,3164.291
16.074000,3164.291
16.075000,3164.291
16.076000,3176.880
16.077000,3176.880
16.078000,3176.880
16.079000,3176.880
16.080000,3176.880
16.081000,3186.655
16.082000,3186.655
16.083000,3186.655
16.084000,3186.655
16.085000,3186.655
16.086000,3240.252
16.087000,3240.252
16.088000,3240.252
16.089000,3240.252
16.090000,3240.252
16.091000,3252.125
16.092000,3252.125
16.093000,3252.125
16.094000,3252.125
16.095000,3252.125
16.096000,3265.190
16.097000,3265.190
16.098000,3265.190
16.099000,0.000
16.100000,3327.894
16.101000,3327.894
16.102000,3327.894
16.103000,3327.894
16.104000,3327.894
16.105000,3325.748
16.106000,3325.748
16.107000,3325.748
16.108000,3325.748
16.109000,3325.748
16.110000,3325.319
16.111000,3325.319
16.112000,3325.319
16.113000,3325.319
16.114000,3325.319
16.115000,3324.795
16.116000,3324.795
16.117000,3324.795
16.118000,3324.795
16.119000,3324.795
16.120000,3322.601
16.121000,3322.601
16.122000,3322.601
16.123000,3322.601
16.124000,3322.601
16.125000,3320.408
16.126000,3320.408
16.127000,3320.408
16.128000,3320.408
16.129000,3319.931
16.130000,3319.931
16.131000,3319.931
16.132000,3319.931
16.133000,3320.265
16.134000,3320.265
16.135000,3320.265
16.136000,3320.265
16.137000,3320.265
16.138000,3321.648
16.139000,3321.648
16.140000,3321.648
16.141000,3321.648
16.142000,3321.648
16.143000,3322.887
16.144000,3322.887
16.145000,3322.887
16.146000,3322.887
16.147000,3322.887
16.148000,3321.743
16.149000,3321.743
16.150000,3321.743
16.151000,3321.743
16.152000,3321.743
16.153000,3323.555
16.154000,3323.555
16.155000,3323.555
16.156000,3323.555
16.157000,3323.555
16.158000,3323.269
16.159000,3323.269
16.160000,3323.269
16.161000,3323.269
16.162000,3317.785
16.163000,3317.785
16.164000,3317.785
16.165000,3317.785
16.166000,3317.785
16.167000,3319.263
16.168000,3319.263
16.169000,3319.263
16.170000,3319.263
16.171000,3319.263
16.172000,3320.265
16.173000,3320.265
16.174000,3320.265
16.175000,3320.265
16.176000,3320.265
16.177000,3323.221
16.178000,3323.221
16.179000,3323.221
16.180000,3323.221
16.181000,3323.221
16.182000,3323.221
16.183000,3323.221
16.184000,3323.221
16.185000,3323.221
16.186000,3323.221
16.187000,3322.554
16.188000,3322.554
16.189000,3322.554
16.190000,3322.554
16.191000,3322.554
16.192000,3325.891
16.193000,3325.891
16.194000,3325.891
16.195000,0.000
16.196000,3321.981
16.197000,3321.981
16.198000,3321.981
16.199000,3321.981
16.200000,3321.981
16.201000,3321.552
16.202000,3321.552
16.203000,3321.552
16.204000,3321.552
16.205000,3321.552
16.206000,3320.980
16.207000,3320.980
16.208000,3320.980
16.209000,3320.980
16.210000,3320.980
16.211000,3315.258
16.212000,3315.258
16.213000,3315.258
16.214000,3315.258
16.215000,3315.258
16.216000,3317.690
16.217000,3317.690
16.218000,3317.690
16.219000,3317.690
16.220000,3317.690
16.221000,3320.360
16.222000,3320.360
16.223000,3320.360
16.224000,3320.360
16.225000,3322.554
16.226000,3322.554
16.227000,3322.554
16.228000,3322.554
16.229000,3325.129
16.230000,3325.129
16.231000,3325.129
16.232000,3325.129
16.233000,3325.129
16.234000,3323.793
16.235000,3323.793
16.236000,3323.793
16.237000,3323.793
16.238000,3323.793
16.239000,3321.743
16.240000,3321.743
16.241000,3321.743
16.242000,3321.743
16.243000,3321.743
16.244000,3318.119
16.245000,3318.119
16.246000,3318.119
16.247000,3318.119
16.248000,3318.119
16.249000,3320.217
16.250000,3320.217
16.251000,3320.217
16.252000,3320.217
16.253000,3320.217
16.254000,3315.878
16.255000,3315.878
16.256000,3315.878
16.257000,3315.878
16.258000,3425.026
16.259000,3425.026
16.260000,3425.026
16.261000,3425.026
16.262000,3425.026
16.263000,3451.967
16.264000,3451.967
16.265000,3451.967
16.266000,3451.967
16.267000,3451.967
16.268000,3471.804
16.269000,3471.804
16.270000,3471.804
16.271000,3471.804
16.272000,3471.804
16.273000,3472.090
16.274000,3472.090
16.275000,3472.090
16.276000,3472.090
16.277000,3472.090
16.278000,3471.708
16.279000,3471.708
16.280000,3471.708
16.281000,3471.708
16.282000,3471.708
16.283000,3502.274
16.284000,3502.274
16.285000,3502.274
16.286000,3502.274
16.287000,3502.274
16.288000,3506.708
16.289000,3506.708
16.290000,3506.708
16.291000,0.000
16.292000,3680.849
16.293000,3680.849
16.294000,3680.849
16.295000,3680.849
16.296000,3680.849
16.297000,3696.299
16.298000,3696.299
16.299000,3696.299
16.300000,3696.299
16.301000,3696.299
16.302000,3698.921
16.303000,3698.921
16.304000,3698.921
16.305000,3698.921
16.306000,3698.921
16.307000,3699.732
16.308000,3699.732
16.309000,3699.732
16.310000,3699.732
16.311000,3699.732
16.312000,3702.259
16.313000,3702.259
16.314000,3702.259
16.315000,3702.259
16.316000,3702.259
16.317000,3705.931
16.318000,3705.931
16.319000,3705.931
16.320000,3705.931
16.321000,3703.451
16.322000,3703.451
16.323000,3703.451
16.324000,3703.451
16.325000,0.000
16.326000,0.000
16.327000,0.000
16.328000,0.000
16.329000,0.000
16.330000,3787.613
16.331000,3787.613
16.332000,3787.613
16.333000,3787.613
16.334000,3787.613
16.335000,3785.563
16.336000,3785.563
16.337000,3785.563
16.338000,3785.563
16.339000,3785.563
16.340000,3788.900
16.341000,3788.900
16.342000,3788.900
16.343000,3788.900
16.344000,3788.900
16.345000,3805.685
16.346000,3805.685
16.347000,3805.685
16.348000,3805.685
16.349000,3805.685
16.350000,3814.697
16.351000,3814.697
16.352000,3814.697
16.353000,3814.697
16.354000,3743.601
16.355000,3743.601
16.356000,3743.601
16.357000,3743.601
16.358000,3743.601
16.359000,3728.819
16.360000,3728.819
16.361000,3728.819
16.362000,3728.819
16.363000,3728.819
16.364000,3715.754
16.365000,3715.754
16.366000,3715.754
16.367000,3715.754
16.368000,3715.754
16.369000,3714.705
16.370000,3714.705
16.371000,3714.705
16.372000,3714.705
16.373000,3714.705
16.374000,3716.993
16.375000,3716.993
16.376000,3716.993
16.377000,3716.993
16.378000,3716.993
16.379000,3717.375
16.380000,3717.375
16.381000,3717.375
16.382000,3717.375
16.383000,3717.375
16.384000,3716.040
16.385000,3716.040
16.386000,3716.040
16.387000,0.000
16.388000,0.000
16.389000,0.000
16.390000,0.000
16.391000,0.000
16.392000,0.000
16.393000,3522.396
16.394000,3522.396
16.395000,3522.396
16.396000,3522.396
16.397000,3522.396
16.398000,3512.096
16.399000,3512.096
16.400000,3512.096
16.401000,3512.096
16.402000,3512.096
16.403000,3498.745
16.404000,3498.745
16.405000,3498.745
16.406000,3498.745
16.407000,3498.745
16.408000,3490.019
16.409000,3490.019
16.410000,3490.019
16.411000,3490.019
16.412000,3490.019
16.413000,3429.699
16.414000,3429.699
16.415000,3429.699
16.416000,3429.699
16.417000,3418.016
16.418000,3418.016
16.419000,3418.016
16.420000,3418.016
16.421000,3327.656
16.422000,3327.656
16.423000,3327.656
16.424000,3327.656
16.425000,3327.656
16.426000,3330.374
16.427000,3330.374
16.428000,3330.374
16.429000,3330.374
16.430000,3330.374
16.431000,3327.036
16.432000,3327.036
16.433000,3327.036
16.434000,3327.036
16.435000,3327.036
16.436000,3325.558
16.437000,3325.558
16.438000,3325.558
16.439000,3325.558
16.440000,3325.558
16.441000,3324.652
16.442000,3324.652
16.443000,3324.652
16.444000,3324.652
16.445000,3324.652
16.446000,3324.413
16.447000,3324.413
16.448000,3324.413
16.449000,3324.413
16.450000,3316.164
16.451000,3316.164
16.452000,3316.164
16.453000,3316.164
16.454000,3316.164
16.455000,3318.882
16.456000,3318.882
16.457000,3318.882
16.458000,3318.882
16.459000,3318.882
16.460000,3320.169
16.461000,3320.169
16.462000,3320.169
16.463000,3320.169
16.464000,3320.169
16.465000,3319.740
16.466000,3319.740
16.467000,3319.740
16.468000,3319.740
16.469000,3319.740
16.470000,3321.314
16.471000,3321.314
16.472000,3321.314
16.473000,3321.314
16.474000,3321.314
16.475000,3322.554
16.476000,3322.554
16.477000,3322.554
16.478000,3322.554
16.479000,3322.554
16.480000,3314.781
16.481000,3314.781
16.482000,3314.781
16.483000,3314.781
16.484000,3314.781
16.485000,3319.073
16.486000,3319.073
16.487000,3319.073
16.488000,3319.073
16.489000,3319.073
16.490000,3320.646
16.491000,3320.646
16.492000,3320.646
16.493000,3320.646
16.494000,3320.646
16.495000,3320.360
16.496000,3320.360
16.497000,3320.360
16.498000,3320.360
16.499000,3320.360
16.500000,3322.697
16.501000,3322.697
16.502000,3322.697
16.503000,3322.697
16.504000,3322.697
16.505000,3322.840
16.506000,3322.840
16.507000,3322.840
16.508000,3322.840
16.509000,3322.840
16.510000,3325.367
16.511000,3325.367
16.512000,3325.367
16.513000,3325.367
16.514000,3322.792
16.515000,3322.792
16.516000,3322.792
16.517000,3322.792
16.518000,3322.792
16.519000,3322.077
16.520000,3322.077
16.521000,3322.077
16.522000,3322.077
16.523000,3322.077
16.524000,3321.123
16.525000,3321.123
16.526000,3321.123
16.527000,3321.123
16.528000,3321.123
16.529000,3320.169
16.530000,3320.169
16.531000,3320.169
16.532000,3320.169
16.533000,3320.169
16.534000,3315.258
16.535000,3315.258
16.536000,3315.258
16.537000,3315.258
16.538000,3315.258
16.539000,3323.126
16.540000,3323.126
16.541000,3323.126
16.542000,3323.126
16.543000,3323.126
16.544000,3323.507
16.545000,3323.507
16.546000,3323.507
16.547000,0.000
16.548000,3322.077
16.549000,3322.077
16.550000,3322.077
16.551000,3322.077
16.552000,3322.077
16.553000,3321.028
16.554000,3321.028
16.555000,3321.028
16.556000,3321.028
16.557000,3321.028
16.558000,3320.551
16.559000,3320.551
16.560000,3320.551
16.561000,3320.551
16.562000,3320.551
16.563000,3320.360
16.564000,3320.360
16.565000,3320.360
16.566000,3320.360
16.567000,3320.360
16.568000,3317.308
16.569000,3317.308
16.570000,3317.308
16.571000,3317.308
16.572000,3317.308
16.573000,3316.307
16.574000,3316.307
16.575000,3316.307
16.576000,3316.307
16.577000,3316.736
16.578000,3316.736
16.579000,3316.736
16.580000,3316.736
16.581000,3323.460
16.582000,3323.460
16.583000,3323.460
16.584000,3323.460
16.585000,3323.460
16.586000,3326.225
16.587000,3326.225
16.588000,3326.225
16.589000,3326.225
16.590000,3326.225
16.591000,3327.990
16.592000,3327.990
16.593000,3327.990
16.594000,3327.990
16.595000,3327.990
16.596000,3326.702
16.597000,3326.702
16.598000,3326.702
16.599000,3326.702
16.600000,3326.702
16.601000,3320.646
16.602000,3320.646
16.603000,3320.646
16.604000,3320.646
16.605000,3320.646
16.606000,3317.404
16.607000,3317.404
16.608000,3317.404
16.609000,3317.404
16.610000,3320.646
16.611000,3320.646
16.612000,3320.646
16.613000,3320.646
16.614000,3320.646
16.615000,3322.220
16.616000,3322.220
16.617000,3322.220
16.618000,3322.220
16.619000,3322.220
16.620000,3321.552
16.621000,3321.552
16.622000,3321.552
16.623000,3321.552
16.624000,3321.552
16.625000,3324.938
16.626000,3324.938
16.627000,3324.938
16.628000,3324.938
16.629000,3324.938
16.630000,3327.847
16.631000,3327.847
16.632000,3327.847
16.633000,3327.847
16.634000,3327.847
16.635000,3326.559
16.636000,3326.559
16.637000,3326.559
16.638000,3326.559
16.639000,3326.559
16.640000,3325.176
16.641000,3325.176
16.642000,3325.176
16.643000,0.000
16.644000,3318.691
16.645000,3318.691
16.646000,3318.691
16.647000,3318.691
16.648000,3318.691
16.649000,3314.400
16.650000,3314.400
16.651000,3314.400
16.652000,3314.400
16.653000,3314.400
16.654000,3316.498
16.655000,3316.498
16.656000,3316.498
16.657000,3316.498
16.658000,3316.498
16.659000,3319.645
16.660000,3319.645
16.661000,3319.645
16.662000,3319.645
16.663000,3319.645
16.664000,3319.073
16.665000,3319.073
16.666000,3319.073
16.667000,3319.073
16.668000,3319.073
16.669000,3327.131
16.670000,3327.131
16.671000,3327.131
16.672000,3327.131
16.673000,3327.513
16.674000,3327.513
16.675000,3327.513
16.676000,3327.513
16.677000,3318.596
16.678000,3318.596
16.679000,3318.596
16.680000,3318.596
16.681000,3318.596
16.682000,3313.589
16.683000,3313.589
16.684000,3313.589
16.685000,3313.589
16.686000,3313.589
16.687000,3315.163
16.688000,3315.163
16.689000,3315.163
16.690000,3315.163
16.691000,3315.163
16.692000,3318.834
16.693000,3318.834
16.694000,3318.834
16.695000,3318.834
16.696000,3318.834
16.697000,3318.930
16.698000,3318.930
16.699000,3318.930
16.700000,3318.930
16.701000,3318.930
16.702000,3319.073
16.703000,3319.073
16.704000,3319.073
16.705000,3319.073
16.706000,3325.891
16.707000,3325.891
16.708000,3325.891
16.709000,3325.891
16.710000,3325.891
16.711000,3324.413
16.712000,3324.413
16.713000,3324.413
16.714000,3324.413
16.715000,3324.413
16.716000,3323.936
16.717000,3323.936
16.718000,3323.936
16.719000,3323.936
16.720000,3323.936
16.721000,3322.554
16.722000,3322.554
16.723000,3322.554
16.724000,3322.554
16.725000,3322.554
16.726000,3320.742
16.727000,3320.742
16.728000,3320.742
16.729000,3320.742
16.730000,3320.742
16.731000,3315.878
16.732000,3315.878
16.733000,3315.878
16.734000,3315.878
16.735000,3315.878
16.736000,3318.930
16.737000,3318.930
16.738000,3318.930
16.739000,0.000
16.740000,3326.988
16.741000,3326.988
16.742000,3326.988
16.743000,3326.988
16.744000,3326.988
16.745000,3327.894
16.746000,3327.894
16.747000,3327.894
16.748000,3327.894
16.749000,3327.894
16.750000,3325.081
16.751000,3325.081
16.752000,3325.081
16.753000,3325.081
16.754000,3325.081
16.755000,3325.653
16.756000,3325.653
16.757000,3325.653
16.758000,3325.653
16.759000,3325.653
16.760000,3323.984
16.761000,3323.984
16.762000,3323.984
16.763000,3323.984
16.764000,3323.984
16.765000,3323.078
16.766000,3323.078
16.767000,3323.078
16.768000,3323.078
16.769000,3321.600
16.770000,3321.600
16.771000,3321.600
16.772000,3321.600
16.773000,3317.785
16.774000,3317.785
16.775000,3317.785
16.776000,3317.785
16.777000,3317.785
16.778000,3320.503
16.779000,3320.503
16.780000,3320.503
16.781000,3320.503
16.782000,3320.503
16.783000,3321.409
16.784000,3321.409
16.785000,3321.409
16.786000,3321.409
16.787000,3321.409
16.788000,3323.078
16.789000,3323.078
16.790000,3323.078
16.791000,3323.078
16.792000,3323.078
16.793000,3322.411
16.794000,3322.411
16.795000,3322.411
16.796000,3322.411
16.797000,3322.411
16.798000,3323.746
16.799000,3323.746
16.800000,3323.746
16.801000,3323.746
16.802000,3315.973
16.803000,3315.973
16.804000,3315.973
16.805000,3315.973
16.806000,3315.973
16.807000,3317.165
16.808000,3317.165
16.809000,3317.165
16.810000,3317.165
16.811000,3317.165
16.812000,3319.931
16.813000,3319.931
16.814000,3319.931
16.815000,3319.931
16.816000,3319.931
16.817000,3320.551
16.818000,3320.551
16.819000,3320.551
16.820000,3320.551
16.821000,3320.551
16.822000,3321.075
16.823000,3321.075
16.824000,3321.075
16.825000,3321.075
16.826000,3321.075
16.827000,3321.123
16.828000,3321.123
16.829000,3321.123
16.830000,3321.123
16.831000,3321.123
16.832000,3320.408
16.833000,3320.408
16.834000,3320.408
16.835000,0.000
16.836000,3324.032
16.837000,3324.032
16.838000,3324.032
16.839000,3324.032
16.840000,3324.032
16.841000,3322.029
16.842000,3322.029
16.843000,3322.029
16.844000,3322.029
16.845000,3322.029
16.846000,3322.077
16.847000,3322.077
16.848000,3322.077
16.849000,3322.077
16.850000,3322.077
16.851000,3320.456
16.852000,3320.456
16.853000,3320.456
16.854000,3320.456
16.855000,3320.456
16.856000,3316.402
16.857000,3316.402
16.858000,3316.402
16.859000,3316.402
16.860000,3316.402
16.861000,3320.885
16.862000,3320.885
16.863000,3320.885
16.864000,3320.885
16.865000,3322.935
16.866000,3322.935
16.867000,3322.935
16.868000,3322.935
16.869000,0.000
16.870000,0.000
16.871000,0.000
16.872000,0.000
16.873000,0.000
16.874000,3323.221
16.875000,3323.221
16.876000,3323.221
16.877000,3323.221
16.878000,3323.221
16.879000,3320.599
16.880000,3320.599
16.881000,3320.599
16.882000,3320.599
16.883000,3320.599
16.884000,3321.505
16.885000,3321.505
16.886000,3321.505
16.887000,3321.505
16.888000,3321.505
16.889000,3321.362
16.890000,3321.362
16.891000,3321.362
16.892000,3321.362
16.893000,3321.362
16.894000,3316.641
16.895000,3316.641
16.896000,3316.641
16.897000,3316.641
16.898000,3321.218
16.899000,3321.218
16.900000,3321.218
16.901000,3321.218
16.902000,3321.218
16.903000,3324.175
16.904000,3324.175
16.905000,3324.175
16.906000,3324.175
16.907000,3324.175
16.908000,3323.030
16.909000,3323.030
16.910000,3323.030
16.911000,3323.030
16.912000,3323.030
16.913000,3325.987
16.914000,3325.987
16.915000,3325.987
16.916000,3325.987
16.917000,3325.987
16.918000,3326.797
16.919000,3326.797
16.920000,3326.797
16.921000,3326.797
16.922000,3326.797
16.923000,3326.225
16.924000,3326.225
16.925000,3326.225
16.926000,3326.225
16.927000,3326.225
16.928000,3320.789
16.929000,3320.789
16.930000,3320.789
16.931000,3320.789
16.932000,3320.789
16.933000,3320.837
16.934000,3320.837
16.935000,3320.837
16.936000,3320.837
16.937000,3320.837
16.938000,3323.460
16.939000,3323.460
16.940000,3323.460
16.941000,3323.460
16.942000,3323.460
16.943000,3322.840
16.944000,3322.840
16.945000,3322.840
16.946000,3322.840
16.947000,3322.840
16.948000,3323.603
16.949000,3323.603
16.950000,3323.603
16.951000,3323.603
16.952000,3323.603
16.953000,3327.322
16.954000,3327.322
16.955000,3327.322
16.956000,3327.322
16.957000,3327.322
16.958000,3324.556
16.959000,3324.556
16.960000,3324.556
16.961000,3324.556
16.962000,3320.122
16.963000,3320.122
16.964000,3320.122
16.965000,3320.122
16.966000,3320.122
16.967000,3318.119
16.968000,3318.119
16.969000,3318.119
16.970000,3318.119
16.971000,3318.119
16.972000,3316.164
16.973000,3316.164
16.974000,3316.164
16.975000,3316.164
16.976000,3316.164
16.977000,3316.593
16.978000,3316.593
16.979000,3316.593
16.980000,3316.593
16.981000,3316.593
16.982000,3319.311
16.983000,3319.311
16.984000,3319.311
16.985000,3319.311
16.986000,3319.311
16.987000,3320.122
16.988000,3320.122
16.989000,3320.122
16.990000,3320.122
16.991000,3320.122
16.992000,3320.456
16.993000,3320.456
16.994000,3320.456
16.995000,3320.456
16.996000,3320.456
16.997000,3320.265
16.998000,3320.265
16.999000,3320.265
17.000000,3320.265
17.001000,3320.265
17.002000,3321.314
17.003000,3321.314
17.004000,3321.314
17.005000,3321.314
17.006000,3321.314
17.007000,3314.734
17.008000,3314.734
17.009000,3314.734
17.010000,3314.734
17.011000,3314.734
17.012000,3315.639
17.013000,3315.639
17.014000,3315.639
17.015000,3315.639
17.016000,3315.639
17.017000,3318.501
17.018000,3318.501
17.019000,3318.501
17.020000,3318.501
17.021000,3318.501
17.022000,3319.168
17.023000,3319.168
17.024000,3319.168
17.025000,3319.168
17.026000,3328.705
17.027000,3328.705
17.028000,3328.705
17.029000,3328.705
17.030000,3328.705
17.031000,3326.082
17.032000,3326.082
17.033000,3326.082
17.034000,3326.082
17.035000,3326.082
17.036000,3323.269
17.037000,3323.269
17.038000,3323.269
17.039000,3323.269
17.040000,3323.269
17.041000,3322.458
17.042000,3322.458
17.043000,3322.458
17.044000,3322.458
17.045000,3322.458
17.046000,3320.980
17.047000,3320.980
17.048000,3320.980
17.049000,3320.980
17.050000,3320.980
17.051000,3316.212
17.052000,3316.212
17.053000,3316.212
17.054000,3316.212
17.055000,3316.212
17.056000,3319.883
17.057000,3319.883
17.058000,3319.883
17.059000,0.000
17.060000,3327.036
17.061000,3327.036
17.062000,3327.036
17.063000,3327.036
17.064000,3327.036
17.065000,3329.086
17.066000,3329.086
17.067000,3329.086
17.068000,3329.086
17.069000,3329.086
17.070000,3326.321
17.071000,3326.321
17.072000,3326.321
17.073000,3326.321
17.074000,3326.321
17.075000,3324.270
17.076000,3324.270
17.077000,3324.270
17.078000,3324.270
17.079000,3324.270
17.080000,3323.698
17.081000,3323.698
17.082000,3323.698
17.083000,3323.698
17.084000,3323.698
17.085000,3323.078
17.086000,3323.078
17.087000,3323.078
17.088000,3323.078
17.089000,3320.980
17.090000,3320.980
17.091000,3320.980
17.092000,3320.980
17.093000,3320.646
17.094000,3320.646
17.095000,3320.646
17.096000,3320.646
17.097000,3320.646
17.098000,3324.509
17.099000,3324.509
17.100000,3324.509
17.101000,3324.509
17.102000,3324.509
17.103000,3324.652
17.104000,3324.652
17.105000,3324.652
17.106000,3324.652
17.107000,3324.652
17.108000,3325.272
17.109000,3325.272
17.110000,3325.272
17.111000,3325.272
17.112000,3325.272
17.113000,3323.603
17.114000,3323.603
17.115000,3323.603
17.116000,3323.603
17.117000,3323.603
17.118000,3323.698
17.119000,3323.698
17.120000,3323.698
17.121000,3323.698
17.122000,0.000
17.123000,0.000
17.124000,0.000
17.125000,0.000
17.126000,0.000
17.127000,3319.645
17.128000,3319.645
17.129000,3319.645
17.130000,3319.645
17.131000,3319.645
17.132000,3321.218
17.133000,3321.218
17.134000,3321.218
17.135000,3321.218
17.136000,3321.218
17.137000,3321.075
17.138000,3321.075
17.139000,3321.075
17.140000,3321.075
17.141000,3321.075
17.142000,3322.172
17.143000,3322.172
17.144000,3322.172
17.145000,3322.172
17.146000,3322.172
17.147000,3321.838
17.148000,3321.838
17.149000,3321.838
17.150000,3321.838
17.151000,3321.838
17.152000,3322.649
17.153000,3322.649
17.154000,3322.649
17.155000,0.000
17.156000,3321.838
17.157000,3321.838
17.158000,3321.838
17.159000,3321.838
17.160000,3321.838
17.161000,3322.411
17.162000,3322.411
17.163000,3322.411
17.164000,3322.411
17.165000,3322.411
17.166000,3320.456
17.167000,3320.456
17.168000,3320.456
17.169000,3320.456
17.170000,3320.456
17.171000,3317.213
17.172000,3317.213
17.173000,3317.213
17.174000,3317.213
17.175000,3317.213
17.176000,3324.652
17.177000,3324.652
17.178000,3324.652
17.179000,3324.652
17.180000,3324.652
17.181000,3324.413
17.182000,3324.413
17.183000,3324.413
17.184000,3324.413
17.185000,3323.698
17.186000,3323.698
17.187000,3323.698
17.188000,3323.698
17.189000,3323.793
17.190000,3323.793
17.191000,3323.793
17.192000,3323.793
17.193000,3323.793
17.194000,3323.126
17.195000,3323.126
17.196000,3323.126
17.197000,3323.126
17.198000,3323.126
17.199000,3321.934
17.200000,3321.934
17.201000,3321.934
17.202000,3321.934
17.203000,3321.934
17.204000,3321.552
17.205000,3321.552
17.206000,3321.552
17.207000,3321.552
17.208000,3321.552
17.209000,3315.258
17.210000,3315.258
17.211000,3315.258
17.212000,3315.258
17.213000,3315.258
17.214000,3313.065
17.215000,3313.065
17.216000,3313.065
17.217000,3313.065
17.218000,0.000
17.219000,0.000
17.220000,0.000
17.221000,0.000
17.222000,0.000
17.223000,3321.600
17.224000,3321.600
17.225000,3321.600
17.226000,3321.600
17.227000,3321.600
17.228000,3325.033
17.229000,3325.033
17.230000,3325.033
17.231000,3325.033
17.232000,3325.033
17.233000,3326.035
17.234000,3326.035
17.235000,3326.035
17.236000,3326.035
17.237000,3326.035
17.238000,3324.890
17.239000,3324.890
17.240000,3324.890
17.241000,3324.890
17.242000,3324.890
17.243000,3321.838
17.244000,3321.838
17.245000,3321.838
17.246000,3321.838
17.247000,3321.838
17.248000,3318.977
17.249000,3318.977
17.250000,3318.977
17.251000,0.000
17.252000,3321.028
17.253000,3321.028
17.254000,3321.028
17.255000,3321.028
17.256000,3321.028
17.257000,3324.318
17.258000,3324.318
17.259000,3324.318
17.260000,3324.318
17.261000,3324.318
17.262000,3323.841
17.263000,3323.841
17.264000,3323.841
17.265000,3323.841
17.266000,3323.841
17.267000,3324.890
17.268000,3324.890
17.269000,3324.890
17.270000,3324.890
17.271000,3324.890
17.272000,3326.845
17.273000,3326.845
17.274000,3326.845
17.275000,3326.845
17.276000,3326.845
17.277000,3326.654
17.278000,3326.654
17.279000,3326.654
17.280000,3326.654
17.281000,3326.321
17.282000,3326.321
17.283000,3326.321
17.284000,3326.321
17.285000,3318.262
17.286000,3318.262
17.287000,3318.262
17.288000,3318.262
17.289000,3318.262
17.290000,3315.020
17.291000,3315.020
17.292000,3315.020
17.293000,3315.020
17.294000,3315.020
17.295000,3316.355
17.296000,3316.355
17.297000,3316.355
17.298000,3316.355
17.299000,3316.355
17.300000,3320.885
17.301000,3320.885
17.302000,3320.885
17.303000,3320.885
17.304000,3320.885
17.305000,3321.123
17.306000,3321.123
17.307000,3321.123
17.308000,3321.123
17.309000,3321.123
17.310000,3327.036
17.311000,3327.036
17.312000,3327.036
17.313000,3327.036
17.314000,3320.789
17.315000,3320.789
17.316000,3320.789
17.317000,3320.789
17.318000,3320.789
17.319000,3319.168
17.320000,3319.168
17.321000,3319.168
17.322000,3319.168
17.323000,3319.168
17.324000,3314.781
17.325000,3314.781
17.326000,3314.781
17.327000,3314.781
17.328000,3314.781
17.329000,3314.447
17.330000,3314.447
17.331000,3314.447
17.332000,3314.447
17.333000,3314.447
17.334000,3316.832
17.335000,3316.832
17.336000,3316.832
17.337000,3316.832
17.338000,3316.832
17.339000,3318.930
17.340000,3318.930
17.341000,3318.930
17.342000,3318.930
17.343000,3318.930
17.344000,3319.168
17.345000,3319.168
17.346000,3319.168
17.347000,0.000
17.348000,3327.513
17.349000,3327.513
17.350000,3327.513
17.351000,3327.513
17.352000,3327.513
17.353000,3325.510
17.354000,3325.510
17.355000,3325.510
17.356000,3325.510
17.357000,3325.510
17.358000,3323.603
17.359000,3323.603
17.360000,3323.603
17.361000,3323.603
17.362000,3323.603
17.363000,3324.175
17.364000,3324.175
17.365000,3324.175
17.366000,3324.175
17.367000,3324.175
17.368000,3323.126
17.369000,3323.126
17.370000,3323.126
17.371000,3323.126
17.372000,3323.126
17.373000,3318.119
17.374000,3318.119
17.375000,3318.119
17.376000,3318.119
17.377000,3319.788
17.378000,3319.788
17.379000,3319.788
17.380000,3319.788
17.381000,3329.325
17.382000,3329.325
17.383000,3329.325
17.384000,3329.325
17.385000,3329.325
17.386000,3327.322
17.387000,3327.322
17.388000,3327.322
17.389000,3327.322
17.390000,3327.322
17.391000,3323.841
17.392000,3323.841
17.393000,3323.841
17.394000,3323.841
17.395000,3323.841
17.396000,3323.507
17.397000,3323.507
17.398000,3323.507
17.399000,3323.507
17.400000,3323.507
17.401000,3321.791
17.402000,3321.791
17.403000,3321.791
17.404000,3321.791
17.405000,3321.791
17.406000,3318.930
17.407000,3318.930
17.408000,3318.930
17.409000,3318.930
17.410000,3318.739
17.411000,3318.739
17.412000,3318.739
17.413000,3318.739
17.414000,3318.739
17.415000,3318.739
17.416000,3318.739
17.417000,3318.739
17.418000,3318.739
17.419000,3318.739
17.420000,3318.357
17.421000,3318.357
17.422000,3318.357
17.423000,3318.357
17.424000,3318.357
17.425000,3321.218
17.426000,3321.218
17.427000,3321.218
17.428000,3321.218
17.429000,3321.218
17.430000,3322.506
17.431000,3322.506
17.432000,3322.506
17.433000,3322.506
17.434000,3322.506
17.435000,3323.412
17.436000,3323.412
17.437000,3323.412
17.438000,3323.412
17.439000,3323.412
17.440000,3321.362
17.441000,3321.362
17.442000,3321.362
17.443000,0.000
17.444000,3319.025
17.445000,3319.025
17.446000,3319.025
17.447000,3319.025
17.448000,3319.025
17.449000,3319.263
17.450000,3319.263
17.451000,3319.263
17.452000,3319.263
17.453000,3319.263
17.454000,3320.313
17.455000,3320.313
17.456000,3320.313
17.457000,3320.313
17.458000,3320.313
17.459000,3322.029
17.460000,3322.029
17.461000,3322.029
17.462000,3322.029
17.463000,3322.029
17.464000,3321.266
17.465000,3321.266
17.466000,3321.266
17.467000,3321.266
17.468000,3321.266
17.469000,3322.554
17.470000,3322.554
17.471000,3322.554
17.472000,3322.554
17.473000,3327.560
17.474000,3327.560
17.475000,3327.560
17.476000,3327.560
17.477000,3322.077
17.478000,3322.077
17.479000,3322.077
17.480000,3322.077
17.481000,3322.077
17.482000,3320.789
17.483000,3320.789
17.484000,3320.789
17.485000,3320.789
17.486000,3320.789
17.487000,3319.025
17.488000,3319.025
17.489000,3319.025
17.490000,3319.025
17.491000,3319.025
17.492000,3320.074
17.493000,3320.074
17.494000,3320.074
17.495000,3320.074
17.496000,3320.074
17.497000,3314.686
17.498000,3314.686
17.499000,3314.686
17.500000,3314.686
17.501000,3314.686
17.502000,3320.169
17.503000,3320.169
17.504000,3320.169
17.505000,3320.169
17.506000,3326.178
17.507000,3326.178
17.508000,3326.178
17.509000,3326.178
17.510000,3326.178
17.511000,3324.175
17.512000,3324.175
17.513000,3324.175
17.514000,3324.175
17.515000,3324.175
17.516000,3324.080
17.517000,3324.080
17.518000,3324.080
17.519000,3324.080
17.520000,3324.080
17.521000,3323.030
17.522000,3323.030
17.523000,3323.030
17.524000,3323.030
17.525000,3323.030
17.526000,3319.168
17.527000,3319.168
17.528000,3319.168
17.529000,3319.168
17.530000,3319.168
17.531000,3320.932
17.532000,3320.932
17.533000,3320.932
17.534000,3320.932
17.535000,3320.932
17.536000,3316.975
17.537000,3316.975
17.538000,3316.975
17.539000,0.000
17.540000,3322.935
17.541000,3322.935
17.542000,3322.935
17.543000,3322.935
17.544000,3322.935
17.545000,3323.030
17.546000,3323.030
17.547000,3323.030
17.548000,3323.030
17.549000,3323.030
17.550000,3326.464
17.551000,3326.464
17.552000,3326.464
17.553000,3326.464
17.554000,3326.464
17.555000,3327.370
17.556000,3327.370
17.557000,3327.370
17.558000,3327.370
17.559000,3327.370
17.560000,3325.415
17.561000,3325.415
17.562000,3325.415
17.563000,3325.415
17.564000,3325.415
17.565000,3321.743
17.566000,3321.743
17.567000,3321.743
17.568000,3321.743
17.569000,3317.499
17.570000,3317.499
17.571000,3317.499
17.572000,3317.499
17.573000,0.000
17.574000,0.000
17.575000,0.000
17.576000,0.000
17.577000,0.000
17.578000,3322.411
17.579000,3322.411
17.580000,3322.411
17.581000,3322.411
17.582000,3322.411
17.583000,3322.077
17.584000,3322.077
17.585000,3322.077
17.586000,3322.077
17.587000,3322.077
17.588000,3323.364
17.589000,3323.364
17.590000,3323.364
17.591000,3323.364
17.592000,3323.364
17.593000,3326.035
17.594000,3326.035
17.595000,3326.035
17.596000,3326.035
17.597000,3326.035
17.598000,3326.130
17.599000,3326.130
17.600000,3326.130
17.601000,3326.130
17.602000,3321.695
17.603000,3321.695
17.604000,3321.695
17.605000,3321.695
17.606000,3321.695
17.607000,3318.119
17.608000,3318.119
17.609000,3318.119
17.610000,3318.119
17.611000,3318.119
17.612000,3314.781
17.613000,3314.781
17.614000,3314.781
17.615000,3314.781
17.616000,3314.781
17.617000,3315.639
17.618000,3315.639
17.619000,3315.639
17.620000,3315.639
17.621000,3315.639
17.622000,3318.977
17.623000,3318.977
17.624000,3318.977
17.625000,3318.977
17.626000,3318.977
17.627000,3319.168
17.628000,3319.168
17.629000,3319.168
17.630000,3319.168
17.631000,3319.168
17.632000,3322.649
17.633000,3322.649
17.634000,3322.649
17.635000,3322.649
17.636000,3322.649
17.637000,3319.693
17.638000,3319.693
17.639000,3319.693
17.640000,3319.693
17.641000,3319.693
17.642000,3321.552
17.643000,3321.552
17.644000,3321.552
17.645000,3321.552
17.646000,3321.552
17.647000,3316.927
17.648000,3316.927
17.649000,3316.927
17.650000,3316.927
17.651000,3316.927
17.652000,3315.687
17.653000,3315.687
17.654000,3315.687
17.655000,3315.687
17.656000,3315.687
17.657000,3317.022
17.658000,3317.022
17.659000,3317.022
17.660000,3317.022
17.661000,3317.022
17.662000,3318.119
17.663000,3318.119
17.664000,3318.119
17.665000,3318.119
17.666000,3327.322
17.667000,3327.322
17.668000,3327.322
17.669000,3327.322
17.670000,3327.322
17.671000,3327.894
17.672000,3327.894
17.673000,3327.894
17.674000,3327.894
17.675000,3327.894
17.676000,3325.558
17.677000,3325.558
17.678000,3325.558
17.679000,3325.558
17.680000,3325.558
17.681000,3325.176
17.682000,3325.176
17.683000,3325.176
17.684000,3325.176
17.685000,3325.176
17.686000,3323.936
17.687000,3323.936
17.688000,3323.936
17.689000,3323.936
17.690000,3323.936
17.691000,3320.980
17.692000,3320.980
17.693000,3320.980
17.694000,3320.980
17.695000,3320.980
17.696000,3326.511
17.697000,3326.511
17.698000,3326.511
17.699000,3326.511
17.700000,3326.511
17.701000,3328.848
17.702000,3328.848
17.703000,3328.848
17.704000,3328.848
17.705000,3328.848
17.706000,3324.842
17.707000,3324.842
17.708000,3324.842
17.709000,3324.842
17.710000,3324.842
17.711000,3322.887
17.712000,3322.887
17.713000,3322.887
17.714000,3322.887
17.715000,3322.887
17.716000,3322.935
17.717000,3322.935
17.718000,3322.935
17.719000,3322.935
17.720000,3322.935
17.721000,3321.886
17.722000,3321.886
17.723000,3321.886
17.724000,3321.886
17.725000,3321.886
17.726000,3320.026
17.727000,3320.026
17.728000,3320.026
17.729000,3320.026
17.730000,3320.122
17.731000,3320.122
17.732000,3320.122
17.733000,3320.122
17.734000,3320.122
17.735000,3320.217
17.736000,3320.217
17.737000,3320.217
17.738000,3320.217
17.739000,3320.217
17.740000,3321.171
17.741000,3321.171
17.742000,3321.171
17.743000,3321.171
17.744000,3321.171
17.745000,3322.411
17.746000,3322.411
17.747000,3322.411
17.748000,3322.411
17.749000,3322.411
17.750000,3321.934
17.751000,3321.934
17.752000,3321.934
17.753000,3321.934
17.754000,3321.934
17.755000,3321.838
17.756000,3321.838
17.757000,3321.838
17.758000,3321.838
17.759000,3321.838
17.760000,3322.649
17.761000,3322.649
17.762000,3322.649
17.763000,0.000
17.764000,3314.161
17.765000,3314.161
17.766000,3314.161
17.767000,3314.161
17.768000,3314.161
17.769000,3318.644
17.770000,3318.644
17.771000,3318.644
17.772000,3318.644
17.773000,3318.644
17.774000,3319.311
17.775000,3319.311
17.776000,3319.311
17.777000,3319.311
17.778000,3319.311
17.779000,3319.216
17.780000,3319.216
17.781000,3319.216
17.782000,3319.216
17.783000,3319.216
17.784000,3322.268
17.785000,3322.268
17.786000,3322.268
17.787000,3322.268
17.788000,3322.268
17.789000,3322.363
17.790000,3322.363
17.791000,3322.363
17.792000,3322.363
17.793000,3321.552
17.794000,3321.552
17.795000,3321.552
17.796000,3321.552
17.797000,3323.030
17.798000,3323.030
17.799000,3323.030
17.800000,3323.030
17.801000,3323.030
17.802000,3323.364
17.803000,3323.364
17.804000,3323.364
17.805000,3323.364
17.806000,3323.364
17.807000,3322.029
17.808000,3322.029
17.809000,3322.029
17.810000,3322.029
17.811000,3322.029
17.812000,3318.214
17.813000,3318.214
17.814000,3318.214
17.815000,3318.214
17.816000,3318.214
17.817000,3313.732
17.818000,3313.732
17.819000,3313.732
17.820000,3313.732
17.821000,3313.732
17.822000,3321.934
17.823000,3321.934
17.824000,3321.934
17.825000,3321.934
17.826000,3324.080
17.827000,3324.080
17.828000,3324.080
17.829000,3324.080
17.830000,3324.080
17.831000,3322.983
17.832000,3322.983
17.833000,3322.983
17.834000,3322.983
17.835000,3322.983
17.836000,3322.649
17.837000,3322.649
17.838000,3322.649
17.839000,3322.649
17.840000,3322.649
17.841000,3321.266
17.842000,3321.266
17.843000,3321.266
17.844000,3321.266
17.845000,3321.266
17.846000,3321.838
17.847000,3321.838
17.848000,3321.838
17.849000,3321.838
17.850000,3321.838
17.851000,3317.642
17.852000,3317.642
17.853000,3317.642
17.854000,3317.642
17.855000,3317.642
17.856000,3315.210
17.857000,3315.210
17.858000,3315.210
17.859000,0.000
17.860000,3322.792
17.861000,3322.792
17.862000,3322.792
17.863000,3322.792
17.864000,3322.792
17.865000,3322.411
17.866000,3322.411
17.867000,3322.411
17.868000,3322.411
17.869000,3322.411
17.870000,3326.702
17.871000,3326.702
17.872000,3326.702
17.873000,3326.702
17.874000,3326.702
17.875000,3328.037
17.876000,3328.037
17.877000,3328.037
17.878000,3328.037
17.879000,3328.037
17.880000,3325.701
17.881000,3325.701
17.882000,3325.701
17.883000,3325.701
17.884000,3325.701
17.885000,3318.882
17.886000,3318.882
17.887000,3318.882
17.888000,3318.882
17.889000,3314.686
17.890000,3314.686
17.891000,3314.686
17.892000,3314.686
17.893000,3323.221
17.894000,3323.221
17.895000,3323.221
17.896000,3323.221
17.897000,3323.221
17.898000,3322.268
17.899000,3322.268
17.900000,3322.268
17.901000,3322.268
17.902000,3322.268
17.903000,3323.412
17.904000,3323.412
17.905000,3323.412
17.906000,3323.412
17.907000,3323.412
17.908000,3327.036
17.909000,3327.036
17.910000,3327.036
17.911000,3327.036
17.912000,3327.036
17.913000,3326.321
17.914000,3326.321
17.915000,3326.321
17.916000,3326.321
17.917000,3326.321
17.918000,3325.415
17.919000,3325.415
17.920000,3325.415
17.921000,3325.415
17.922000,3318.691
17.923000,3318.691
17.924000,3318.691
17.925000,3318.691
17.926000,3318.691
17.927000,3316.212
17.928000,3316.212
17.929000,3316.212
17.930000,3316.212
17.931000,3316.212
17.932000,3316.212
17.933000,3316.212
17.934000,3316.212
17.935000,3316.212
17.936000,3316.212
17.937000,3318.119
17.938000,3318.119
17.939000,3318.119
17.940000,3318.119
17.941000,3318.119
17.942000,3319.359
17.943000,3319.359
17.944000,3319.359
17.945000,3319.359
17.946000,3319.359
17.947000,3326.941
17.948000,3326.941
17.949000,3326.941
17.950000,3326.941
17.951000,3326.941
17.952000,3327.799
17.953000,3327.799
17.954000,3327.799
17.955000,0.000
17.956000,3397.703
17.957000,3397.703
17.958000,3397.703
17.959000,3397.703
17.960000,3397.703
17.961000,3410.721
17.962000,3410.721
17.963000,3410.721
17.964000,3410.721
17.965000,3410.721
17.966000,3411.436
17.967000,3411.436
17.968000,3411.436
17.969000,3411.436
17.970000,3411.436
17.971000,3413.630
17.972000,3413.630
17.973000,3413.630
17.974000,3413.630
17.975000,3413.630
17.976000,3421.259
17.977000,3421.259
17.978000,3421.259
17.979000,3421.259
17.980000,3421.259
17.981000,3451.729
17.982000,3451.729
17.983000,3451.729
17.984000,3451.729
17.985000,3466.940
17.986000,3466.940
17.987000,3466.940
17.988000,3466.940
17.989000,3587.675
17.990000,3587.675
17.991000,3587.675
17.992000,3587.675
17.993000,3587.675
17.994000,3586.674
17.995000,3586.674
17.996000,3586.674
17.997000,3586.674
17.998000,3586.674
17.999000,3585.434
18.000000,3585.434
18.001000,3585.434
18.002000,3585.434
18.003000,3585.434
18.004000,3582.811
18.005000,3582.811
18.006000,3582.811
18.007000,3582.811
18.008000,3582.811
18.009000,3583.527
18.010000,3583.527
18.011000,3583.527
18.012000,3583.527
18.013000,3583.527
18.014000,3581.953
18.015000,3581.953
18.016000,3581.953
18.017000,3581.953
18.018000,3424.215
18.019000,3424.215
18.020000,3424.215
18.021000,3424.215
18.022000,3424.215
18.023000,3425.407
18.024000,3425.407
18.025000,3425.407
18.026000,3425.407
18.027000,3425.407
18.028000,3421.402
18.029000,3421.402
18.030000,3421.402
18.031000,3421.402
18.032000,3421.402
18.033000,3404.951
18.034000,3404.951
18.035000,3404.951
18.036000,3404.951
18.037000,3404.951
18.038000,3393.650
18.039000,3393.650
18.040000,3393.650
18.041000,3393.650
18.042000,3393.650
18.043000,3379.059
18.044000,3379.059
18.045000,3379.059
18.046000,3379.059
18.047000,3379.059
18.048000,3372.669
18.049000,3372.669
18.050000,3372.669
18.051000,0.000
18.052000,3319.454
18.053000,3319.454
18.054000,3319.454
18.055000,3319.454
18.056000,3319.454
18.057000,3320.408
18.058000,3320.408
18.059000,3320.408
18.060000,3320.408
18.061000,3320.408
18.062000,3321.457
18.063000,3321.457
18.064000,3321.457
18.065000,3321.457
18.066000,3321.457
18.067000,3322.601
18.068000,3322.601
18.069000,3322.601
18.070000,3322.601
18.071000,3322.601
18.072000,3324.890
18.073000,3324.890
18.074000,3324.890
18.075000,3324.890
18.076000,3324.890
18.077000,3324.127
18.078000,3324.127
18.079000,3324.127
18.080000,3324.127
18.081000,3320.646
18.082000,3320.646
18.083000,3320.646
18.084000,3320.646
18.085000,0.000
18.086000,0.000
18.087000,0.000
18.088000,0.000
18.089000,0.000
18.090000,3318.548
18.091000,3318.548
18.092000,3318.548
18.093000,3318.548
18.094000,3318.548
18.095000,3319.311
18.096000,3319.311
18.097000,3319.311
18.098000,3319.311
18.099000,3319.311
18.100000,3320.265
18.101000,3320.265
18.102000,3320.265
18.103000,3320.265
18.104000,3320.265
18.105000,3321.791
18.106000,3321.791
18.107000,3321.791
18.108000,3321.791
18.109000,3321.791
18.110000,3322.983
18.111000,3322.983
18.112000,3322.983
18.113000,3322.983
18.114000,3322.983
18.115000,3322.983
18.116000,3322.983
18.117000,3322.983
18.118000,3321.457
18.119000,3321.457
18.120000,3321.457
18.121000,3321.457
18.122000,3321.457
18.123000,3321.791
18.124000,3321.791
18.125000,3321.791
18.126000,3321.791
18.127000,3321.791
18.128000,3319.407
18.129000,3319.407
18.130000,3319.407
18.131000,3319.407
18.132000,3319.407
18.133000,3314.400
18.134000,3314.400
18.135000,3314.400
18.136000,3314.400
18.137000,3314.400
18.138000,3321.600
18.139000,3321.600
18.140000,3321.600
18.141000,3321.600
18.142000,3321.600
18.143000,3323.841
18.144000,3323.841
18.145000,3323.841
18.146000,3323.841
18.147000,3440.189
18.148000,3440.189
18.149000,3440.189
18.150000,3440.189
18.151000,3440.189
18.152000,3543.758
18.153000,3543.758
18.154000,3543.758
18.155000,3543.758
18.156000,3543.758
18.157000,3598.833
18.158000,3598.833
18.159000,3598.833
18.160000,3598.833
18.161000,3598.833
18.162000,3684.473
18.163000,3684.473
18.164000,3684.473
18.165000,3684.473
18.166000,3684.473
18.167000,3731.060
18.168000,3731.060
18.169000,3731.060
18.170000,3731.060
18.171000,3731.060
18.172000,3808.689
18.173000,3808.689
18.174000,3808.689
18.175000,3808.689
18.176000,0.000
18.177000,3943.920
18.178000,3943.920
18.179000,3943.920
18.180000,3943.920
18.181000,3943.920
18.182000,4141.045
18.183000,4141.045
18.184000,4141.045
18.185000,4141.045
18.186000,4141.045
18.187000,4082.537
18.188000,4082.537
18.189000,4082.537
18.190000,4082.537
18.191000,4082.537
18.192000,3673.697
18.193000,3673.697
18.194000,3673.697
18.195000,3673.697
18.196000,3673.697
18.197000,3563.356
18.198000,3563.356
18.199000,3563.356
18.200000,3563.356
18.201000,3563.356
18.202000,3513.956
18.203000,3513.956
18.204000,3513.956
18.205000,3513.956
18.206000,3513.956
18.207000,3444.052
18.208000,3444.052
18.209000,3444.052
18.210000,3444.052
18.211000,3325.081
18.212000,3325.081
18.213000,3325.081
18.214000,3325.081
18.215000,3325.081
18.216000,3328.276
18.217000,3328.276
18.218000,3328.276
18.219000,3328.276
18.220000,3328.276
18.221000,3327.942
18.222000,3327.942
18.223000,3327.942
18.224000,3327.942
18.225000,3327.942
18.226000,3324.938
18.227000,3324.938
18.228000,3324.938
18.229000,3324.938
18.230000,3324.938
18.231000,3324.413
18.232000,3324.413
18.233000,3324.413
18.234000,3324.413
18.235000,3324.413
18.236000,3323.698
18.237000,3323.698
18.238000,3323.698
18.239000,3323.698
18.240000,0.000
18.241000,3320.551
18.242000,3320.551
18.243000,3320.551
18.244000,3320.551
18.245000,3320.551
18.246000,0.000
18.247000,0.000
18.248000,0.000
18.249000,0.000
18.250000,0.000
18.251000,3326.607
18.252000,3326.607
18.253000,3326.607
18.254000,3326.607
18.255000,3326.607
18.256000,3326.321
18.257000,3326.321
18.258000,3326.321
18.259000,3326.321
18.260000,3326.321
18.261000,3324.270
18.262000,3324.270
18.263000,3324.270
18.264000,3324.270
18.265000,3324.270
18.266000,3323.269
18.267000,3323.269
18.268000,3323.269
18.269000,3323.269
18.270000,3323.269
18.271000,3323.746
18.272000,3323.746
18.273000,3323.746
18.274000,3323.746
18.275000,3318.405
18.276000,3318.405
18.277000,3318.405
18.278000,3318.405
18.279000,3318.405
18.280000,3319.931
18.281000,3319.931
18.282000,3319.931
18.283000,3319.931
18.284000,3319.931
18.285000,3319.836
18.286000,3319.836
18.287000,3319.836
18.288000,3319.836
18.289000,3319.836
18.290000,3321.791
18.291000,3321.791
18.292000,3321.791
18.293000,3321.791
18.294000,3321.791
18.295000,3322.172
18.296000,3322.172
18.297000,3322.172
18.298000,3322.172
18.299000,3322.172
18.300000,3320.980
18.301000,3320.980
18.302000,3320.980
18.303000,3320.980
18.304000,0.000
18.305000,3327.942
18.306000,3327.942
18.307000,3327.942
18.308000,3327.942
18.309000,3327.942
18.310000,3321.648
18.311000,3321.648
18.312000,3321.648
18.313000,3321.648
18.314000,3321.648
18.315000,3316.975
18.316000,3316.975
18.317000,3316.975
18.318000,3316.975
18.319000,3316.975
18.320000,3317.976
18.321000,3317.976
18.322000,3317.976
18.323000,3317.976
18.324000,3317.976
18.325000,3319.740
18.326000,3319.740
18.327000,3319.740
18.328000,3319.740
18.329000,3319.740
18.330000,3320.742
18.331000,3320.742
18.332000,3320.742
18.333000,3320.742
18.334000,3320.742
18.335000,3322.029
18.336000,3322.029
18.337000,3322.029
18.338000,3322.029
18.339000,3321.791
18.340000,3321.791
18.341000,3321.791
18.342000,3321.791
18.343000,3321.791
18.344000,3321.457
18.345000,3321.457
18.346000,3321.457
18.347000,3321.457
18.348000,3321.457
18.349000,3318.739
18.350000,3318.739
18.351000,3318.739
18.352000,3318.739
18.353000,3318.739
18.354000,3320.742
18.355000,3320.742
18.356000,3320.742
18.357000,3320.742
18.358000,3320.742
18.359000,3318.882
18.360000,3318.882
18.361000,3318.882
18.362000,3318.882
18.363000,3318.882
18.364000,3315.067
18.365000,3315.067
18.366000,3315.067
18.367000,3315.067
18.368000,0.000
18.369000,3318.214
18.370000,3318.214
18.371000,3318.214
18.372000,3318.214
18.373000,3318.214
18.374000,3322.315
18.375000,3322.315
18.376000,3322.315
18.377000,3322.315
18.378000,3322.315
18.379000,3373.194
18.380000,3373.194
18.381000,3373.194
18.382000,3373.194
18.383000,3373.194
18.384000,3371.763
18.385000,3371.763
18.386000,3371.763
18.387000,3371.763
18.388000,3371.763
18.389000,3375.196
18.390000,3375.196
18.391000,3375.196
18.392000,3375.196
18.393000,3375.196
18.394000,3390.026
18.395000,3390.026
18.396000,3390.026
18.397000,3390.026
18.398000,3390.026
18.399000,3388.357
18.400000,3388.357
18.401000,3388.357
18.402000,3388.357
18.403000,3584.433
18.404000,3584.433
18.405000,3584.433
18.406000,3584.433
18.407000,3584.433
18.408000,3587.437
18.409000,3587.437
18.410000,3587.437
18.411000,3587.437
18.412000,3587.437
18.413000,3606.129
18.414000,3606.129
18.415000,3606.129
18.416000,3606.129
18.417000,3606.129
18.418000,3609.896
18.419000,3609.896
18.420000,3609.896
18.421000,3609.896
18.422000,3609.896
18.423000,3608.179
18.424000,3608.179
18.425000,3608.179
18.426000,3608.179
18.427000,3608.179
18.428000,3610.516
18.429000,3610.516
18.430000,3610.516
18.431000,3610.516
18.432000,0.000
18.433000,3629.684
18.434000,3629.684
18.435000,3629.684
18.436000,3629.684
18.437000,24218.750
18.438000,3744.745
18.439000,3744.745
18.440000,3744.745
18.441000,3744.745
18.442000,3744.745
18.443000,3748.989
18.444000,3748.989
18.445000,3748.989
18.446000,3748.989
18.447000,3748.989
18.448000,3749.418
18.449000,3749.418
18.450000,3749.418
18.451000,3749.418
18.452000,3749.418
18.453000,3757.143
18.454000,3757.143
18.455000,3757.143
18.456000,3757.143
18.457000,3757.143
18.458000,3789.568
18.459000,3789.568
18.460000,3789.568
18.461000,3789.568
18.462000,3789.568
18.463000,3796.291
18.464000,3796.291
18.465000,3796.291
18.466000,3796.291
18.467000,3808.784
18.468000,3808.784
18.469000,3808.784
18.470000,3808.784
18.471000,3808.784
18.472000,3808.641
18.473000,3808.641
18.474000,3808.641
18.475000,3808.641
18.476000,3808.641
18.477000,3810.787
18.478000,3810.787
18.479000,3810.787
18.480000,3810.787
18.481000,3810.787
18.482000,3809.357
18.483000,3809.357
18.484000,3809.357
18.485000,3809.357
18.486000,3809.357
18.487000,3795.671
18.488000,3795.671
18.489000,3795.671
18.490000,3795.671
18.491000,3795.671
18.492000,3791.761
18.493000,3791.761
18.494000,3791.761
18.495000,3791.761
18.496000,0.000
18.497000,3793.621
18.498000,3793.621
18.499000,3793.621
18.500000,3793.621
18.501000,387500.000
18.502000,3627.586
18.503000,3627.586
18.504000,3627.586
18.505000,3627.586
18.506000,3627.586
18.507000,3624.964
18.508000,3624.964
18.509000,3624.964
18.510000,3624.964
18.511000,3624.964
18.512000,3621.960
18.513000,3621.960
18.514000,3621.960
18.515000,3621.960
18.516000,3621.960
18.517000,3620.434
18.518000,3620.434
18.519000,3620.434
18.520000,3620.434
18.521000,3620.434
18.522000,3606.892
18.523000,3606.892
18.524000,3606.892
18.525000,3606.892
18.526000,3606.892
18.527000,3598.976
18.528000,3598.976
18.529000,3598.976
18.530000,3598.976
18.531000,3381.634
18.532000,3381.634
18.533000,3381.634
18.534000,3381.634
18.535000,3381.634
18.536000,3377.533
18.537000,3377.533
18.538000,3377.533
18.539000,3377.533
18.540000,3377.533
18.541000,3373.861
18.542000,3373.861
18.543000,3373.861
18.544000,3373.861
18.545000,3373.861
18.546000,3365.564
18.547000,3365.564
18.548000,3365.564
18.549000,3365.564
18.550000,3365.564
18.551000,3330.851
18.552000,3330.851
18.553000,3330.851
18.554000,3330.851
18.555000,3330.851
18.556000,3319.979
18.557000,3319.979
18.558000,3319.979
18.559000,3319.979
18.560000,0.000
18.561000,3314.877
18.562000,3314.877
18.563000,3314.877
18.564000,3314.877
18.565000,-200000.000
18.566000,3328.991
18.567000,3328.991
18.568000,3328.991
18.569000,3328.991
18.570000,3328.991
18.571000,3326.511
18.572000,3326.511
18.573000,3326.511
18.574000,3326.511
18.575000,3326.511
18.576000,3323.030
18.577000,3323.030
18.578000,3323.030
18.579000,3323.030
18.580000,3323.030
18.581000,3323.126
18.582000,3323.126
18.583000,3323.126
18.584000,3323.126
18.585000,3323.126
18.586000,3320.313
18.587000,3320.313
18.588000,3320.313
18.589000,3320.313
18.590000,3320.313
18.591000,3320.646
18.592000,3320.646
18.593000,3320.646
18.594000,3320.646
18.595000,3320.026
18.596000,3320.026
18.597000,3320.026
18.598000,3320.026
18.599000,3320.026
18.600000,3319.836
18.601000,3319.836
18.602000,3319.836
18.603000,3319.836
18.604000,3319.836
18.605000,3323.603
18.606000,3323.603
18.607000,3323.603
18.608000,3323.603
18.609000,3323.603
18.610000,3322.315
18.611000,3322.315
18.612000,3322.315
18.613000,3322.315
18.614000,3322.315
18.615000,3325.033
18.616000,3325.033
18.617000,3325.033
18.618000,3325.033
18.619000,3325.033
18.620000,3327.847
18.621000,3327.847
18.622000,3327.847
18.623000,3327.847
18.624000,0.000
18.625000,3319.931
18.626000,3319.931
18.627000,3319.931
18.628000,3319.931
18.629000,3319.931
18.630000,3319.216
18.631000,3319.216
18.632000,3319.216
18.633000,3319.216
18.634000,3319.216
18.635000,3320.313
18.636000,3320.313
18.637000,3320.313
18.638000,3320.313
18.639000,3320.313
18.640000,3322.029
18.641000,3322.029
18.642000,3322.029
18.643000,3322.029
18.644000,3322.029
18.645000,3320.885
18.646000,3320.885
18.647000,3320.885
18.648000,3320.885
18.649000,3320.885
18.650000,3322.887
18.651000,3322.887
18.652000,3322.887
18.653000,3322.887
18.654000,3322.887
18.655000,3327.990
18.656000,3327.990
18.657000,3327.990
18.658000,3327.990
18.659000,0.000
18.660000,0.000
18.661000,0.000
18.662000,0.000
18.663000,0.000
18.664000,3319.120
18.665000,3319.120
18.666000,3319.120
18.667000,3319.120
18.668000,3319.120
18.669000,3316.402
18.670000,3316.402
18.671000,3316.402
18.672000,3316.402
18.673000,3316.402
18.674000,3316.927
18.675000,3316.927
18.676000,3316.927
18.677000,3316.927
18.678000,3316.927
18.679000,3318.453
18.680000,3318.453
18.681000,3318.453
18.682000,3318.453
18.683000,3318.453
18.684000,3318.644
18.685000,3318.644
18.686000,3318.644
18.687000,3318.644
18.688000,12.970
18.689000,3320.313
18.690000,3320.313
18.691000,3320.313
18.692000,3320.313
18.693000,3320.313
18.694000,3320.074
18.695000,3320.074
18.696000,3320.074
18.697000,3320.074
18.698000,3320.074
18.699000,3320.360
18.700000,3320.360
18.701000,3320.360
18.702000,3320.360
18.703000,3320.360
18.704000,3315.496
18.705000,3315.496
18.706000,3315.496
18.707000,3315.496
18.708000,3315.496
18.709000,3315.115
18.710000,3315.115
18.711000,3315.115
18.712000,3315.115
18.713000,3315.115
18.714000,3318.453
18.715000,3318.453
18.716000,3318.453
18.717000,3318.453
18.718000,3318.453
18.719000,3320.694
18.720000,3320.694
18.721000,3320.694
18.722000,3320.694
18.723000,3328.991
18.724000,3328.991
18.725000,3328.991
18.726000,3328.991
18.727000,3328.991
18.728000,3327.560
18.729000,3327.560
18.730000,3327.560
18.731000,3327.560
18.732000,3327.560
18.733000,3324.938
18.734000,3324.938
18.735000,3324.938
18.736000,3324.938
18.737000,3324.938
18.738000,3324.556
18.739000,3324.556
18.740000,3324.556
18.741000,3324.556
18.742000,3324.556
18.743000,3323.889
18.744000,3323.889
18.745000,3323.889
18.746000,3323.889
18.747000,3323.889
18.748000,3323.221
18.749000,3323.221
18.750000,3323.221
18.751000,3323.221
18.752000,12.970
18.753000,3323.364
18.754000,3323.364
18.755000,3323.364
18.756000,3323.364
18.757000,3323.364
18.758000,3327.465
18.759000,3327.465
18.760000,3327.465
18.761000,3327.465
18.762000,3327.465
18.763000,3328.514
18.764000,3328.514
18.765000,3328.514
18.766000,3328.514
18.767000,3328.514
18.768000,3325.224
18.769000,3325.224
18.770000,3325.224
18.771000,3325.224
18.772000,3325.224
18.773000,3324.842
18.774000,3324.842
18.775000,3324.842
18.776000,3324.842
18.777000,3324.842
18.778000,3324.080
18.779000,3324.080
18.780000,3324.080
18.781000,3324.080
18.782000,3324.080
18.783000,3322.077
18.784000,3322.077
18.785000,3322.077
18.786000,3322.077
18.787000,3320.837
18.788000,3320.837
18.789000,3320.837
18.790000,3320.837
18.791000,3320.837
18.792000,3321.314
18.793000,3321.314
18.794000,3321.314
18.795000,3321.314
18.796000,3321.314
18.797000,3321.075
18.798000,3321.075
18.799000,3321.075
18.800000,3321.075
18.801000,3321.075
18.802000,3323.269
18.803000,3323.269
18.804000,3323.269
18.805000,3323.269
18.806000,3323.269
18.807000,3322.172
18.808000,3322.172
18.809000,3322.172
18.810000,3322.172
18.811000,3322.172
18.812000,3323.460
18.813000,3323.460
18.814000,3323.460
18.815000,3323.460
18.816000,0.000
18.817000,3323.269
18.818000,3323.269
18.819000,3323.269
18.820000,3323.269
18.821000,3323.269
18.822000,3315.353
18.823000,3315.353
18.824000,3315.353
18.825000,3315.353
18.826000,3315.353
18.827000,3319.311
18.828000,3319.311
18.829000,3319.311
18.830000,3319.311
18.831000,3319.311
18.832000,3320.837
18.833000,3320.837
18.834000,3320.837
18.835000,3320.837
18.836000,3320.837
18.837000,3321.886
18.838000,3321.886
18.839000,3321.886
18.840000,3321.886
18.841000,3321.886
18.842000,3323.030
18.843000,3323.030
18.844000,3323.030
18.845000,3323.030
18.846000,3323.030
18.847000,3322.077
18.848000,3322.077
18.849000,3322.077
18.850000,3322.077
18.851000,3323.460
18.852000,3323.460
18.853000,3323.460
18.854000,3323.460
18.855000,3323.460
18.856000,3321.791
18.857000,3321.791
18.858000,3321.791
18.859000,3321.791
18.860000,3321.791
18.861000,3321.362
18.862000,3321.362
18.863000,3321.362
18.864000,3321.362
18.865000,3321.362
18.866000,3320.885
18.867000,3320.885
18.868000,3320.885
18.869000,3320.885
18.870000,3320.885
18.871000,3319.883
18.872000,3319.883
18.873000,3319.883
18.874000,3319.883
18.875000,3319.883
18.876000,3315.115
18.877000,3315.115
18.878000,3315.115
18.879000,3315.115
18.880000,12.922
18.881000,3323.841
18.882000,3323.841
18.883000,3323.841
18.884000,3323.841
18.885000,3323.841
18.886000,3323.221
18.887000,3323.221
18.888000,3323.221
18.889000,3323.221
18.890000,3323.221
18.891000,3320.169
18.892000,3320.169
18.893000,3320.169
18.894000,3320.169
18.895000,3320.169
18.896000,3319.359
18.897000,3319.359
18.898000,3319.359
18.899000,3319.359
18.900000,3319.359
18.901000,3319.931
18.902000,3319.931
18.903000,3319.931
18.904000,3319.931
18.905000,3319.931
18.906000,3315.210
18.907000,3315.210
18.908000,3315.210
18.909000,3315.210
18.910000,3315.210
18.911000,3314.114
18.912000,3314.114
18.913000,3314.114
18.914000,3314.114
18.915000,3321.695
18.916000,3321.695
18.917000,3321.695
18.918000,3321.695
18.919000,3321.695
18.920000,3322.744
18.921000,3322.744
18.922000,3322.744
18.923000,3322.744
18.924000,3322.744
18.925000,3325.510
18.926000,3325.510
18.927000,3325.510
18.928000,3325.510
18.929000,3325.510
18.930000,3328.419
18.931000,3328.419
18.932000,3328.419
18.933000,3328.419
18.934000,3328.419
18.935000,3326.797
18.936000,3326.797
18.937000,3326.797
18.938000,3326.797
18.939000,3326.797
18.940000,3319.311
18.941000,3319.311
18.942000,3319.311
18.943000,3319.311
18.944000,0.000
18.945000,3315.401
18.946000,3315.401
18.947000,3315.401
18.948000,3315.401
18.949000,3315.401
18.950000,3319.740
18.951000,3319.740
18.952000,3319.740
18.953000,3319.740
18.954000,3319.740
18.955000,3321.314
18.956000,3321.314
18.957000,3321.314
18.958000,3321.314
18.959000,3321.314
18.960000,3323.269
18.961000,3323.269
18.962000,3323.269
18.963000,3323.269
18.964000,3323.269
18.965000,3326.178
18.966000,3326.178
18.967000,3326.178
18.968000,3326.178
18.969000,3326.178
18.970000,3327.131
18.971000,3327.131
18.972000,3327.131
18.973000,3327.131
18.974000,3327.131
18.975000,3324.175
18.976000,3324.175
18.977000,3324.175
18.978000,3324.175
18.979000,3314.829
18.980000,3314.829
18.981000,3314.829
18.982000,3314.829
18.983000,3314.829
18.984000,3315.687
18.985000,3315.687
18.986000,3315.687
18.987000,3315.687
18.988000,3315.687
18.989000,3320.169
18.990000,3320.169
18.991000,3320.169
18.992000,3320.169
18.993000,3320.169
18.994000,3320.551
18.995000,3320.551
18.996000,3320.551
18.997000,3320.551
18.998000,3320.551
18.999000,3326.845
19.000000,3326.845
19.001000,3326.845
19.002000,3326.845
19.003000,3326.845
19.004000,3324.175
19.005000,3324.175
19.006000,3324.175
19.007000,3324.175
19.008000,0.000
19.009000,3321.934
19.010000,3321.934
19.011000,3321.934
19.012000,3321.934
19.013000,3321.934
19.014000,3321.934
19.015000,3321.934
19.016000,3321.934
19.017000,3321.934
19.018000,3321.934
19.019000,3316.545
19.020000,3316.545
19.021000,3316.545
19.022000,3316.545
19.023000,3316.545
19.024000,3319.645
19.025000,3319.645
19.026000,3319.645
19.027000,3319.645
19.028000,3319.645
19.029000,3319.359
19.030000,3319.359
19.031000,3319.359
19.032000,3319.359
19.033000,3319.359
19.034000,3319.740
19.035000,3319.740
19.036000,3319.740
19.037000,3319.740
19.038000,3319.740
19.039000,3321.505
19.040000,3321.505
19.041000,3321.505
19.042000,3321.505
19.043000,3322.029
19.044000,3322.029
19.045000,3322.029
19.046000,3322.029
19.047000,3322.029
19.048000,3321.695
19.049000,3321.695
19.050000,3321.695
19.051000,3321.695
19.052000,3321.695
19.053000,3320.169
19.054000,3320.169
19.055000,3320.169
19.056000,3320.169
19.057000,3320.169
19.058000,3315.687
19.059000,3315.687
19.060000,3315.687
19.061000,3315.687
19.062000,3315.687
19.063000,3318.691
19.064000,3318.691
19.065000,3318.691
19.066000,3318.691
19.067000,3318.691
19.068000,3319.883
19.069000,3319.883
19.070000,3319.883
19.071000,3319.883
19.072000,0.000
19.073000,3322.315
19.074000,3322.315
19.075000,3322.315
19.076000,3322.315
19.077000,3322.315
19.078000,3321.600
19.079000,3321.600
19.080000,3321.600
19.081000,3321.600
19.082000,3321.600
19.083000,3322.506
19.084000,3322.506
19.085000,3322.506
19.086000,3322.506
19.087000,3322.506
19.088000,3322.935
19.089000,3322.935
19.090000,3322.935
19.091000,3322.935
19.092000,3322.935
19.093000,3319.407
19.094000,3319.407
19.095000,3319.407
19.096000,3319.407
19.097000,3319.407
19.098000,3319.025
19.099000,3319.025
19.100000,3319.025
19.101000,3319.025
19.102000,3319.025
19.103000,3318.167
19.104000,3318.167
19.105000,3318.167
19.106000,3318.167
19.107000,3320.074
19.108000,3320.074
19.109000,3320.074
19.110000,3320.074
19.111000,3320.074
19.112000,3322.172
19.113000,3322.172
19.114000,3322.172
19.115000,3322.172
19.116000,3322.172
19.117000,3320.980
19.118000,3320.980
19.119000,3320.980
19.120000,3320.980
19.121000,3320.980
19.122000,3323.603
19.123000,3323.603
19.124000,3323.603
19.125000,3323.603
19.126000,3323.603
19.127000,3323.603
19.128000,3323.603
19.129000,3323.603
19.130000,3323.603
19.131000,3323.603
19.132000,3320.789
19.133000,3320.789
19.134000,3320.789
19.135000,3320.789
19.136000,0.000
19.137000,3319.120
19.138000,3319.120
19.139000,3319.120
19.140000,3319.120
19.141000,3319.120
19.142000,3320.408
19.143000,3320.408
19.144000,3320.408
19.145000,3320.408
19.146000,3320.408
19.147000,3322.172
19.148000,3322.172
19.149000,3322.172
19.150000,3322.172
19.151000,3322.172
19.152000,3321.838
19.153000,3321.838
19.154000,3321.838
19.155000,3321.838
19.156000,3321.838
19.157000,3323.126
19.158000,3323.126
19.159000,3323.126
19.160000,3323.126
19.161000,3323.126
19.162000,3327.322
19.163000,3327.322
19.164000,3327.322
19.165000,3327.322
19.166000,3327.322
19.167000,3327.322
19.168000,3327.322
19.169000,3327.322
19.170000,3327.322
19.171000,3319.311
19.172000,3319.311
19.173000,3319.311
19.174000,3319.311
19.175000,3319.311
19.176000,3314.447
19.177000,3314.447
19.178000,3314.447
19.179000,3314.447
19.180000,3314.447
19.181000,3321.600
19.182000,3321.600
19.183000,3321.600
19.184000,3321.600
19.185000,3321.600
19.186000,3320.265
19.187000,3320.265
19.188000,3320.265
19.189000,3320.265
19.190000,3320.265
19.191000,3321.600
19.192000,3321.600
19.193000,3321.600
19.194000,3321.600
19.195000,3321.600
19.196000,3326.178
19.197000,3326.178
19.198000,3326.178
19.199000,3326.178
19.200000,0.000
19.201000,3326.511
19.202000,3326.511
19.203000,3326.511
19.204000,3326.511
19.205000,3326.511
19.206000,3317.404
19.207000,3317.404
19.208000,3317.404
19.209000,3317.404
19.210000,3317.404
19.211000,3315.353
19.212000,3315.353
19.213000,3315.353
19.214000,3315.353
19.215000,3315.353
19.216000,3315.353
19.217000,3315.353
19.218000,3315.353
19.219000,3315.353
19.220000,3315.353
19.221000,3318.977
19.222000,3318.977
19.223000,3318.977
19.224000,3318.977
19.225000,3318.977
19.226000,3320.360
19.227000,3320.360
19.228000,3320.360
19.229000,3320.360
19.230000,3320.360
19.231000,3320.742
19.232000,3320.742
19.233000,3320.742
19.234000,3320.742
19.235000,3319.502
19.236000,3319.502
19.237000,3319.502
19.238000,3319.502
19.239000,3319.502
19.240000,3317.213
19.241000,3317.213
19.242000,3317.213
19.243000,3317.213
19.244000,3317.213
19.245000,3313.208
19.246000,3313.208
19.247000,3313.208
19.248000,3313.208
19.249000,3313.208
19.250000,3313.923
19.251000,3313.923
19.252000,3313.923
19.253000,3313.923
19.254000,3313.923
19.255000,3319.740
19.256000,3319.740
19.257000,3319.740
19.258000,3319.740
19.259000,3319.740
19.260000,3320.503
19.261000,3320.503
19.262000,3320.503
19.263000,3320.503
19.264000,0.000
19.265000,3321.314
19.266000,3321.314
19.267000,3321.314
19.268000,3321.314
19.269000,3321.314
19.270000,0.000
19.271000,0.000
19.272000,0.000
19.273000,0.000
19.274000,0.000
19.275000,3321.838
19.276000,3321.838
19.277000,3321.838
19.278000,3321.838
19.279000,3321.838
19.280000,3322.077
19.281000,3322.077
19.282000,3322.077
19.283000,3322.077
19.284000,3322.077
19.285000,3321.028
19.286000,3321.028
19.287000,3321.028
19.288000,3321.028
19.289000,3321.028
19.290000,3319.693
19.291000,3319.693
19.292000,3319.693
19.293000,3319.693
19.294000,3319.693
19.295000,3321.695
19.296000,3321.695
19.297000,3321.695
19.298000,3321.695
19.299000,3328.657
19.300000,3328.657
19.301000,3328.657
19.302000,3328.657
19.303000,3328.657
19.304000,3329.706
19.305000,3329.706
19.306000,3329.706
19.307000,3329.706
19.308000,3329.706
19.309000,3327.942
19.310000,3327.942
19.311000,3327.942
19.312000,3327.942
19.313000,3327.942
19.314000,3325.415
19.315000,3325.415
19.316000,3325.415
19.317000,3325.415
19.318000,3325.415
19.319000,3323.126
19.320000,3323.126
19.321000,3323.126
19.322000,3323.126
19.323000,3323.126
19.324000,3321.123
19.325000,3321.123
19.326000,3321.123
19.327000,3321.123
19.328000,0.000
19.329000,3321.362
19.330000,3321.362
19.331000,3321.362
19.332000,3321.362
19.333000,3321.362
19.334000,3319.311
19.335000,3319.311
19.336000,3319.311
19.337000,3319.311
19.338000,3319.311
19.339000,3320.789
19.340000,3320.789
19.341000,3320.789
19.342000,3320.789
19.343000,3320.789
19.344000,3324.080
19.345000,3324.080
19.346000,3324.080
19.347000,3324.080
19.348000,3324.080
19.349000,3323.841
19.350000,3323.841
19.351000,3323.841
19.352000,3323.841
19.353000,3323.841
19.354000,3326.082
19.355000,3326.082
19.356000,3326.082
19.357000,3326.082
19.358000,3326.082
19.359000,3326.893
19.360000,3326.893
19.361000,3326.893
19.362000,3326.893
19.363000,3316.784
19.364000,3316.784
19.365000,3316.784
19.366000,3316.784
19.367000,3316.784
19.368000,3318.644
19.369000,3318.644
19.370000,3318.644
19.371000,3318.644
19.372000,3318.644
19.373000,3319.073
19.374000,3319.073
19.375000,3319.073
19.376000,3319.073
19.377000,3319.073
19.378000,3321.695
19.379000,3321.695
19.380000,3321.695
19.381000,3321.695
19.382000,3321.695
19.383000,3322.363
19.384000,3322.363
19.385000,3322.363
19.386000,3322.363
19.387000,3322.363
19.388000,3324.795
19.389000,3324.795
19.390000,3324.795
19.391000,3324.795
19.392000,0.000
19.393000,3324.795
19.394000,3324.795
19.395000,3324.795
19.396000,3324.795
19.397000,3324.795
19.398000,3320.026
19.399000,3320.026
19.400000,3320.026
19.401000,3320.026
19.402000,3320.026
19.403000,3317.356
19.404000,3317.356
19.405000,3317.356
19.406000,3317.356
19.407000,3317.356
19.408000,3314.447
19.409000,3314.447
19.410000,3314.447
19.411000,3314.447
19.412000,3314.447
19.413000,3314.400
19.414000,3314.400
19.415000,3314.400
19.416000,3314.400
19.417000,3314.400
19.418000,3318.024
19.419000,3318.024
19.420000,3318.024
19.421000,3318.024
19.422000,3318.024
19.423000,3317.976
19.424000,3317.976
19.425000,3317.976
19.426000,3317.976
19.427000,3322.411
19.428000,3322.411
19.429000,3322.411
19.430000,3322.411
19.431000,3322.411
19.432000,3320.742
19.433000,3320.742
19.434000,3320.742
19.435000,3320.742
19.436000,3320.742
19.437000,3318.691
19.438000,3318.691
19.439000,3318.691
19.440000,3318.691
19.441000,3318.691
19.442000,3319.931
19.443000,3319.931
19.444000,3319.931
19.445000,3319.931
19.446000,3319.931
19.447000,3315.020
19.448000,3315.020
19.449000,3315.020
19.450000,3315.020
19.451000,3315.020
19.452000,3314.734
19.453000,3314.734
19.454000,3314.734
19.455000,3314.734
19.456000,0.000
19.457000,3318.548
19.458000,3318.548
19.459000,3318.548
19.460000,3318.548
19.461000,3318.548
19.462000,3325.987
19.463000,3325.987
19.464000,3325.987
19.465000,3325.987
19.466000,3325.987
19.467000,3327.513
19.468000,3327.513
19.469000,3327.513
19.470000,3327.513
19.471000,3327.513
19.472000,3326.750
19.473000,3326.750
19.474000,3326.750
19.475000,3326.750
19.476000,3326.750
19.477000,3324.652
19.478000,3324.652
19.479000,3324.652
19.480000,3324.652
19.481000,3324.652
19.482000,3321.362
19.483000,3321.362
19.484000,3321.362
19.485000,3321.362
19.486000,3321.362
19.487000,3321.266
19.488000,3321.266
19.489000,3321.266
19.490000,3321.409
19.491000,3324.270
19.492000,3324.270
19.493000,3324.270
19.494000,3324.270
19.495000,3324.270
19.496000,3323.126
19.497000,3323.126
19.498000,3323.126
19.499000,3323.126
19.500000,3323.126
19.501000,3326.368
19.502000,3326.368
19.503000,3326.368
19.504000,3326.368
19.505000,3326.368
19.506000,3327.799
19.507000,3327.799
19.508000,3327.799
19.509000,3327.799
19.510000,3327.799
19.511000,3325.510
19.512000,3325.510
19.513000,3325.510
19.514000,3325.510
19.515000,3325.510
19.516000,3322.649
19.517000,3322.649
19.518000,3322.649
19.519000,3322.649
19.520000,0.000
19.521000,3321.171
19.522000,3321.171
19.523000,3321.171
19.524000,3321.171
19.525000,3321.171
19.526000,3317.881
19.527000,3317.881
19.528000,3317.881
19.529000,3317.881
19.530000,3317.881
19.531000,3318.119
19.532000,3318.119
19.533000,3318.119
19.534000,3318.119
19.535000,3318.119
19.536000,3320.742
19.537000,3320.742
19.538000,3320.742
19.539000,3320.742
19.540000,3320.742
19.541000,3323.078
19.542000,3323.078
19.543000,3323.078
19.544000,3323.078
19.545000,3323.078
19.546000,3321.791
19.547000,3321.791
19.548000,3321.791
19.549000,3321.791
19.550000,3321.791
19.551000,3324.223
19.552000,3324.223
19.553000,3324.223
19.554000,3324.223
19.555000,3315.306
19.556000,3315.306
19.557000,3315.306
19.558000,3315.306
19.559000,3315.306
19.560000,3315.639
19.561000,3315.639
19.562000,3315.639
19.563000,3315.639
19.564000,3315.639
19.565000,3318.167
19.566000,3318.167
19.567000,3318.167
19.568000,3318.167
19.569000,3318.167
19.570000,3318.834
19.571000,3318.834
19.572000,3318.834
19.573000,3318.834
19.574000,3318.834
19.575000,3320.551
19.576000,3320.551
19.577000,3320.551
19.578000,3320.551
19.579000,3320.551
19.580000,3323.603
19.581000,3323.603
19.582000,3323.603
19.583000,3323.603
19.584000,0.000
19.585000,3323.746
19.586000,3323.746
19.587000,3323.746
19.588000,3323.746
19.589000,3323.746
19.590000,3323.746
19.591000,3323.746
19.592000,3323.746
19.593000,3323.746
19.594000,3323.746
19.595000,3321.743
19.596000,3321.743
19.597000,3321.743
19.598000,3321.743
19.599000,3321.743
19.600000,3320.932
19.601000,3320.932
19.602000,3320.932
19.603000,3320.932
19.604000,3320.932
19.605000,3321.600
19.606000,3321.600
19.607000,3321.600
19.608000,3321.600
19.609000,3321.600
19.610000,3315.306
19.611000,3315.306
19.612000,3315.306
19.613000,3315.306
19.614000,3315.306
19.615000,3321.838
19.616000,3321.838
19.617000,3321.838
19.618000,3321.838
19.619000,0.000
19.620000,0.000
19.621000,0.000
19.622000,0.000
19.623000,0.000
19.624000,3323.936
19.625000,3323.936
19.626000,3323.936
19.627000,3323.936
19.628000,3323.936
19.629000,3323.555
19.630000,3323.555
19.631000,3323.555
19.632000,3323.555
19.633000,3323.555
19.634000,3323.603
19.635000,3323.603
19.636000,3323.603
19.637000,3323.603
19.638000,3323.603
19.639000,3320.503
19.640000,3320.503
19.641000,3320.503
19.642000,3320.503
19.643000,3320.503
19.644000,3321.123
19.645000,3321.123
19.646000,3321.123
19.647000,3321.123
19.648000,0.000
19.649000,3314.924
19.650000,3314.924
19.651000,3314.924
19.652000,3314.924
19.653000,3314.924
19.654000,3322.887
19.655000,3322.887
19.656000,3322.887
19.657000,3322.887
19.658000,3322.887
19.659000,3323.746
19.660000,3323.746
19.661000,3323.746
19.662000,3323.746
19.663000,3323.746
19.664000,3326.321
19.665000,3326.321
19.666000,3326.321
19.667000,3326.321
19.668000,3326.321
19.669000,3327.990
19.670000,3327.990
19.671000,3327.990
19.672000,3327.990
19.673000,3327.990
19.674000,3325.319
19.675000,3325.319
19.676000,3325.319
19.677000,3325.319
19.678000,3325.319
19.679000,3320.646
19.680000,3320.646
19.681000,3320.646
19.682000,3320.646
19.683000,3321.314
19.684000,3321.314
19.685000,3321.314
19.686000,3321.314
19.687000,3321.314
19.688000,3323.936
19.689000,3323.936
19.690000,3323.936
19.691000,3323.936
19.692000,3323.936
19.693000,3323.507
19.694000,3323.507
19.695000,3323.507
19.696000,3323.507
19.697000,3323.507
19.698000,3324.795
19.699000,3324.795
19.700000,3324.795
19.701000,3324.795
19.702000,3324.795
19.703000,3328.133
19.704000,3328.133
19.705000,3328.133
19.706000,3328.133
19.707000,3328.133
19.708000,3325.653
19.709000,3325.653
19.710000,3325.653
19.711000,3325.653
19.712000,0.000
19.713000,3323.269
19.714000,3323.269
19.715000,3323.269
19.716000,3323.269
19.717000,3323.269
19.718000,3315.973
19.719000,3315.973
19.720000,3315.973
19.721000,3315.973
19.722000,3315.973
19.723000,3316.450
19.724000,3316.450
19.725000,3316.450
19.726000,3316.450
19.727000,3316.450
19.728000,3318.977
19.729000,3318.977
19.730000,3318.977
19.731000,3318.977
19.732000,3318.977
19.733000,3318.357
19.734000,3318.357
19.735000,3318.357
19.736000,3318.357
19.737000,3318.357
19.738000,3326.750
19.739000,3326.750
19.740000,3326.750
19.741000,3326.750
19.742000,3326.750
19.743000,3326.225
19.744000,3326.225
19.745000,3326.225
19.746000,3326.225
19.747000,0.000
19.748000,0.000
19.749000,0.000
19.750000,0.000
19.751000,0.000
19.752000,3320.217
19.753000,3320.217
19.754000,3320.217
19.755000,3320.217
19.756000,3320.217
19.757000,3315.973
19.758000,3315.973
19.759000,3315.973
19.760000,3315.973
19.761000,3315.973
19.762000,3316.164
19.763000,3316.164
19.764000,3316.164
19.765000,3316.164
19.766000,3316.164
19.767000,3318.262
19.768000,3318.262
19.769000,3318.262
19.770000,3318.262
19.771000,3318.262
19.772000,3319.454
19.773000,3319.454
19.774000,3319.454
19.775000,3319.454
19.776000,0.000
19.777000,3321.505
19.778000,3321.505
19.779000,3321.505
19.780000,3321.505
19.781000,3321.505
19.782000,3326.750
19.783000,3326.750
19.784000,3326.750
19.785000,3326.750
19.786000,3326.750
19.787000,3325.987
19.788000,3325.987
19.789000,3325.987
19.790000,3325.987
19.791000,3325.987
19.792000,3322.935
19.793000,3322.935
19.794000,3322.935
19.795000,3322.935
19.796000,3322.935
19.797000,3320.932
19.798000,3320.932
19.799000,3320.932
19.800000,3320.932
19.801000,3320.932
19.802000,3315.639
19.803000,3315.639
19.804000,3315.639
19.805000,3315.639
19.806000,3315.639
19.807000,3319.502
19.808000,3319.502
19.809000,3319.502
19.810000,3319.502
19.811000,0.000
19.812000,0.000
19.813000,0.000
19.814000,0.000
19.815000,0.000
19.816000,3327.703
19.817000,3327.703
19.818000,3327.703
19.819000,3327.703
19.820000,3327.703
19.821000,3328.753
19.822000,3328.753
19.823000,3328.753
19.824000,3328.753
19.825000,3328.753
19.826000,3327.036
19.827000,3327.036
19.828000,3327.036
19.829000,3327.036
19.830000,3327.036
19.831000,3325.033
19.832000,3325.033
19.833000,3325.033
19.834000,3325.033
19.835000,3325.033
19.836000,3324.556
19.837000,3324.556
19.838000,3324.556
19.839000,3324.556
19.840000,0.000
19.841000,3320.551
19.842000,3320.551
19.843000,3320.551
19.844000,3320.551
19.845000,3320.551
19.846000,3319.979
19.847000,3319.979
19.848000,3319.979
19.849000,3319.979
19.850000,3319.979
19.851000,3319.216
19.852000,3319.216
19.853000,3319.216
19.854000,3319.216
19.855000,3319.216
19.856000,3321.695
19.857000,3321.695
19.858000,3321.695
19.859000,3321.695
19.860000,3321.695
19.861000,3323.126
19.862000,3323.126
19.863000,3323.126
19.864000,3323.126
19.865000,3323.126
19.866000,3321.886
19.867000,3321.886
19.868000,3321.886
19.869000,3321.886
19.870000,3321.886
19.871000,3321.314
19.872000,3321.314
19.873000,3321.314
19.874000,3321.314
19.875000,3318.453
19.876000,3318.453
19.877000,3318.453
19.878000,3318.453
19.879000,3318.453
19.880000,3319.311
19.881000,3319.311
19.882000,3319.311
19.883000,3319.311
19.884000,3319.311
19.885000,3319.454
19.886000,3319.454
19.887000,3319.454
19.888000,3319.454
19.889000,3319.454
19.890000,3322.220
19.891000,3322.220
19.892000,3322.220
19.893000,3322.220
19.894000,3322.220
19.895000,3324.223
19.896000,3324.223
19.897000,3324.223
19.898000,3324.223
19.899000,3324.223
19.900000,3324.366
19.901000,3324.366
19.902000,3324.366
19.903000,3324.366
19.904000,0.000
19.905000,3329.754
19.906000,3329.754
19.907000,3329.754
19.908000,3329.754
19.909000,3329.754
19.910000,3319.216
19.911000,3319.216
19.912000,3319.216
19.913000,3319.216
19.914000,3319.216
19.915000,3318.882
19.916000,3318.882
19.917000,3318.882
19.918000,3318.882
19.919000,3318.882
19.920000,3315.639
19.921000,3315.639
19.922000,3315.639
19.923000,3315.639
19.924000,3315.639
19.925000,3320.980
19.926000,3320.980
19.927000,3320.980
19.928000,3320.980
19.929000,3320.980
19.930000,3322.315
19.931000,3322.315
19.932000,3322.315
19.933000,3322.315
19.934000,3322.315
19.935000,3322.792
19.936000,3322.792
19.937000,3322.792
19.938000,3322.792
19.939000,3322.840
19.940000,3322.840
19.941000,3322.840
19.942000,3322.840
19.943000,3322.840
19.944000,3322.029
19.945000,3322.029
19.946000,3322.029
19.947000,3322.029
19.948000,3322.029
19.949000,3321.218
19.950000,3321.218
19.951000,3321.218
19.952000,3321.218
19.953000,3321.218
19.954000,3322.029
19.955000,3322.029
19.956000,3322.029
19.957000,3322.029
19.958000,3322.029
19.959000,3318.453
19.960000,3318.453
19.961000,3318.453
19.962000,3318.453
19.963000,3318.453
19.964000,3316.307
19.965000,3316.307
19.966000,3316.307
19.967000,3316.307
19.968000,0.000
19.969000,3319.693
19.970000,3319.693
19.971000,3319.693
19.972000,3319.693
19.973000,3319.693
19.974000,0.000
19.975000,0.000
19.976000,0.000
19.977000,0.000
19.978000,0.000
19.979000,3327.703
19.980000,3327.703
19.981000,3327.703
19.982000,3327.703
19.983000,3327.703
19.984000,3326.225
19.985000,3326.225
19.986000,3326.225
19.987000,3326.225
19.988000,3326.225
19.989000,3320.122
19.990000,3320.122
19.991000,3320.122
19.992000,3320.122
19.993000,3320.122
19.994000,3319.168
19.995000,3319.168
19.996000,3319.168
19.997000,3319.168
19.998000,3319.168
19.999000,3315.687
20.000000,3315.687
20.001000,3315.687
20.002000,3315.687
20.003000,3322.554
20.004000,3322.554
20.005000,3322.554
20.006000,3322.554
20.007000,3322.554
20.008000,3323.221
20.009000,3323.221
20.010000,3323.221
20.011000,3323.221
20.012000,3323.221
20.013000,3323.936
20.014000,3323.936
20.015000,3323.936
20.016000,3323.936
20.017000,3323.936
20.018000,3327.560
20.019000,3327.560
20.020000,3327.560
20.021000,3327.560
20.022000,3327.560
20.023000,3328.133
20.024000,3328.133
20.025000,3328.133
20.026000,3328.133
20.027000,3328.133
20.028000,3324.938
20.029000,3324.938
20.030000,3324.938
20.031000,3324.938
20.032000,0.000
20.033000,3323.078
20.034000,3323.078
20.035000,3323.078
20.036000,3323.078
20.037000,3323.078
20.038000,3315.783
20.039000,3315.783
20.040000,3315.783
20.041000,3315.783
20.042000,3315.783
20.043000,3318.834
20.044000,3318.834
20.045000,3318.834
20.046000,3318.834
20.047000,3318.834
20.048000,3319.454
20.049000,3319.454
20.050000,3319.454
20.051000,3319.454
20.052000,3319.454
20.053000,3330.326
20.054000,3330.326
20.055000,3330.326
20.056000,3330.326
20.057000,3330.326
20.058000,3326.941
20.059000,3326.941
20.060000,3326.941
20.061000,3326.941
20.062000,3326.941
20.063000,3321.981
20.064000,3321.981
20.065000,3321.981
20.066000,3321.981
20.067000,3411.818
20.068000,3411.818
20.069000,3411.818
20.070000,3411.818
20.071000,3411.818
20.072000,3411.341
20.073000,3411.341
20.074000,3411.341
20.075000,3411.341
20.076000,3411.341
20.077000,3425.264
20.078000,3425.264
20.079000,3425.264
20.080000,3425.264
20.081000,3425.264
20.082000,3458.214
20.083000,3458.214
20.084000,3458.214
20.085000,3458.214
20.086000,3458.214
20.087000,3467.607
20.088000,3467.607
20.089000,3467.607
20.090000,3467.607
20.091000,3467.607
20.092000,3483.105
20.093000,3483.105
20.094000,3483.105
20.095000,3483.105
20.096000,0.000
20.097000,3488.064
20.098000,3488.064
20.099000,3488.064
20.100000,3488.064
20.101000,3488.064
20.102000,0.000
20.103000,0.000
20.104000,0.000
20.105000,0.000
20.106000,0.000
20.107000,3582.573
20.108000,3582.573
20.109000,3582.573
20.110000,3582.573
20.111000,3582.573
20.112000,3578.091
20.113000,3578.091
20.114000,3578.091
20.115000,3578.091
20.116000,3578.091
20.117000,3579.664
20.118000,3579.664
20.119000,3579.664
20.120000,3579.664
20.121000,3579.664
20.122000,3581.238
20.123000,3581.238
20.124000,3581.238
20.125000,3581.238
20.126000,3581.238
20.127000,3582.716
20.128000,3582.716
20.129000,3582.716
20.130000,3582.716
20.131000,3417.873
20.132000,3417.873
20.133000,3417.873
20.134000,3417.873
20.135000,3417.873
20.136000,3402.042
20.137000,3402.042
20.138000,3402.042
20.139000,3402.042
20.140000,3402.042
20.141000,3392.410
20.142000,3392.410
20.143000,3392.410
20.144000,3392.410
20.145000,3392.410
20.146000,3376.532
20.147000,3376.532
20.148000,3376.532
20.149000,3376.532
20.150000,3376.532
20.151000,3371.000
20.152000,3371.000
20.153000,3371.000
20.154000,3371.000
20.155000,3371.000
20.156000,3370.905
20.157000,3370.905
20.158000,3370.905
20.159000,3370.905
20.160000,0.000
20.161000,3322.077
20.162000,3322.077
20.163000,3322.077
20.164000,3322.077
20.165000,3322.077
20.166000,3322.506
20.167000,3322.506
20.168000,3322.506
20.169000,3322.506
20.170000,3322.506
20.171000,3322.744
20.172000,3322.744
20.173000,3322.744
20.174000,3322.744
20.175000,3322.744
20.176000,3324.604
20.177000,3324.604
20.178000,3324.604
20.179000,3324.604
20.180000,3324.604
20.181000,3322.506
20.182000,3322.506
20.183000,3322.506
20.184000,3322.506
20.185000,3322.506
20.186000,3321.314
20.187000,3321.314
20.188000,3321.314
20.189000,3321.314
20.190000,3321.314
20.191000,3320.360
20.192000,3320.360
20.193000,3320.360
20.194000,3320.360
20.195000,3320.026
20.196000,3320.026
20.197000,3320.026
20.198000,3320.026
20.199000,3320.026
20.200000,3321.362
20.201000,3321.362
20.202000,3321.362
20.203000,3321.362
20.204000,3321.362
20.205000,3322.792
20.206000,3322.792
20.207000,3322.792
20.208000,3322.792
20.209000,3322.792
20.210000,3323.364
20.211000,3323.364
20.212000,3323.364
20.213000,3323.364
20.214000,3323.364
20.215000,3328.085
20.216000,3328.085
20.217000,3328.085
20.218000,3328.085
20.219000,3328.085
20.220000,3326.130
20.221000,3326.130
20.222000,3326.130
20.223000,3326.130
20.224000,0.000
20.225000,3322.935
20.226000,3322.935
20.227000,3322.935
20.228000,3322.935
20.229000,3322.935
20.230000,3315.735
20.231000,3315.735
20.232000,3315.735
20.233000,3315.735
20.234000,3315.735
20.235000,3319.788
20.236000,3319.788
20.237000,3319.788
20.238000,3319.788
20.239000,3319.788
20.240000,3320.789
20.241000,3320.789
20.242000,3320.789
20.243000,3320.789
20.244000,3320.789
20.245000,3321.934
20.246000,3321.934
20.247000,3321.934
20.248000,3321.934
20.249000,3321.934
20.250000,3323.078
20.251000,3323.078
20.252000,3323.078
20.253000,3323.078
20.254000,3323.078
20.255000,3326.130
20.256000,3326.130
20.257000,3326.130
20.258000,3326.130
20.259000,0.000
20.260000,0.000
20.261000,0.000
20.262000,0.000
20.263000,0.000
20.264000,3697.872
20.265000,3697.872
20.266000,3697.872
20.267000,3697.872
20.268000,3697.872
20.269000,3738.880
20.270000,3738.880
20.271000,3738.880
20.272000,3738.880
20.273000,3738.880
20.274000,3816.938
20.275000,3816.938
20.276000,3816.938
20.277000,3816.938
20.278000,3816.938
20.279000,3868.723
20.280000,3868.723
20.281000,3868.723
20.282000,3868.723
20.283000,3868.723
20.284000,3959.703
20.285000,3959.703
20.286000,3959.703
20.287000,3959.703
20.288000,0.000
20.289000,4126.787
20.290000,4126.787
20.291000,4126.787
20.292000,4126.787
20.293000,4126.787
20.294000,3714.323
20.295000,3714.323
20.296000,3714.323
20.297000,3714.323
20.298000,3714.323
20.299000,3658.342
20.300000,3658.342
20.301000,3658.342
20.302000,3658.342
20.303000,3658.342
20.304000,3548.193
20.305000,3548.193
20.306000,3548.193
20.307000,3548.193
20.308000,3548.193
20.309000,3502.512
20.310000,3502.512
20.311000,3502.512
20.312000,3502.512
20.313000,3502.512
20.314000,3433.228
20.315000,3433.228
20.316000,3433.228
20.317000,3433.228
20.318000,3433.228
20.319000,3378.820
20.320000,3378.820
20.321000,3378.820
20.322000,3378.820
20.323000,3328.609
20.324000,3328.609
20.325000,3328.609
20.326000,3328.609
20.327000,3328.609
20.328000,3326.845
20.329000,3326.845
20.330000,3326.845
20.331000,3326.845
20.332000,3326.845
20.333000,3322.744
20.334000,3322.744
20.335000,3322.744
20.336000,3322.744
20.337000,3322.744
20.338000,3322.029
20.339000,3322.029
20.340000,3322.029
20.341000,3322.029
20.342000,3322.029
20.343000,3322.554
20.344000,3322.554
20.345000,3322.554
20.346000,3322.554
20.347000,3322.554
20.348000,3321.552
20.349000,3321.552
20.350000,3321.552
20.351000,3321.552
20.352000,0.000
20.353000,3321.791
20.354000,3321.791
20.355000,3321.791
20.356000,3321.791
20.357000,3321.791
20.358000,3327.894
20.359000,3327.894
20.360000,3327.894
20.361000,3327.894
20.362000,3327.894
20.363000,3325.891
20.364000,3325.891
20.365000,3325.891
20.366000,3325.891
20.367000,3325.891
20.368000,3323.030
20.369000,3323.030
20.370000,3323.030
20.371000,3323.030
20.372000,3323.030
20.373000,3323.936
20.374000,3323.936
20.375000,3323.936
20.376000,3323.936
20.377000,3323.936
20.378000,3323.507
20.379000,3323.507
20.380000,3323.507
20.381000,3323.507
20.382000,3323.507
20.383000,3320.122
20.384000,3320.122
20.385000,3320.122
20.386000,3320.122
20.387000,0.000
20.388000,0.000
20.389000,0.000
20.390000,0.000
20.391000,0.000
20.392000,3318.834
20.393000,3318.834
20.394000,3318.834
20.395000,3318.834
20.396000,3318.834
20.397000,3320.169
20.398000,3320.169
20.399000,3320.169
20.400000,3320.169
20.401000,3320.169
20.402000,3323.221
20.403000,3323.221
20.404000,3323.221
20.405000,3323.221
20.406000,3323.221
20.407000,3322.411
20.408000,3322.411
20.409000,3322.411
20.410000,3322.411
20.411000,3322.411
20.412000,3325.605
20.413000,3325.605
20.414000,3325.605
20.415000,3325.605
20.416000,0.000
20.417000,3326.702
20.418000,3326.702
20.419000,3326.702
20.420000,3326.702
20.421000,-25000.000
20.422000,3317.881
20.423000,3317.881
20.424000,3317.881
20.425000,3317.881
20.426000,3317.881
20.427000,3317.928
20.428000,3317.928
20.429000,3317.928
20.430000,3317.928
20.431000,3317.928
20.432000,3320.026
20.433000,3320.026
20.434000,3320.026
20.435000,3320.026
20.436000,3320.026
20.437000,3323.555
20.438000,3323.555
20.439000,3323.555
20.440000,3323.555
20.441000,3323.555
20.442000,3324.556
20.443000,3324.556
20.444000,3324.556
20.445000,3324.556
20.446000,3324.556
20.447000,3325.939
20.448000,3325.939
20.449000,3325.939
20.450000,3325.939
20.451000,3323.793
20.452000,3323.793
20.453000,3323.793
20.454000,3323.793
20.455000,3323.793
20.456000,3322.315
20.457000,3322.315
20.458000,3322.315
20.459000,3322.315
20.460000,3322.315
20.461000,3319.311
20.462000,3319.311
20.463000,3319.311
20.464000,3319.311
20.465000,3319.311
20.466000,3314.781
20.467000,3314.781
20.468000,3314.781
20.469000,3314.781
20.470000,3314.781
20.471000,3316.450
20.472000,3316.450
20.473000,3316.450
20.474000,3316.450
20.475000,3316.450
20.476000,3318.739
20.477000,3318.739
20.478000,3318.739
20.479000,3318.739
20.480000,0.000
20.481000,3372.717
20.482000,3372.717
20.483000,3372.717
20.484000,3372.717
20.485000,3372.717
20.486000,3373.194
20.487000,3373.194
20.488000,3373.194
20.489000,3373.194
20.490000,3373.194
20.491000,3377.247
20.492000,3377.247
20.493000,3377.247
20.494000,3377.247
20.495000,3377.247
20.496000,3392.506
20.497000,3392.506
20.498000,3392.506
20.499000,3392.506
20.500000,3392.506
20.501000,3389.072
20.502000,3389.072
20.503000,3389.072
20.504000,3389.072
20.505000,3389.072
20.506000,3390.360
20.507000,3390.360
20.508000,3390.360
20.509000,3390.360
20.510000,3390.360
20.511000,3397.036
20.512000,3397.036
20.513000,3397.036
20.514000,3397.036
20.515000,3608.465
20.516000,3608.465
20.517000,3608.465
20.518000,3608.465
20.519000,3608.465
20.520000,3611.565
20.521000,3611.565
20.522000,3611.565
20.523000,3611.565
20.524000,3611.565
20.525000,3607.798
20.526000,3607.798
20.527000,3607.798
20.528000,3607.798
20.529000,3607.798
20.530000,3613.091
20.531000,3613.091
20.532000,3613.091
20.533000,3613.091
20.534000,3613.091
20.535000,3626.776
20.536000,3626.776
20.537000,3626.776
20.538000,3626.776
20.539000,3626.776
20.540000,3627.872
20.541000,3627.872
20.542000,3627.872
20.543000,3627.872
20.544000,3627.205
20.545000,3627.205
20.546000,3627.205
20.547000,3627.205
20.548000,0.000
20.549000,0.000
20.550000,0.000
20.551000,0.000
20.552000,0.000
20.553000,3797.531
20.554000,3797.531
20.555000,3797.531
20.556000,3797.531
20.557000,3797.531
20.558000,3795.052
20.559000,3795.052
20.560000,3795.052
20.561000,3795.052
20.562000,3795.052
20.563000,3794.718
20.564000,3794.718
20.565000,3794.718
20.566000,3794.718
20.567000,3794.718
20.568000,3793.955
20.569000,3793.955
20.570000,3793.955
20.571000,3793.955
20.572000,3793.955
20.573000,3792.620
20.574000,3792.620
20.575000,3792.620
20.576000,3792.620
20.577000,3792.095
20.578000,3792.095
20.579000,3792.095
20.580000,3792.095
20.581000,3792.095
20.582000,3792.095
20.583000,3792.095
20.584000,3792.095
20.585000,3792.095
20.586000,3790.045
20.587000,3790.045
20.588000,3790.045
20.589000,3790.045
20.590000,3790.045
20.591000,3791.332
20.592000,3791.332
20.593000,3791.332
20.594000,3791.332
20.595000,3791.332
20.596000,3792.477
20.597000,3792.477
20.598000,3792.477
20.599000,3792.477
20.600000,3792.477
20.601000,3748.083
20.602000,3748.083
20.603000,3748.083
20.604000,3748.083
20.605000,3748.083
20.606000,3747.129
20.607000,3747.129
20.608000,3747.129
20.609000,3747.129
20.610000,0.000
20.611000,0.000
20.612000,0.000
20.613000,0.000
20.614000,3605.986
20.615000,3605.986
20.616000,3605.986
20.617000,3605.986
20.618000,3605.986
20.619000,3597.832
20.620000,3597.832
20.621000,3597.832
20.622000,3597.832
20.623000,3597.832
20.624000,3581.953
20.625000,3581.953
20.626000,3581.953
20.627000,3581.953
20.628000,3581.953
20.629000,3569.174
20.630000,3569.174
20.631000,3569.174
20.632000,3569.174
20.633000,3569.174
20.634000,3540.325
20.635000,3540.325
20.636000,3540.325
20.637000,3540.325
20.638000,3540.325
20.639000,3533.888
20.640000,3533.888
20.641000,3533.888
20.642000,3533.888
20.643000,3328.466
20.644000,3328.466
20.645000,3328.466
20.646000,3328.466
20.647000,3328.466
20.648000,3320.980
20.649000,3320.980
20.650000,3320.980
20.651000,3320.980
20.652000,3320.980
20.653000,3319.454
20.654000,3319.454
20.655000,3319.454
20.656000,3319.454
20.657000,3319.454
20.658000,3316.021
20.659000,3316.021
20.660000,3316.021
20.661000,3316.021
20.662000,3316.021
20.663000,3320.169
20.664000,3320.169
20.665000,3320.169
20.666000,3320.169
20.667000,3320.169
20.668000,3320.456
20.669000,3320.456
20.670000,3320.456
20.671000,3320.456
20.672000,0.000
20.673000,3324.366
20.674000,3324.366
20.675000,3324.366
20.676000,3324.366
20.677000,3324.366
20.678000,3321.028
20.679000,3321.028
20.680000,3321.028
20.681000,3321.028
20.682000,3321.028
20.683000,3319.073
20.684000,3319.073
20.685000,3319.073
20.686000,3319.073
20.687000,3319.073
20.688000,3320.980
20.689000,3320.980
20.690000,3320.980
20.691000,3320.980
20.692000,3320.980
20.693000,3317.165
20.694000,3317.165
20.695000,3317.165
20.696000,3317.165
20.697000,3317.165
20.698000,3313.255
20.699000,3313.255
20.700000,3313.255
20.701000,3313.255
20.702000,3313.255
20.703000,3314.018
20.704000,3314.018
20.705000,3314.018
20.706000,3314.018
20.707000,3326.321
20.708000,3326.321
20.709000,3326.321
20.710000,3326.321
20.711000,3326.321
20.712000,3329.420
20.713000,3329.420
20.714000,3329.420
20.715000,3329.420
20.716000,3329.420
20.717000,3327.560
20.718000,3327.560
20.719000,3327.560
20.720000,3327.560
20.721000,3327.560
20.722000,3318.167
20.723000,3318.167
20.724000,3318.167
20.725000,3318.167
20.726000,3318.167
20.727000,3318.930
20.728000,3318.930
20.729000,3318.930
20.730000,3318.930
20.731000,3318.930
20.732000,3315.496
20.733000,3315.496
20.734000,3315.496
20.735000,3315.496
20.736000,0.000
20.737000,3317.785
20.738000,3317.785
20.739000,3317.785
20.740000,3317.785
20.741000,3317.785
20.742000,3322.697
20.743000,3322.697
20.744000,3322.697
20.745000,3322.697
20.746000,3322.697
20.747000,3327.322
20.748000,3327.322
20.749000,3327.322
20.750000,3327.322
20.751000,3327.322
20.752000,3328.228
20.753000,3328.228
20.754000,3328.228
20.755000,3328.228
20.756000,3328.228
20.757000,3325.987
20.758000,3325.987
20.759000,3325.987
20.760000,3325.987
20.761000,3325.987
20.762000,3323.889
20.763000,3323.889
20.764000,3323.889
20.765000,3323.889
20.766000,3323.889
20.767000,3322.983
20.768000,3322.983
20.769000,3322.983
20.770000,3322.983
20.771000,0.000
20.772000,0.000
20.773000,0.000
20.774000,0.000
20.775000,0.000
20.776000,3317.547
20.777000,3317.547
20.778000,3317.547
20.779000,3317.547
20.780000,3317.547
20.781000,3326.941
20.782000,3326.941
20.783000,3326.941
20.784000,3326.941
20.785000,3326.941
20.786000,3327.990
20.787000,3327.990
20.788000,3327.990
20.789000,3327.990
20.790000,3327.990
20.791000,3326.893
20.792000,3326.893
20.793000,3326.893
20.794000,3326.893
20.795000,3326.893
20.796000,3322.887
20.797000,3322.887
20.798000,3322.887
20.799000,3322.887
20.800000,0.000
20.801000,3321.934
20.802000,3321.934
20.803000,3321.934
20.804000,3321.934
20.805000,3321.934
20.806000,3313.589
20.807000,3313.589
20.808000,3313.589
20.809000,3313.589
20.810000,3313.589
20.811000,3316.450
20.812000,3316.450
20.813000,3316.450
20.814000,3316.450
20.815000,3316.450
20.816000,3319.597
20.817000,3319.597
20.818000,3319.597
20.819000,3319.597
20.820000,3319.597
20.821000,3320.313
20.822000,3320.313
20.823000,3320.313
20.824000,3320.313
20.825000,3320.313
20.826000,3321.695
20.827000,3321.695
20.828000,3321.695
20.829000,3321.695
20.830000,3321.695
20.831000,3322.887
20.832000,3322.887
20.833000,3322.887
20.834000,3322.887
20.835000,3324.795
20.836000,3324.795
20.837000,3324.795
20.838000,3324.795
20.839000,3324.795
20.840000,3323.841
20.841000,3323.841
20.842000,3323.841
20.843000,3323.841
20.844000,3323.841
20.845000,3316.593
20.846000,3316.593
20.847000,3316.593
20.848000,3316.593
20.849000,3316.593
20.850000,3319.502
20.851000,3319.502
20.852000,3319.502
20.853000,3319.502
20.854000,3319.502
20.855000,3319.216
20.856000,3319.216
20.857000,3319.216
20.858000,3319.216
20.859000,3319.216
20.860000,3319.836
20.861000,3319.836
20.862000,3319.836
20.863000,3319.836
20.864000,0.000
20.865000,3324.127
20.866000,3324.127
20.867000,3324.127
20.868000,3324.127
20.869000,3324.127
20.870000,3323.603
20.871000,3323.603
20.872000,3323.603
20.873000,3323.603
20.874000,3323.603
20.875000,3323.269
20.876000,3323.269
20.877000,3323.269
20.878000,3323.269
20.879000,3323.269
20.880000,3321.409
20.881000,3321.409
20.882000,3321.409
20.883000,3321.409
20.884000,3321.409
20.885000,3318.453
20.886000,3318.453
20.887000,3318.453
20.888000,3318.453
20.889000,3318.453
20.890000,3320.265
20.891000,3320.265
20.892000,3320.265
20.893000,3320.265
20.894000,3320.265
20.895000,3316.450
20.896000,3316.450
20.897000,3316.450
20.898000,3316.450
20.899000,3322.077
20.900000,3322.077
20.901000,3322.077
20.902000,3322.077
20.903000,3322.077
20.904000,3325.605
20.905000,3325.605
20.906000,3325.605
20.907000,3325.605
20.908000,3325.605
20.909000,3324.699
20.910000,3324.699
20.911000,3324.699
20.912000,3324.699
20.913000,3324.699
20.914000,3324.366
20.915000,3324.366
20.916000,3324.366
20.917000,3324.366
20.918000,3324.366
20.919000,3323.030
20.920000,3323.030
20.921000,3323.030
20.922000,3323.030
20.923000,3323.030
20.924000,3320.408
20.925000,3320.408
20.926000,3320.408
20.927000,3320.408
20.928000,0.000
20.929000,3315.592
20.930000,3315.592
20.931000,3315.592
20.932000,3315.592
20.933000,3315.592
20.934000,3323.221
20.935000,3323.221
20.936000,3323.221
20.937000,3323.221
20.938000,3323.221
20.939000,3322.172
20.940000,3322.172
20.941000,3322.172
20.942000,3322.172
20.943000,3322.172
20.944000,3323.460
20.945000,3323.460
20.946000,3323.460
20.947000,3323.460
20.948000,3323.460
20.949000,3329.468
20.950000,3329.468
20.951000,3329.468
20.952000,3329.468
20.953000,3329.468
20.954000,3328.753
20.955000,3328.753
20.956000,3328.753
20.957000,3328.753
20.958000,3328.753
20.959000,3327.942
20.960000,3327.942
20.961000,3327.942
20.962000,3327.942
20.963000,0.000
20.964000,0.000
20.965000,0.000
20.966000,0.000
20.967000,0.000
20.968000,3322.268
20.969000,3322.268
20.970000,3322.268
20.971000,3322.268
20.972000,3322.268
20.973000,3322.601
20.974000,3322.601
20.975000,3322.601
20.976000,3322.601
20.977000,3322.601
20.978000,3322.792
20.979000,3322.792
20.980000,3322.792
20.981000,3322.792
20.982000,3322.792
20.983000,3325.891
20.984000,3325.891
20.985000,3325.891
20.986000,3325.891
20.987000,3325.891
20.988000,3329.134
20.989000,3329.134
20.990000,3329.134
20.991000,3329.134
20.992000,0.000
20.993000,3324.604
20.994000,3324.604
20.995000,3324.604
20.996000,3324.604
20.997000,3324.604
20.998000,3321.171
20.999000,3321.171
21.000000,3321.171
21.001000,3321.171
21.002000,3321.171
21.003000,3317.881
21.004000,3317.881
21.005000,3317.881
21.006000,3317.881
21.007000,3317.881
21.008000,3313.875
21.009000,3313.875
21.010000,3313.875
21.011000,3313.875
21.012000,3313.875
21.013000,3314.734
21.014000,3314.734
21.015000,3314.734
21.016000,3314.734
21.017000,3314.734
21.018000,3319.693
21.019000,3319.693
21.020000,3319.693
21.021000,3319.693
21.022000,3319.693
21.023000,3319.693
21.024000,3319.693
21.025000,3319.693
21.026000,3319.693
21.027000,0.000
21.028000,0.000
21.029000,0.000
21.030000,0.000
21.031000,0.000
21.032000,0.000
21.033000,0.000
21.034000,0.000
21.035000,0.000
21.036000,0.000
21.037000,3316.069
21.038000,3316.069
21.039000,3316.069
21.040000,3316.069
21.041000,3316.069
21.042000,3316.736
21.043000,3316.736
21.044000,3316.736
21.045000,3316.736
21.046000,3316.736
21.047000,3318.977
21.048000,3318.977
21.049000,3318.977
21.050000,3318.977
21.051000,3318.977
21.052000,3319.788
21.053000,3319.788
21.054000,3319.788
21.055000,3319.788
21.056000,0.000
21.057000,3321.600
21.058000,3321.600
21.059000,3321.600
21.060000,3321.600
21.061000,3321.600
21.062000,3327.084
21.063000,3327.084
21.064000,3327.084
21.065000,3327.084
21.066000,3327.084
21.067000,3324.986
21.068000,3324.986
21.069000,3324.986
21.070000,3324.986
21.071000,3324.986
21.072000,3323.030
21.073000,3323.030
21.074000,3323.030
21.075000,3323.030
21.076000,3323.030
21.077000,3322.411
21.078000,3322.411
21.079000,3322.411
21.080000,3322.411
21.081000,3322.411
21.082000,3321.695
21.083000,3321.695
21.084000,3321.695
21.085000,3321.695
21.086000,3321.695
21.087000,3321.743
21.088000,3321.743
21.089000,3321.743
21.090000,3321.743
21.091000,3322.315
21.092000,3322.315
21.093000,3322.315
21.094000,3322.315
21.095000,3322.315
21.096000,3326.225
21.097000,3326.225
21.098000,3326.225
21.099000,3326.225
21.100000,3326.225
21.101000,3326.702
21.102000,3326.702
21.103000,3326.702
21.104000,3326.702
21.105000,3326.702
21.106000,3324.938
21.107000,3324.938
21.108000,3324.938
21.109000,3324.938
21.110000,3324.938
21.111000,3323.984
21.112000,3323.984
21.113000,3323.984
21.114000,3323.984
21.115000,3323.984
21.116000,3323.698
21.117000,3323.698
21.118000,3323.698
21.119000,3323.698
21.120000,0.000
21.121000,3320.837
21.122000,3320.837
21.123000,3320.837
21.124000,3320.837
21.125000,3320.837
21.126000,3316.593
21.127000,3316.593
21.128000,3316.593
21.129000,3316.593
21.130000,3316.593
21.131000,3318.024
21.132000,3318.024
21.133000,3318.024
21.134000,3318.024
21.135000,3318.024
21.136000,3321.409
21.137000,3321.409
21.138000,3321.409
21.139000,3321.409
21.140000,3321.409
21.141000,3320.885
21.142000,3320.885
21.143000,3320.885
21.144000,3320.885
21.145000,3320.885
21.146000,3321.362
21.147000,3321.362
21.148000,3321.362
21.149000,3321.362
21.150000,3321.362
21.151000,3325.272
21.152000,3325.272
21.153000,3325.272
21.154000,3325.272
21.155000,3315.830
21.156000,3315.830
21.157000,3315.830
21.158000,3315.830
21.159000,3315.830
21.160000,3319.311
21.161000,3319.311
21.162000,3319.311
21.163000,3319.311
21.164000,3319.311
21.165000,3320.456
21.166000,3320.456
21.167000,3320.456
21.168000,3320.456
21.169000,3320.456
21.170000,3319.645
21.171000,3319.645
21.172000,3319.645
21.173000,3319.645
21.174000,3319.645
21.175000,3322.411
21.176000,3322.411
21.177000,3322.411
21.178000,3322.411
21.179000,3322.411
21.180000,3322.506
21.181000,3322.506
21.182000,3322.506
21.183000,3322.506
21.184000,0.000
21.185000,3326.845
21.186000,3326.845
21.187000,3326.845
21.188000,3326.845
21.189000,3326.845
21.190000,3318.930
21.191000,3318.930
21.192000,3318.930
21.193000,3318.930
21.194000,3318.930
21.195000,3320.169
21.196000,3320.169
21.197000,3320.169
21.198000,3320.169
21.199000,3320.169
21.200000,3318.739
21.201000,3318.739
21.202000,3318.739
21.203000,3318.739
21.204000,3318.739
21.205000,3314.638
21.206000,3314.638
21.207000,3314.638
21.208000,3314.638
21.209000,3314.638
21.210000,3315.878
21.211000,3315.878
21.212000,3315.878
21.213000,3315.878
21.214000,3315.878
21.215000,3318.453
21.216000,3318.453
21.217000,3318.453
21.218000,3318.453
21.219000,3324.890
21.220000,3324.890
21.221000,3324.890
21.222000,3324.890
21.223000,3324.890
21.224000,3323.603
21.225000,3323.603
21.226000,3323.603
21.227000,3323.603
21.228000,3323.603
21.229000,3321.075
21.230000,3321.075
21.231000,3321.075
21.232000,3321.075
21.233000,3321.075
21.234000,3319.645
21.235000,3319.645
21.236000,3319.645
21.237000,3319.645
21.238000,3319.645
21.239000,3315.878
21.240000,3315.878
21.241000,3315.878
21.242000,3315.878
21.243000,3315.878
21.244000,3315.783
21.245000,3315.783
21.246000,3315.783
21.247000,3315.783
21.248000,0.000
21.249000,3318.834
21.250000,3318.834
21.251000,3318.834
21.252000,3318.834
21.253000,3318.834
21.254000,3325.844
21.255000,3325.844
21.256000,3325.844
21.257000,3325.844
21.258000,3325.844
21.259000,3326.225
21.260000,3326.225
21.261000,3326.225
21.262000,3326.225
21.263000,3326.225
21.264000,3324.270
21.265000,3324.270
21.266000,3324.270
21.267000,3324.270
21.268000,3324.270
21.269000,3322.744
21.270000,3322.744
21.271000,3322.744
21.272000,3322.744
21.273000,3322.744
21.274000,3322.315
21.275000,3322.315
21.276000,3322.315
21.277000,3322.315
21.278000,3322.315
21.279000,3322.506
21.280000,3322.506
21.281000,3322.506
21.282000,3322.506
21.283000,3323.269
21.284000,3323.269
21.285000,3323.269
21.286000,3323.269
21.287000,3323.269
21.288000,3321.838
21.289000,3321.838
21.290000,3321.838
21.291000,3321.838
21.292000,3321.838
21.293000,3325.653
21.294000,3325.653
21.295000,3325.653
21.296000,3325.653
21.297000,3325.653
21.298000,3329.563
21.299000,3329.563
21.300000,3329.563
21.301000,3329.563
21.302000,3329.563
21.303000,3327.322
21.304000,3327.322
21.305000,3327.322
21.306000,3327.322
21.307000,3327.322
21.308000,3324.175
21.309000,3324.175
21.310000,3324.175
21.311000,3324.175
21.312000,0.000
21.313000,3319.788
21.314000,3319.788
21.315000,3319.788
21.316000,3319.788
21.317000,3319.788
21.318000,3317.308
21.319000,3317.308
21.320000,3317.308
21.321000,3317.308
21.322000,3317.308
21.323000,3318.262
21.324000,3318.262
21.325000,3318.262
21.326000,3318.262
21.327000,3318.262
21.328000,3321.791
21.329000,3321.791
21.330000,3321.791
21.331000,3321.791
21.332000,3321.791
21.333000,3322.554
21.334000,3322.554
21.335000,3322.554
21.336000,3322.554
21.337000,3322.554
21.338000,3323.364
21.339000,3323.364
21.340000,3323.364
21.341000,3323.364
21.342000,3323.364
21.343000,3323.603
21.344000,3323.603
21.345000,3323.603
21.346000,3323.603
21.347000,3314.686
21.348000,3314.686
21.349000,3314.686
21.350000,3314.686
21.351000,3314.686
21.352000,3317.404
21.353000,3317.404
21.354000,3317.404
21.355000,3317.404
21.356000,3317.404
21.357000,3319.311
21.358000,3319.311
21.359000,3319.311
21.360000,3319.311
21.361000,3319.311
21.362000,3321.123
21.363000,3321.123
21.364000,3321.123
21.365000,3321.123
21.366000,3321.123
21.367000,3320.074
21.368000,3320.074
21.369000,3320.074
21.370000,3320.074
21.371000,3320.074
21.372000,3320.694
21.373000,3320.694
21.374000,3320.694
21.375000,3320.694
21.376000,0.000
21.377000,3327.656
21.378000,3327.656
21.379000,3327.656
21.380000,3327.656
21.381000,3327.656
21.382000,3321.934
21.383000,3321.934
21.384000,3321.934
21.385000,3321.934
21.386000,3321.934
21.387000,3319.550
21.388000,3319.550
21.389000,3319.550
21.390000,3319.550
21.391000,3319.550
21.392000,3320.265
21.393000,3320.265
21.394000,3320.265
21.395000,3320.265
21.396000,3320.265
21.397000,3316.164
21.398000,3316.164
21.399000,3316.164
21.400000,3316.164
21.401000,3316.164
21.402000,3315.020
21.403000,3315.020
21.404000,3315.020
21.405000,3315.020
21.406000,3315.020
21.407000,3322.172
21.408000,3322.172
21.409000,3322.172
21.410000,3322.172
21.411000,3324.699
21.412000,3324.699
21.413000,3324.699
21.414000,3324.699
21.415000,3324.699
21.416000,3326.225
21.417000,3326.225
21.418000,3326.225
21.419000,3326.225
21.420000,3326.225
21.421000,3323.698
21.422000,3323.698
21.423000,3323.698
21.424000,3323.698
21.425000,3323.698
21.426000,3322.077
21.427000,3322.077
21.428000,3322.077
21.429000,3322.077
21.430000,3322.077
21.431000,3320.217
21.432000,3320.217
21.433000,3320.217
21.434000,3320.217
21.435000,3320.217
21.436000,3317.165
21.437000,3317.165
21.438000,3317.165
21.439000,3317.165
21.440000,0.000
21.441000,3316.355
21.442000,3316.355
21.443000,3316.355
21.444000,3316.355
21.445000,3316.355
21.446000,3323.555
21.447000,3323.555
21.448000,3323.555
21.449000,3323.555
21.450000,3323.555
21.451000,3327.227
21.452000,3327.227
21.453000,3327.227
21.454000,3327.227
21.455000,3327.227
21.456000,3329.515
21.457000,3329.515
21.458000,3329.515
21.459000,3329.515
21.460000,3329.515
21.461000,3327.036
21.462000,3327.036
21.463000,3327.036
21.464000,3327.036
21.465000,3327.036
21.466000,3326.368
21.467000,3326.368
21.468000,3326.368
21.469000,3326.368
21.470000,3326.368
21.471000,3320.932
21.472000,3320.932
21.473000,3320.932
21.474000,3320.932
21.475000,3321.123
21.476000,3321.123
21.477000,3321.123
21.478000,3321.123
21.479000,3321.123
21.480000,3323.174
21.481000,3323.174
21.482000,3323.174
21.483000,3323.174
21.484000,3323.174
21.485000,3323.126
21.486000,3323.126
21.487000,3323.126
21.488000,3323.126
21.489000,3323.126
21.490000,3326.225
21.491000,3326.225
21.492000,3326.225
21.493000,3326.225
21.494000,3326.225
21.495000,3328.085
21.496000,3328.085
21.497000,3328.085
21.498000,3328.085
21.499000,3328.085
21.500000,3326.797
21.501000,3326.797
21.502000,3326.797
21.503000,3326.797
21.504000,0.000
21.505000,3325.653
21.506000,3325.653
21.507000,3325.653
21.508000,3325.653
21.509000,3325.653
21.510000,3314.829
21.511000,3314.829
21.512000,3314.829
21.513000,3314.829
21.514000,3314.829
21.515000,3315.067
21.516000,3315.067
21.517000,3315.067
21.518000,3315.067
21.519000,3315.067
21.520000,3317.976
21.521000,3317.976
21.522000,3317.976
21.523000,3317.976
21.524000,3317.976
21.525000,3319.693
21.526000,3319.693
21.527000,3319.693
21.528000,3319.693
21.529000,3319.693
21.530000,3318.834
21.531000,3318.834
21.532000,3318.834
21.533000,3318.834
21.534000,3318.834
21.535000,3325.272
21.536000,3325.272
21.537000,3325.272
21.538000,3325.272
21.539000,3319.454
21.540000,3319.454
21.541000,3319.454
21.542000,3319.454
21.543000,3319.454
21.544000,3313.255
21.545000,3313.255
21.546000,3313.255
21.547000,3313.255
21.548000,3313.255
21.549000,3314.543
21.550000,3314.543
21.551000,3314.543
21.552000,3314.543
21.553000,3314.543
21.554000,3317.642
21.555000,3317.642
21.556000,3317.642
21.557000,3317.642
21.558000,3317.642
21.559000,3317.547
21.560000,3317.547
21.561000,3317.547
21.562000,3317.547
21.563000,3317.547
21.564000,3318.787
21.565000,3318.787
21.566000,3318.787
21.567000,3318.787
21.568000,0.000
21.569000,3323.603
21.570000,3323.603
21.571000,3323.603
21.572000,3323.603
21.573000,3323.603
21.574000,3322.458
21.575000,3322.458
21.576000,3322.458
21.577000,3322.458
21.578000,3322.458
21.579000,3321.838
21.580000,3321.838
21.581000,3321.838
21.582000,3321.838
21.583000,3321.838
21.584000,3321.123
21.585000,3321.123
21.586000,3321.123
21.587000,3321.123
21.588000,3321.123
21.589000,3319.693
21.590000,3319.693
21.591000,3319.693
21.592000,3319.693
21.593000,3319.693
21.594000,3318.644
21.595000,3318.644
21.596000,3318.644
21.597000,3318.644
21.598000,3318.644
21.599000,3319.454
21.600000,3319.454
21.601000,3319.454
21.602000,3319.454
21.603000,3327.560
21.604000,3327.560
21.605000,3327.560
21.606000,3327.560
21.607000,3327.560
21.608000,3325.987
21.609000,3325.987
21.610000,3325.987
21.611000,3325.987
21.612000,3325.987
21.613000,3327.084
21.614000,3327.084
21.615000,3327.084
21.616000,3327.084
21.617000,3327.084
21.618000,3326.559
21.619000,3326.559
21.620000,3326.559
21.621000,3326.559
21.622000,3326.559
21.623000,3324.175
21.624000,3324.175
21.625000,3324.175
21.626000,3324.175
21.627000,3324.175
21.628000,3321.552
21.629000,3321.552
21.630000,3321.552
21.631000,3321.552
21.632000,0.000
21.633000,3318.453
21.634000,3318.453
21.635000,3318.453
21.636000,3318.453
21.637000,3318.453
21.638000,3320.599
21.639000,3320.599
21.640000,3320.599
21.641000,3320.599
21.642000,3320.599
21.643000,3320.885
21.644000,3320.885
21.645000,3320.885
21.646000,3320.885
21.647000,3320.885
21.648000,3322.077
21.649000,3322.077
21.650000,3322.077
21.651000,3322.077
21.652000,3322.077
21.653000,3324.699
21.654000,3324.699
21.655000,3324.699
21.656000,3324.699
21.657000,3324.699
21.658000,3321.981
21.659000,3321.981
21.660000,3321.981
21.661000,3321.981
21.662000,3321.981
21.663000,3322.601
21.664000,3322.601
21.665000,3322.601
21.666000,3322.601
21.667000,0.000
21.668000,0.000
21.669000,0.000
21.670000,0.000
21.671000,0.000
21.672000,0.000
21.673000,0.000
21.674000,0.000
21.675000,0.000
21.676000,0.000
21.677000,3321.457
21.678000,3321.457
21.679000,3321.457
21.680000,3321.457
21.681000,3321.457
21.682000,3323.841
21.683000,3323.841
21.684000,3323.841
21.685000,3323.841
21.686000,3323.841
21.687000,3320.885
21.688000,3320.885
21.689000,3320.885
21.690000,3320.885
21.691000,3320.885
21.692000,3325.796
21.693000,3325.796
21.694000,3325.796
21.695000,3325.796
21.696000,0.000
21.697000,3326.130
21.698000,3326.130
21.699000,3326.130
21.700000,3326.130
21.701000,3326.130
21.702000,3321.075
21.703000,3321.075
21.704000,3321.075
21.705000,3321.075
21.706000,3321.075
21.707000,3318.834
21.708000,3318.834
21.709000,3318.834
21.710000,3318.834
21.711000,3318.834
21.712000,3317.308
21.713000,3317.308
21.714000,3317.308
21.715000,3317.308
21.716000,3317.308
21.717000,3323.030
21.718000,3323.030
21.719000,3323.030
21.720000,3323.030
21.721000,3323.030
21.722000,3321.028
21.723000,3321.028
21.724000,3321.028
21.725000,3321.028
21.726000,3321.028
21.727000,3324.413
21.728000,3324.413
21.729000,3324.413
21.730000,3324.413
21.731000,3321.552
21.732000,3321.552
21.733000,3321.552
21.734000,3321.552
21.735000,3321.552
21.736000,3319.788
21.737000,3319.788
21.738000,3319.788
21.739000,3319.788
21.740000,3319.788
21.741000,3323.078
21.742000,3323.078
21.743000,3323.078
21.744000,3323.078
21.745000,3323.078
21.746000,3318.977
21.747000,3318.977
21.748000,3318.977
21.749000,3318.977
21.750000,3318.977
21.751000,3315.496
21.752000,3315.496
21.753000,3315.496
21.754000,3315.496
21.755000,3315.496
21.756000,3317.261
21.757000,3317.261
21.758000,3317.261
21.759000,3317.261
21.760000,0.000
21.761000,3318.405
21.762000,3318.405
21.763000,3318.405
21.764000,3318.405
21.765000,3318.405
21.766000,3328.371
21.767000,3328.371
21.768000,3328.371
21.769000,3328.371
21.770000,3328.371
21.771000,3327.322
21.772000,3327.322
21.773000,3327.322
21.774000,3327.322
21.775000,3327.322
21.776000,3323.698
21.777000,3323.698
21.778000,3323.698
21.779000,3323.698
21.780000,3323.698
21.781000,3318.882
21.782000,3318.882
21.783000,3318.882
21.784000,3318.882
21.785000,3318.882
21.786000,3314.209
21.787000,3314.209
21.788000,3314.209
21.789000,3314.209
21.790000,3314.209
21.791000,3315.926
21.792000,3315.926
21.793000,3315.926
21.794000,3315.926
21.795000,3324.413
21.796000,3324.413
21.797000,3324.413
21.798000,3324.413
21.799000,3324.413
21.800000,3323.364
21.801000,3323.364
21.802000,3323.364
21.803000,3323.364
21.804000,3323.364
21.805000,3327.608
21.806000,3327.608
21.807000,3327.608
21.808000,3327.608
21.809000,3327.608
21.810000,3326.845
21.811000,3326.845
21.812000,3326.845
21.813000,3326.845
21.814000,3326.845
21.815000,3324.175
21.816000,3324.175
21.817000,3324.175
21.818000,3324.175
21.819000,3324.175
21.820000,3322.411
21.821000,3322.411
21.822000,3322.411
21.823000,3322.411
21.824000,0.000
21.825000,3321.791
21.826000,3321.791
21.827000,3321.791
21.828000,3321.791
21.829000,3321.791
21.830000,3317.547
21.831000,3317.547
21.832000,3317.547
21.833000,3317.547
21.834000,3317.547
21.835000,3318.977
21.836000,3318.977
21.837000,3318.977
21.838000,3318.977
21.839000,3318.977
21.840000,3319.550
21.841000,3319.550
21.842000,3319.550
21.843000,3319.550
21.844000,3319.550
21.845000,3329.563
21.846000,3329.563
21.847000,3329.563
21.848000,3329.563
21.849000,3329.563
21.850000,3327.322
21.851000,3327.322
21.852000,3327.322
21.853000,3327.322
21.854000,3327.322
21.855000,3325.415
21.856000,3325.415
21.857000,3325.415
21.858000,3325.415
21.859000,3314.638
21.860000,3314.638
21.861000,3314.638
21.862000,3314.638
21.863000,3314.638
21.864000,3317.165
21.865000,3317.165
21.866000,3317.165
21.867000,3317.165
21.868000,3317.165
21.869000,3319.550
21.870000,3319.550
21.871000,3319.550
21.872000,3319.550
21.873000,3319.550
21.874000,3319.311
21.875000,3319.311
21.876000,3319.311
21.877000,3319.311
21.878000,3319.311
21.879000,3322.077
21.880000,3322.077
21.881000,3322.077
21.882000,3322.077
21.883000,3322.077
21.884000,3323.364
21.885000,3323.364
21.886000,3323.364
21.887000,3323.364
21.888000,0.000
21.889000,3325.033
21.890000,3325.033
21.891000,3325.033
21.892000,3325.033
21.893000,3325.033
21.894000,3323.507
21.895000,3323.507
21.896000,3323.507
21.897000,3323.507
21.898000,3323.507
21.899000,3320.313
21.900000,3320.313
21.901000,3320.313
21.902000,3320.313
21.903000,3320.313
21.904000,3320.885
21.905000,3320.885
21.906000,3320.885
21.907000,3320.885
21.908000,3320.885
21.909000,3321.457
21.910000,3321.457
21.911000,3321.457
21.912000,3321.457
21.913000,3321.457
21.914000,3320.265
21.915000,3320.265
21.916000,3320.265
21.917000,3320.265
21.918000,3320.265
21.919000,3320.932
21.920000,3320.932
21.921000,3320.932
21.922000,3320.932
21.923000,3326.845
21.924000,3326.845
21.925000,3326.845
21.926000,3326.845
21.927000,3326.845
21.928000,3322.983
21.929000,3322.983
21.930000,3322.983
21.931000,3322.983
21.932000,3322.983
21.933000,3321.218
21.934000,3321.218
21.935000,3321.218
21.936000,3321.218
21.937000,3321.218
21.938000,3320.599
21.939000,3320.599
21.940000,3320.599
21.941000,3320.599
21.942000,3320.599
21.943000,3321.218
21.944000,3321.218
21.945000,3321.218
21.946000,3321.218
21.947000,3321.218
21.948000,3320.837
21.949000,3320.837
21.950000,3320.837
21.951000,3320.837
21.952000,0.000
21.953000,3315.878
21.954000,3315.878
21.955000,3315.878
21.956000,3315.878
21.957000,3315.878
21.958000,3322.744
21.959000,3322.744
21.960000,3322.744
21.961000,3322.744
21.962000,3322.744
21.963000,3323.030
21.964000,3323.030
21.965000,3323.030
21.966000,3323.030
21.967000,3323.030
21.968000,3321.838
21.969000,3321.838
21.970000,3321.838
21.971000,3321.838
21.972000,3321.838
21.973000,3319.216
21.974000,3319.216
21.975000,3319.216
21.976000,3319.216
21.977000,3319.216
21.978000,3319.311
21.979000,3319.311
21.980000,3319.311
21.981000,3319.311
21.982000,3319.311
21.983000,3320.837
21.984000,3320.837
21.985000,3320.837
21.986000,3320.837
21.987000,3319.836
21.988000,3319.836
21.989000,3319.836
21.990000,3319.836
21.991000,3319.836
21.992000,3321.648
21.993000,3321.648
21.994000,3321.648
21.995000,3321.648
21.996000,3321.648
21.997000,3323.507
21.998000,3323.507
21.999000,3323.507
22.000000,3323.507
22.001000,3323.507
22.002000,3322.315
22.003000,3322.315
22.004000,3322.315
22.005000,3322.315
22.006000,3322.315
22.007000,3325.796
22.008000,3325.796
22.009000,3325.796
22.010000,3325.796
22.011000,3325.796
22.012000,3327.179
22.013000,3327.179
22.014000,3327.179
22.015000,3327.179
22.016000,0.000
22.017000,3325.033
22.018000,3325.033
22.019000,3325.033
22.020000,3325.033
22.021000,3325.033
22.022000,3315.830
22.023000,3315.830
22.024000,3315.830
22.025000,3315.830
22.026000,3315.830
22.027000,3314.686
22.028000,3314.686
22.029000,3314.686
22.030000,3314.686
22.031000,3314.686
22.032000,3322.268
22.033000,3322.268
22.034000,3322.268
22.035000,3322.268
22.036000,3322.268
22.037000,3322.268
22.038000,3322.268
22.039000,3322.268
22.040000,3322.268
22.041000,3322.268
22.042000,3324.938
22.043000,3324.938
22.044000,3324.938
22.045000,3324.938
22.046000,3324.938
22.047000,3327.036
22.048000,3327.036
22.049000,3327.036
22.050000,3327.036
22.051000,3320.503
22.052000,3320.503
22.053000,3320.503
22.054000,3320.503
22.055000,3320.503
22.056000,3315.783
22.057000,3315.783
22.058000,3315.783
22.059000,3315.783
22.060000,3315.783
22.061000,3314.066
22.062000,3314.066
22.063000,3314.066
22.064000,3314.066
22.065000,3314.066
22.066000,3317.165
22.067000,3317.165
22.068000,3317.165
22.069000,3317.165
22.070000,3317.165
22.071000,3318.262
22.072000,3318.262
22.073000,3318.262
22.074000,3318.262
22.075000,3318.262
22.076000,3318.501
22.077000,3318.501
22.078000,3318.501
22.079000,3318.501
22.080000,0.000
22.081000,3322.697
22.082000,3322.697
22.083000,3322.697
22.084000,3322.697
22.085000,3322.697
22.086000,3323.317
22.087000,3323.317
22.088000,3323.317
22.089000,3323.317
22.090000,3323.317
22.091000,3318.214
22.092000,3318.214
22.093000,3318.214
22.094000,3318.214
22.095000,3318.214
22.096000,3313.732
22.097000,3313.732
22.098000,3313.732
22.099000,3313.732
22.100000,3313.732
22.101000,3315.783
22.102000,3315.783
22.103000,3315.783
22.104000,3315.783
22.105000,3315.783
22.106000,3319.359
22.107000,3319.359
22.108000,3319.359
22.109000,3319.359
22.110000,3319.359
22.111000,3319.740
22.112000,3319.740
22.113000,3319.740
22.114000,3319.740
22.115000,3326.845
22.116000,3326.845
22.117000,3326.845
22.118000,3326.845
22.119000,3326.845
22.120000,3327.465
22.121000,3327.465
22.122000,3327.465
22.123000,3327.465
22.124000,3327.465
22.125000,3324.175
22.126000,3324.175
22.127000,3324.175
22.128000,3324.175
22.129000,3324.175
22.130000,3323.841
22.131000,3323.841
22.132000,3323.841
22.133000,3323.841
22.134000,3323.841
22.135000,3323.269
22.136000,3323.269
22.137000,3323.269
22.138000,3323.269
22.139000,3323.269
22.140000,3321.123
22.141000,3321.123
22.142000,3321.123
22.143000,3321.123
22.144000,0.000
22.145000,3320.169
22.146000,3320.169
22.147000,3320.169
22.148000,3320.169
22.149000,3320.169
22.150000,3320.169
22.151000,3320.169
22.152000,3320.169
22.153000,3320.169
22.154000,3320.169
22.155000,3328.037
22.156000,3328.037
22.157000,3328.037
22.158000,3328.037
22.159000,3328.037
22.160000,3327.703
22.161000,3327.703
22.162000,3327.703
22.163000,3327.703
22.164000,3327.703
22.165000,3325.653
22.166000,3325.653
22.167000,3325.653
22.168000,3325.653
22.169000,3325.653
22.170000,3323.698
22.171000,3323.698
22.172000,3323.698
22.173000,3323.698
22.174000,3323.698
22.175000,3323.078
22.176000,3323.078
22.177000,3323.078
22.178000,3323.078
22.179000,3459.501
22.180000,3459.501
22.181000,3459.501
22.182000,3459.501
22.183000,3459.501
22.184000,3470.469
22.185000,3470.469
22.186000,3470.469
22.187000,3470.469
22.188000,3470.469
22.189000,3484.869
22.190000,3484.869
22.191000,3484.869
22.192000,3484.869
22.193000,3484.869
22.194000,3490.162
22.195000,3490.162
22.196000,3490.162
22.197000,3490.162
22.198000,3490.162
22.199000,3489.304
22.200000,3489.304
22.201000,3489.304
22.202000,3489.304
22.203000,3489.304
22.204000,3491.783
22.205000,3491.783
22.206000,3491.783
22.207000,3491.783
22.208000,0.000
22.209000,3500.986
22.210000,3500.986
22.211000,3500.986
22.212000,3500.986
22.213000,3500.986
22.214000,3580.046
22.215000,3580.046
22.216000,3580.046
22.217000,3580.046
22.218000,3580.046
22.219000,3580.952
22.220000,3580.952
22.221000,3580.952
22.222000,3580.952
22.223000,3580.952
22.224000,3565.931
22.225000,3565.931
22.226000,3565.931
22.227000,3565.931
22.228000,3565.931
22.229000,3538.990
22.230000,3538.990
22.231000,3538.990
22.232000,3538.990
22.233000,3538.990
22.234000,3535.414
22.235000,3535.414
22.236000,3535.414
22.237000,3535.414
22.238000,3535.414
22.239000,3536.415
22.240000,3536.415
22.241000,3536.415
22.242000,3536.415
22.243000,3374.863
22.244000,3374.863
22.245000,3374.863
22.246000,3374.863
22.247000,3374.863
22.248000,3372.240
22.249000,3372.240
22.250000,3372.240
22.251000,3372.240
22.252000,3372.240
22.253000,3368.902
22.254000,3368.902
22.255000,3368.902
22.256000,3368.902
22.257000,3368.902
22.258000,3351.593
22.259000,3351.593
22.260000,3351.593
22.261000,3351.593
22.262000,3351.593
22.263000,3317.308
22.264000,3317.308
22.265000,3317.308
22.266000,3317.308
22.267000,3317.308
22.268000,3314.161
22.269000,3314.161
22.270000,3314.161
22.271000,3314.161
22.272000,0.000
22.273000,3321.123
22.274000,3321.123
22.275000,3321.123
22.276000,3321.123
22.277000,3321.123
22.278000,0.000
22.279000,0.000
22.280000,0.000
22.281000,0.000
22.282000,0.000
22.283000,3323.030
22.284000,3323.030
22.285000,3323.030
22.286000,3323.030
22.287000,3323.030
22.288000,3321.171
22.289000,3321.171
22.290000,3321.171
22.291000,3321.171
22.292000,3321.171
22.293000,3320.265
22.294000,3320.265
22.295000,3320.265
22.296000,3320.265
22.297000,3320.265
22.298000,3315.496
22.299000,3315.496
22.300000,3315.496
22.301000,3315.496
22.302000,3315.496
22.303000,3315.639
22.304000,3315.639
22.305000,3315.639
22.306000,3315.639
22.307000,3324.080
22.308000,3324.080
22.309000,3324.080
22.310000,3324.080
22.311000,3324.080
22.312000,3321.171
22.313000,3321.171
22.314000,3321.171
22.315000,3321.171
22.316000,3321.171
22.317000,3324.795
22.318000,3324.795
22.319000,3324.795
22.320000,3324.795
22.321000,3324.795
22.322000,3327.799
22.323000,3327.799
22.324000,3327.799
22.325000,3327.799
22.326000,3327.799
22.327000,3326.702
22.328000,3326.702
22.329000,3326.702
22.330000,3326.702
22.331000,3326.702
22.332000,3324.127
22.333000,3324.127
22.334000,3324.127
22.335000,3324.127
22.336000,0.000
22.337000,3321.934
22.338000,3321.934
22.339000,3321.934
22.340000,3321.934
22.341000,3321.934
22.342000,3322.840
22.343000,3322.840
22.344000,3322.840
22.345000,3322.840
22.346000,3322.840
22.347000,3322.029
22.348000,3322.029
22.349000,3322.029
22.350000,3322.029
22.351000,3322.029
22.352000,3323.936
22.353000,3323.936
22.354000,3323.936
22.355000,3323.936
22.356000,3323.936
22.357000,3326.607
22.358000,3326.607
22.359000,3326.607
22.360000,3326.607
22.361000,3326.607
22.362000,3310.490
22.363000,3310.490
22.364000,3310.490
22.365000,3310.490
22.366000,3310.490
22.367000,3282.690
22.368000,3282.690
22.369000,3282.690
22.370000,3282.690
22.371000,3824.520
22.372000,3824.520
22.373000,3824.520
22.374000,3824.520
22.375000,3824.520
22.376000,3880.930
22.377000,3880.930
22.378000,3880.930
22.379000,3880.930
22.380000,3880.930
22.381000,3966.236
22.382000,3966.236
22.383000,3966.236
22.384000,3966.236
22.385000,3966.236
22.386000,4034.185
22.387000,4034.185
22.388000,4034.185
22.389000,4034.185
22.390000,4034.185
22.391000,4137.564
22.392000,4137.564
22.393000,4137.564
22.394000,4137.564
22.395000,4137.564
22.396000,4196.453
22.397000,4196.453
22.398000,4196.453
22.399000,4196.453
22.400000,0.000
22.401000,3489.304
22.402000,3489.304
22.403000,3489.304
22.404000,3489.304
22.405000,3489.304
22.406000,3424.358
22.407000,3424.358
22.408000,3424.358
22.409000,3424.358
22.410000,3424.358
22.411000,3360.701
22.412000,3360.701
22.413000,3360.701
22.414000,3360.701
22.415000,3360.701
22.416000,3262.138
22.417000,3262.138
22.418000,3262.138
22.419000,3262.138
22.420000,3262.138
22.421000,3212.595
22.422000,3212.595
22.423000,3212.595
22.424000,3212.595
22.425000,3212.595
22.426000,3147.650
22.427000,3147.650
22.428000,3147.650
22.429000,3147.650
22.430000,3147.650
22.431000,3137.732
22.432000,3137.732
22.433000,3137.732
22.434000,3137.732
22.435000,3324.318
22.436000,3324.318
22.437000,3324.318
22.438000,3324.318
22.439000,3324.318
22.440000,3320.360
22.441000,3320.360
22.442000,3320.360
22.443000,3320.360
22.444000,3320.360
22.445000,3319.120
22.446000,3319.120
22.447000,3319.120
22.448000,3319.120
22.449000,3319.120
22.450000,3318.834
22.451000,3318.834
22.452000,3318.834
22.453000,3318.834
22.454000,3318.834
22.455000,3315.496
22.456000,3315.496
22.457000,3315.496
22.458000,3315.496
22.459000,3315.496
22.460000,3316.307
22.461000,3316.307
22.462000,3316.307
22.463000,3316.307
22.464000,12.922
22.465000,3323.507
22.466000,3323.507
22.467000,3323.507
22.468000,3323.507
22.469000,3323.507
22.470000,3324.652
22.471000,3324.652
22.472000,3324.652
22.473000,3324.652
22.474000,3324.652
22.475000,3322.744
22.476000,3322.744
22.477000,3322.744
22.478000,3322.744
22.479000,3322.744
22.480000,3319.597
22.481000,3319.597
22.482000,3319.597
22.483000,3319.597
22.484000,3319.597
22.485000,3319.311
22.486000,3319.311
22.487000,3319.311
22.488000,3319.311
22.489000,3319.311
22.490000,3316.307
22.491000,3316.307
22.492000,3316.307
22.493000,3316.307
22.494000,3316.307
22.495000,3314.543
22.496000,3314.543
22.497000,3314.543
22.498000,3314.543
22.499000,3324.032
22.500000,3324.032
22.501000,3324.032
22.502000,3324.032
22.503000,3324.032
22.504000,3323.841
22.505000,3323.841
22.506000,3323.841
22.507000,3323.841
22.508000,3323.841
22.509000,3324.938
22.510000,3324.938
22.511000,3324.938
22.512000,3324.938
22.513000,3324.938
22.514000,3327.513
22.515000,3327.513
22.516000,3327.513
22.517000,3327.513
22.518000,3327.513
22.519000,3326.845
22.520000,3326.845
22.521000,3326.845
22.522000,3326.845
22.523000,3326.845
22.524000,3324.318
22.525000,3324.318
22.526000,3324.318
22.527000,3324.318
22.528000,12.970
22.529000,3320.932
22.530000,3320.932
22.531000,3320.932
22.532000,3320.932
22.533000,3320.932
22.534000,3322.506
22.535000,3322.506
22.536000,3322.506
22.537000,3322.506
22.538000,3322.506
22.539000,3322.554
22.540000,3322.554
22.541000,3322.554
22.542000,3322.554
22.543000,3322.554
22.544000,3322.649
22.545000,3322.649
22.546000,3322.649
22.547000,3322.649
22.548000,3322.649
22.549000,3328.228
22.550000,3328.228
22.551000,3328.228
22.552000,3328.228
22.553000,3328.228
22.554000,3329.039
22.555000,3329.039
22.556000,3329.039
22.557000,3329.039
22.558000,3329.039
22.559000,3323.698
22.560000,3323.698
22.561000,3323.698
22.562000,3323.698
22.563000,3315.306
22.564000,3315.306
22.565000,3315.306
22.566000,3315.306
22.567000,3315.306
22.568000,3314.400
22.569000,3314.400
22.570000,3314.400
22.571000,3314.400
22.572000,3314.400
22.573000,3317.070
22.574000,3317.070
22.575000,3317.070
22.576000,3317.070
22.577000,3317.070
22.578000,3319.073
22.579000,3319.073
22.580000,3319.073
22.581000,3319.073
22.582000,3319.073
22.583000,3320.837
22.584000,3320.837
22.585000,3320.837
22.586000,3320.837
22.587000,3320.837
22.588000,3328.848
22.589000,3328.848
22.590000,3328.848
22.591000,3328.848
22.592000,0.000
22.593000,3323.698
22.594000,3323.698
22.595000,3323.698
22.596000,3323.698
22.597000,3323.698
22.598000,3390.694
22.599000,3390.694
22.600000,3390.694
22.601000,3390.694
22.602000,3390.694
22.603000,3389.454
22.604000,3389.454
22.605000,3389.454
22.606000,3389.454
22.607000,3389.454
22.608000,3399.563
22.609000,3399.563
22.610000,3399.563
22.611000,3399.563
22.612000,3399.563
22.613000,3413.343
22.614000,3413.343
22.615000,3413.343
22.616000,3413.343
22.617000,3413.343
22.618000,3416.538
22.619000,3416.538
22.620000,3416.538
22.621000,3416.538
22.622000,3416.538
22.623000,3417.778
22.624000,3417.778
22.625000,3417.778
22.626000,3417.778
22.627000,3608.942
22.628000,3608.942
22.629000,3608.942
22.630000,3608.942
22.631000,3608.942
22.632000,3617.191
22.633000,3617.191
22.634000,3617.191
22.635000,3617.191
22.636000,3617.191
22.637000,3629.732
22.638000,3629.732
22.639000,3629.732
22.640000,3629.732
22.641000,3629.732
22.642000,3630.114
22.643000,3630.114
22.644000,3630.114
22.645000,3630.114
22.646000,3630.114
22.647000,3629.112
22.648000,3629.112
22.649000,3629.112
22.650000,3629.112
22.651000,3629.112
22.652000,3665.829
22.653000,3665.829
22.654000,3665.829
22.655000,3665.829
22.656000,0.000
22.657000,3696.537
22.658000,3696.537
22.659000,3696.537
22.660000,3696.537
22.661000,3696.537
22.662000,3797.626
22.663000,3797.626
22.664000,3797.626
22.665000,3797.626
22.666000,3797.626
22.667000,3797.102
22.668000,3797.102
22.669000,3797.102
22.670000,3797.102
22.671000,3797.102
22.672000,3796.864
22.673000,3796.864
22.674000,3796.864
22.675000,3796.864
22.676000,3796.864
22.677000,3796.482
22.678000,3796.482
22.679000,3796.482
22.680000,3796.482
22.681000,3796.482
22.682000,3791.809
22.683000,3791.809
22.684000,3791.809
22.685000,3791.809
22.686000,3791.809
22.687000,3791.142
22.688000,3791.142
22.689000,3791.142
22.690000,3791.142
22.691000,3790.474
22.692000,3790.474
22.693000,3790.474
22.694000,3790.474
22.695000,3790.474
22.696000,3793.383
22.697000,3793.383
22.698000,3793.383
22.699000,3793.383
22.700000,3793.383
22.701000,3793.335
22.702000,3793.335
22.703000,3793.335
22.704000,3793.335
22.705000,3793.335
22.706000,3794.003
22.707000,3794.003
22.708000,3794.003
22.709000,3794.003
22.710000,3794.003
22.711000,3747.129
22.712000,3747.129
22.713000,3747.129
22.714000,3747.129
22.715000,3747.129
22.716000,3746.891
22.717000,3746.891
22.718000,3746.891
22.719000,3746.891
22.720000,0.000
22.721000,3722.239
22.722000,3722.239
22.723000,3722.239
22.724000,3722.239
22.725000,3722.239
22.726000,3582.525
22.727000,3582.525
22.728000,3582.525
22.729000,3582.525
22.730000,3582.525
22.731000,3565.598
22.732000,3565.598
22.733000,3565.598
22.734000,3565.598
22.735000,3565.598
22.736000,3539.181
22.737000,3539.181
22.738000,3539.181
22.739000,3539.181
22.740000,3539.181
22.741000,3534.603
22.742000,3534.603
22.743000,3534.603
22.744000,3534.603
22.745000,3534.603
22.746000,3539.181
22.747000,3539.181
22.748000,3539.181
22.749000,3539.181
22.750000,3539.181
22.751000,3532.934
22.752000,3532.934
22.753000,3532.934
22.754000,3532.934
22.755000,0.000
22.756000,0.000
22.757000,0.000
22.758000,0.000
22.759000,0.000
22.760000,3319.979
22.761000,3319.979
22.762000,3319.979
22.763000,3319.979
22.764000,3319.979
22.765000,3316.212
22.766000,3316.212
22.767000,3316.212
22.768000,3316.212
22.769000,3316.212
22.770000,3314.352
22.771000,3314.352
22.772000,3314.352
22.773000,3314.352
22.774000,3314.352
22.775000,3320.169
22.776000,3320.169
22.777000,3320.169
22.778000,3320.169
22.779000,3320.169
22.780000,3320.599
22.781000,3320.599
22.782000,3320.599
22.783000,3320.599
22.784000,0.000
22.785000,3328.323
22.786000,3328.323
22.787000,3328.323
22.788000,3328.323
22.789000,3328.323
22.790000,3320.742
22.791000,3320.742
22.792000,3320.742
22.793000,3320.742
22.794000,3320.742
22.795000,3319.836
22.796000,3319.836
22.797000,3319.836
22.798000,3319.836
22.799000,3319.836
22.800000,3317.165
22.801000,3317.165
22.802000,3317.165
22.803000,3317.165
22.804000,3317.165
22.805000,3314.924
22.806000,3314.924
22.807000,3314.924
22.808000,3314.924
22.809000,3314.924
22.810000,3315.735
22.811000,3315.735
22.812000,3315.735
22.813000,3315.735
22.814000,3315.735
22.815000,3319.454
22.816000,3319.454
22.817000,3319.454
22.818000,3319.454
22.819000,3324.080
22.820000,3324.080
22.821000,3324.080
22.822000,3324.080
22.823000,3324.080
22.824000,3327.036
22.825000,3327.036
22.826000,3327.036
22.827000,3327.036
22.828000,3327.036
22.829000,3325.176
22.830000,3325.176
22.831000,3325.176
22.832000,3325.176
22.833000,3325.176
22.834000,3325.129
22.835000,3325.129
22.836000,3325.129
22.837000,3325.129
22.838000,3325.129
22.839000,3319.073
22.840000,3319.073
22.841000,3319.073
22.842000,3319.073
22.843000,3319.073
22.844000,3315.115
22.845000,3315.115
22.846000,3315.115
22.847000,3315.115
22.848000,0.000
22.849000,3318.691
22.850000,3318.691
22.851000,3318.691
22.852000,3318.691
22.853000,3318.691
22.854000,3321.218
22.855000,3321.218
22.856000,3321.218
22.857000,3321.218
22.858000,3321.218
22.859000,3327.417
22.860000,3327.417
22.861000,3327.417
22.862000,3327.417
22.863000,3327.417
22.864000,3327.656
22.865000,3327.656
22.866000,3327.656
22.867000,3327.656
22.868000,3327.656
22.869000,3324.604
22.870000,3324.604
22.871000,3324.604
22.872000,3324.604
22.873000,3324.604
22.874000,3323.984
22.875000,3323.984
22.876000,3323.984
22.877000,3323.984
22.878000,3323.984
22.879000,3322.744
22.880000,3322.744
22.881000,3322.744
22.882000,3322.744
22.883000,3318.453
22.884000,3318.453
22.885000,3318.453
22.886000,3318.453
22.887000,3318.453
22.888000,3319.788
22.889000,3319.788
22.890000,3319.788
22.891000,3319.788
22.892000,3319.788
22.893000,3319.454
22.894000,3319.454
22.895000,3319.454
22.896000,3319.454
22.897000,3319.454
22.898000,3326.654
22.899000,3326.654
22.900000,3326.654
22.901000,3326.654
22.902000,3326.654
22.903000,3324.318
22.904000,3324.318
22.905000,3324.318
22.906000,3324.318
22.907000,3324.318
22.908000,3324.890
22.909000,3324.890
22.910000,3324.890
22.911000,3324.890
22.912000,0.000
22.913000,3322.554
22.914000,3322.554
22.915000,3322.554
22.916000,3322.554
22.917000,3322.554
22.918000,3316.212
22.919000,3316.212
22.920000,3316.212
22.921000,3316.212
22.922000,3316.212
22.923000,3319.263
22.924000,3319.263
22.925000,3319.263
22.926000,3319.263
22.927000,3319.263
22.928000,3318.787
22.929000,3318.787
22.930000,3318.787
22.931000,3318.787
22.932000,3318.787
22.933000,3319.979
22.934000,3319.979
22.935000,3319.979
22.936000,3319.979
22.937000,3319.979
22.938000,3323.889
22.939000,3323.889
22.940000,3323.889
22.941000,3323.889
22.942000,3323.889
22.943000,3324.938
22.944000,3324.938
22.945000,3324.938
22.946000,3324.938
22.947000,3322.506
22.948000,3322.506
22.949000,3322.506
22.950000,3322.506
22.951000,3322.506
22.952000,3321.362
22.953000,3321.362
22.954000,3321.362
22.955000,3321.362
22.956000,3321.362
22.957000,3320.169
22.958000,3320.169
22.959000,3320.169
22.960000,3320.169
22.961000,3320.169
22.962000,3318.453
22.963000,3318.453
22.964000,3318.453
22.965000,3318.453
22.966000,3318.453
22.967000,3319.311
22.968000,3319.311
22.969000,3319.311
22.970000,3319.311
22.971000,3319.311
22.972000,3320.742
22.973000,3320.742
22.974000,3320.742
22.975000,3320.742
22.976000,0.000
22.977000,3322.983
22.978000,3322.983
22.979000,3322.983
22.980000,3322.983
22.981000,3322.983
22.982000,3324.699
22.983000,3324.699
22.984000,3324.699
22.985000,3324.699
22.986000,3324.699
22.987000,3322.172
22.988000,3322.172
22.989000,3322.172
22.990000,3322.172
22.991000,3322.172
22.992000,3320.122
22.993000,3320.122
22.994000,3320.122
22.995000,3320.122
22.996000,3320.122
22.997000,3320.503
22.998000,3320.503
22.999000,3320.503
23.000000,3320.503
23.001000,3320.503
23.002000,3320.360
23.003000,3320.360
23.004000,3320.360
23.005000,3320.360
23.006000,3320.360
23.007000,3314.447
23.008000,3314.447
23.009000,3314.447
23.010000,3314.447
23.011000,3323.603
23.012000,3323.603
23.013000,3323.603
23.014000,3323.603
23.015000,3323.603
23.016000,3324.699
23.017000,3324.699
23.018000,3324.699
23.019000,3324.699
23.020000,3324.699
23.021000,3323.889
23.022000,3323.889
23.023000,3323.889
23.024000,3323.889
23.025000,3323.889
23.026000,3323.507
23.027000,3323.507
23.028000,3323.507
23.029000,3323.507
23.030000,3323.507
23.031000,3321.552
23.032000,3321.552
23.033000,3321.552
23.034000,3321.552
23.035000,3321.552
23.036000,3320.265
23.037000,3320.265
23.038000,3320.265
23.039000,3320.265
23.040000,0.000
23.041000,3314.734
23.042000,3314.734
23.043000,3314.734
23.044000,3314.734
23.045000,3314.734
23.046000,3321.171
23.047000,3321.171
23.048000,3321.171
23.049000,3321.171
23.050000,3321.171
23.051000,3322.506
23.052000,3322.506
23.053000,3322.506
23.054000,3322.506
23.055000,3322.506
23.056000,3322.077
23.057000,3322.077
23.058000,3322.077
23.059000,3322.077
23.060000,3322.077
23.061000,3326.607
23.062000,3326.607
23.063000,3326.607
23.064000,3326.607
23.065000,3326.607
23.066000,3327.799
23.067000,3327.799
23.068000,3327.799
23.069000,3327.799
23.070000,3327.799
23.071000,3324.890
23.072000,3324.890
23.073000,3324.890
23.074000,3324.890
23.075000,3317.308
23.076000,3317.308
23.077000,3317.308
23.078000,3317.308
23.079000,3317.308
23.080000,3316.069
23.081000,3316.069
23.082000,3316.069
23.083000,3316.069
23.084000,3316.069
23.085000,3321.075
23.086000,3321.075
23.087000,3321.075
23.088000,3321.075
23.089000,3321.075
23.090000,3319.454
23.091000,3319.454
23.092000,3319.454
23.093000,3319.454
23.094000,3319.454
23.095000,3324.699
23.096000,3324.699
23.097000,3324.699
23.098000,3324.699
23.099000,3324.699
23.100000,3328.419
23.101000,3328.419
23.102000,3328.419
23.103000,3328.419
23.104000,0.000
23.105000,3324.938
23.106000,3324.938
23.107000,3324.938
23.108000,3324.938
23.109000,3324.938
23.110000,3317.451
23.111000,3317.451
23.112000,3317.451
23.113000,3317.451
23.114000,3317.451
23.115000,3314.352
23.116000,3314.352
23.117000,3314.352
23.118000,3314.352
23.119000,3314.352
23.120000,3314.924
23.121000,3314.924
23.122000,3314.924
23.123000,3314.924
23.124000,3314.924
23.125000,3318.834
23.126000,3318.834
23.127000,3318.834
23.128000,3318.834
23.129000,3318.834
23.130000,3318.357
23.131000,3318.357
23.132000,3318.357
23.133000,3318.357
23.134000,3318.357
23.135000,3319.263
23.136000,3319.263
23.137000,3319.263
23.138000,3319.263
23.139000,3325.844
23.140000,3325.844
23.141000,3325.844
23.142000,3325.844
23.143000,3325.844
23.144000,3323.078
23.145000,3323.078
23.146000,3323.078
23.147000,3323.078
23.148000,3323.078
23.149000,3320.217
23.150000,3320.217
23.151000,3320.217
23.152000,3320.217
23.153000,3320.217
23.154000,3315.592
23.155000,3315.592
23.156000,3315.592
23.157000,3315.592
23.158000,3315.592
23.159000,3316.498
23.160000,3316.498
23.161000,3316.498
23.162000,3316.498
23.163000,3316.498
23.164000,3320.551
23.165000,3320.551
23.166000,3320.551
23.167000,3320.551
23.168000,0.000
23.169000,3319.693
23.170000,3319.693
23.171000,3319.693
23.172000,3319.693
23.173000,3319.693
23.174000,0.000
23.175000,0.000
23.176000,0.000
23.177000,0.000
23.178000,0.000
23.179000,3325.367
23.180000,3325.367
23.181000,3325.367
23.182000,3325.367
23.183000,3325.367
23.184000,3323.698
23.185000,3323.698
23.186000,3323.698
23.187000,3323.698
23.188000,3323.698
23.189000,3323.126
23.190000,3323.126
23.191000,3323.126
23.192000,3323.126
23.193000,3323.126
23.194000,3321.218
23.195000,3321.218
23.196000,3321.218
23.197000,3321.218
23.198000,3321.218
23.199000,3317.451
23.200000,3317.451
23.201000,3317.451
23.202000,3317.451
23.203000,3318.024
23.204000,3318.024
23.205000,3318.024
23.206000,3318.024
23.207000,3318.024
23.208000,3319.454
23.209000,3319.454
23.210000,3319.454
23.211000,3319.454
23.212000,3319.454
23.213000,3324.890
23.214000,3324.890
23.215000,3324.890
23.216000,3324.890
23.217000,3324.890
23.218000,3323.841
23.219000,3323.841
23.220000,3323.841
23.221000,3323.841
23.222000,3323.841
23.223000,3324.223
23.224000,3324.223
23.225000,3324.223
23.226000,3324.223
23.227000,3324.223
23.228000,3321.362
23.229000,3321.362
23.230000,3321.362
23.231000,3321.362
23.232000,0.000
23.233000,3319.883
23.234000,3319.883
23.235000,3319.883
23.236000,3319.883
23.237000,3319.883
23.238000,3320.360
23.239000,3320.360
23.240000,3320.360
23.241000,3320.360
23.242000,3320.360
23.243000,3319.359
23.244000,3319.359
23.245000,3319.359
23.246000,3319.359
23.247000,3319.359
23.248000,3319.550
23.249000,3319.550
23.250000,3319.550
23.251000,3319.550
23.252000,3319.550
23.253000,3322.506
23.254000,3322.506
23.255000,3322.506
23.256000,3322.506
23.257000,3322.506
23.258000,3323.269
23.259000,3323.269
23.260000,3323.269
23.261000,3323.269
23.262000,3323.269
23.263000,3324.080
23.264000,3324.080
23.265000,3324.080
23.266000,3324.080
23.267000,3320.646
23.268000,3320.646
23.269000,3320.646
23.270000,3320.646
23.271000,3320.646
23.272000,3318.548
23.273000,3318.548
23.274000,3318.548
23.275000,3318.548
23.276000,3318.548
23.277000,3318.453
23.278000,3318.453
23.279000,3318.453
23.280000,3318.453
23.281000,3318.453
23.282000,3318.501
23.283000,3318.501
23.284000,3318.501
23.285000,3318.501
23.286000,3318.501
23.287000,3321.600
23.288000,3321.600
23.289000,3321.600
23.290000,3321.600
23.291000,3321.600
23.292000,3322.887
23.293000,3322.887
23.294000,3322.887
23.295000,3322.887
23.296000,0.000
23.297000,3327.179
23.298000,3327.179
23.299000,3327.179
23.300000,3327.179
23.301000,3327.179
23.302000,3320.503
23.303000,3320.503
23.304000,3320.503
23.305000,3320.503
23.306000,3320.503
23.307000,3319.645
23.308000,3319.645
23.309000,3319.645
23.310000,3319.645
23.311000,3319.645
23.312000,3318.882
23.313000,3318.882
23.314000,3318.882
23.315000,3318.882
23.316000,3318.882
23.317000,3314.924
23.318000,3314.924
23.319000,3314.924
23.320000,3314.924
23.321000,3314.924
23.322000,3315.687
23.323000,3315.687
23.324000,3315.687
23.325000,3315.687
23.326000,3315.687
23.327000,3317.022
23.328000,3317.022
23.329000,3317.022
23.330000,3317.022
23.331000,3323.698
23.332000,3323.698
23.333000,3323.698
23.334000,3323.698
23.335000,3323.698
23.336000,3322.792
23.337000,3322.792
23.338000,3322.792
23.339000,3322.792
23.340000,3322.792
23.341000,3321.838
23.342000,3321.838
23.343000,3321.838
23.344000,3321.838
23.345000,3321.838
23.346000,3321.695
23.347000,3321.695
23.348000,3321.695
23.349000,3321.695
23.350000,3321.695
23.351000,3320.599
23.352000,3320.599
23.353000,3320.599
23.354000,3320.599
23.355000,3320.599
23.356000,3317.308
23.357000,3317.308
23.358000,3317.308
23.359000,3317.308
23.360000,0.000
23.361000,3318.119
23.362000,3318.119
23.363000,3318.119
23.364000,3318.119
23.365000,3318.119
23.366000,3323.460
23.367000,3323.460
23.368000,3323.460
23.369000,3323.460
23.370000,3323.460
23.371000,3326.702
23.372000,3326.702
23.373000,3326.702
23.374000,3326.702
23.375000,3326.702
23.376000,3326.893
23.377000,3326.893
23.378000,3326.893
23.379000,3326.893
23.380000,3326.893
23.381000,3326.559
23.382000,3326.559
23.383000,3326.559
23.384000,3326.559
23.385000,3326.559
23.386000,3324.318
23.387000,3324.318
23.388000,3324.318
23.389000,3324.318
23.390000,3324.318
23.391000,3323.698
23.392000,3323.698
23.393000,3323.698
23.394000,3323.698
23.395000,3315.163
23.396000,3315.163
23.397000,3315.163
23.398000,3315.163
23.399000,3315.163
23.400000,3320.980
23.401000,3320.980
23.402000,3320.980
23.403000,3320.980
23.404000,3320.980
23.405000,3322.744
23.406000,3322.744
23.407000,3322.744
23.408000,3322.744
23.409000,3322.744
23.410000,3328.514
23.411000,3328.514
23.412000,3328.514
23.413000,3328.514
23.414000,3328.514
23.415000,3328.753
23.416000,3328.753
23.417000,3328.753
23.418000,3328.753
23.419000,3328.753
23.420000,3326.607
23.421000,3326.607
23.422000,3326.607
23.423000,3326.607
23.424000,0.000
23.425000,3321.218
23.426000,3321.218
23.427000,3321.218
23.428000,3321.218
23.429000,3321.218
23.430000,3318.596
23.431000,3318.596
23.432000,3318.596
23.433000,3318.596
23.434000,3318.596
23.435000,3318.310
23.436000,3318.310
23.437000,3318.310
23.438000,3318.310
23.439000,3318.310
23.440000,3318.930
23.441000,3318.930
23.442000,3318.930
23.443000,3318.930
23.444000,3318.930
23.445000,3321.218
23.446000,3321.218
23.447000,3321.218
23.448000,3321.218
23.449000,3321.218
23.450000,3322.744
23.451000,3322.744
23.452000,3322.744
23.453000,3322.744
23.454000,3322.744
23.455000,3322.840
23.456000,3322.840
23.457000,3322.840
23.458000,3322.935
23.459000,3314.543
23.460000,3314.543
23.461000,3314.543
23.462000,3314.543
23.463000,3314.543
23.464000,3317.738
23.465000,3317.738
23.466000,3317.738
23.467000,3317.738
23.468000,3317.738
23.469000,3320.885
23.470000,3320.885
23.471000,3320.885
23.472000,3320.885
23.473000,3320.885
23.474000,3320.122
23.475000,3320.122
23.476000,3320.122
23.477000,3320.122
23.478000,3320.122
23.479000,3319.311
23.480000,3319.311
23.481000,3319.311
23.482000,3319.311
23.483000,3319.311
23.484000,3322.268
23.485000,3322.268
23.486000,3322.268
23.487000,3322.268
23.488000,0.000
23.489000,3327.274
23.490000,3327.274
23.491000,3327.274
23.492000,3327.274
23.493000,3327.274
23.494000,3322.411
23.495000,3322.411
23.496000,3322.411
23.497000,3322.411
23.498000,3322.411
23.499000,3320.456
23.500000,3320.456
23.501000,3320.456
23.502000,3320.456
23.503000,3320.456
23.504000,3319.740
23.505000,3319.740
23.506000,3319.740
23.507000,3319.740
23.508000,3319.740
23.509000,3315.592
23.510000,3315.592
23.511000,3315.592
23.512000,3315.592
23.513000,3315.592
23.514000,3316.021
23.515000,3316.021
23.516000,3316.021
23.517000,3316.021
23.518000,3316.021
23.519000,3318.977
23.520000,3318.977
23.521000,3318.977
23.522000,3318.977
23.523000,3326.368
23.524000,3326.368
23.525000,3326.368
23.526000,3326.368
23.527000,3326.368
23.528000,3324.795
23.529000,3324.795
23.530000,3324.795
23.531000,3324.795
23.532000,3324.795
23.533000,3323.603
23.534000,3323.603
23.535000,3323.603
23.536000,3323.603
23.537000,3323.603
23.538000,3322.411
23.539000,3322.411
23.540000,3322.411
23.541000,3322.411
23.542000,3322.411
23.543000,3318.024
23.544000,3318.024
23.545000,3318.024
23.546000,3318.024
23.547000,3318.024
23.548000,3318.310
23.549000,3318.310
23.550000,3318.310
23.551000,3318.310
23.552000,0.000
23.553000,3315.258
23.554000,3315.258
23.555000,3315.258
23.556000,3315.258
23.557000,3315.258
23.558000,3323.030
23.559000,3323.030
23.560000,3323.030
23.561000,3323.030
23.562000,3323.030
23.563000,3324.127
23.564000,3324.127
23.565000,3324.127
23.566000,3324.127
23.567000,3324.127
23.568000,3325.415
23.569000,3325.415
23.570000,3325.415
23.571000,3325.415
23.572000,3325.415
23.573000,3327.560
23.574000,3327.560
23.575000,3327.560
23.576000,3327.560
23.577000,3327.560
23.578000,3325.129
23.579000,3325.129
23.580000,3325.129
23.581000,3325.129
23.582000,3325.129
23.583000,3324.175
23.584000,3324.175
23.585000,3324.175
23.586000,3331.757
23.587000,3319.407
23.588000,3319.407
23.589000,3319.407
23.590000,3319.407
23.591000,3319.407
23.592000,3321.981
23.593000,3321.981
23.594000,3321.981
23.595000,3321.981
23.596000,3321.981
23.597000,3321.457
23.598000,3321.457
23.599000,3321.457
23.600000,3321.457
23.601000,3321.457
23.602000,3320.980
23.603000,3320.980
23.604000,3320.980
23.605000,3320.980
23.606000,3320.980
23.607000,3326.464
23.608000,3326.464
23.609000,3326.464
23.610000,3326.464
23.611000,3326.464
23.612000,3326.321
23.613000,3326.321
23.614000,3326.321
23.615000,3326.321
23.616000,0.000
23.617000,3323.174
23.618000,3323.174
23.619000,3323.174
23.620000,3323.174
23.621000,3323.174
23.622000,3315.544
23.623000,3315.544
23.624000,3315.544
23.625000,3315.544
23.626000,3315.544
23.627000,3313.875
23.628000,3313.875
23.629000,3313.875
23.630000,3313.875
23.631000,3313.875
23.632000,3316.689
23.633000,3316.689
23.634000,3316.689
23.635000,3316.689
23.636000,3316.689
23.637000,3318.691
23.638000,3318.691
23.639000,3318.691
23.640000,3318.691
23.641000,3318.691
23.642000,3317.738
23.643000,3317.738
23.644000,3317.738
23.645000,3317.738
23.646000,3317.738
23.647000,3326.607
23.648000,3326.607
23.649000,3326.607
23.650000,3326.607
23.651000,3320.408
23.652000,3320.408
23.653000,3320.408
23.654000,3320.408
23.655000,3320.408
23.656000,3320.217
23.657000,3320.217
23.658000,3320.217
23.659000,3320.217
23.660000,3320.217
23.661000,3316.021
23.662000,3316.021
23.663000,3316.021
23.664000,3316.021
23.665000,3316.021
23.666000,3313.780
23.667000,3313.780
23.668000,3313.780
23.669000,3313.780
23.670000,3313.780
23.671000,3315.735
23.672000,3315.735
23.673000,3315.735
23.674000,3315.735
23.675000,3315.735
23.676000,3318.024
23.677000,3318.024
23.678000,3318.024
23.679000,3318.024
23.680000,0.000
23.681000,3320.646
23.682000,3320.646
23.683000,3320.646
23.684000,3320.646
23.685000,3320.646
23.686000,0.000
23.687000,0.000
23.688000,0.000
23.689000,0.000
23.690000,0.000
23.691000,3323.984
23.692000,3323.984
23.693000,3323.984
23.694000,3323.984
23.695000,3323.984
23.696000,3323.793
23.697000,3323.793
23.698000,3323.793
23.699000,3323.793
23.700000,3323.793
23.701000,3322.220
23.702000,3322.220
23.703000,3322.220
23.704000,3322.220
23.705000,3322.220
23.706000,3319.788
23.707000,3319.788
23.708000,3319.788
23.709000,3319.788
23.710000,3319.788
23.711000,3317.070
23.712000,3317.070
23.713000,3317.070
23.714000,3317.070
23.715000,3327.417
23.716000,3327.417
23.717000,3327.417
23.718000,3327.417
23.719000,3327.417
23.720000,3324.175
23.721000,3324.175
23.722000,3324.175
23.723000,3324.175
23.724000,3324.175
23.725000,3323.460
23.726000,3323.460
23.727000,3323.460
23.728000,3323.460
23.729000,3323.460
23.730000,3323.030
23.731000,3323.030
23.732000,3323.030
23.733000,3323.030
23.734000,3323.030
23.735000,3323.889
23.736000,3323.889
23.737000,3323.889
23.738000,3323.889
23.739000,3323.889
23.740000,3321.981
23.741000,3321.981
23.742000,3321.981
23.743000,3321.981
23.744000,0.000
23.745000,3319.931
23.746000,3319.931
23.747000,3319.931
23.748000,3319.931
23.749000,3319.931
23.750000,3320.980
23.751000,3320.980
23.752000,3320.980
23.753000,3320.980
23.754000,3320.980
23.755000,3320.646
23.756000,3320.646
23.757000,3320.646
23.758000,3320.646
23.759000,3320.646
23.760000,3321.362
23.761000,3321.362
23.762000,3321.362
23.763000,3321.362
23.764000,3321.362
23.765000,3322.458
23.766000,3322.458
23.767000,3322.458
23.768000,3322.458
23.769000,3322.458
23.770000,3323.221
23.771000,3323.221
23.772000,3323.221
23.773000,3323.221
23.774000,3323.221
23.775000,3322.077
23.776000,3322.077
23.777000,3322.077
23.778000,3322.077
23.779000,3317.642
23.780000,3317.642
23.781000,3317.642
23.782000,3317.642
23.783000,3317.642
23.784000,3319.454
23.785000,3319.454
23.786000,3319.454
23.787000,3319.454
23.788000,3319.454
23.789000,3320.026
23.790000,3320.026
23.791000,3320.026
23.792000,3320.026
23.793000,3320.026
23.794000,3320.885
23.795000,3320.885
23.796000,3320.885
23.797000,3320.885
23.798000,3320.885
23.799000,3321.934
23.800000,3321.934
23.801000,3321.934
23.802000,3321.934
23.803000,3321.934
23.804000,3323.174
23.805000,3323.174
23.806000,3323.174
23.807000,3323.174
23.808000,0.000
23.809000,3324.938
23.810000,3324.938
23.811000,3324.938
23.812000,3324.938
23.813000,3324.938
23.814000,3319.216
23.815000,3319.216
23.816000,3319.216
23.817000,3319.216
23.818000,3319.216
23.819000,3320.265
23.820000,3320.265
23.821000,3320.265
23.822000,3320.265
23.823000,3320.265
23.824000,3315.544
23.825000,3315.544
23.826000,3315.544
23.827000,3315.544
23.828000,3315.544
23.829000,3315.210
23.830000,3315.210
23.831000,3315.210
23.832000,3315.210
23.833000,3315.210
23.834000,3323.221
23.835000,3323.221
23.836000,3323.221
23.837000,3323.221
23.838000,3323.221
23.839000,3322.506
23.840000,3322.506
23.841000,3322.506
23.842000,3322.506
23.843000,3323.650
23.844000,3323.650
23.845000,3323.650
23.846000,3323.650
23.847000,3323.650
23.848000,3323.030
23.849000,3323.030
23.850000,3323.030
23.851000,3323.030
23.852000,3323.030
23.853000,3321.981
23.854000,3321.981
23.855000,3321.981
23.856000,3321.981
23.857000,3321.981
23.858000,3321.457
23.859000,3321.457
23.860000,3321.457
23.861000,3321.457
23.862000,3321.457
23.863000,3319.550
23.864000,3319.550
23.865000,3319.550
23.866000,3319.550
23.867000,3319.550
23.868000,3315.544
23.869000,3315.544
23.870000,3315.544
23.871000,3315.544
23.872000,0.000
23.873000,3318.024
23.874000,3318.024
23.875000,3318.024
23.876000,3318.024
23.877000,3318.024
23.878000,3323.030
23.879000,3323.030
23.880000,3323.030
23.881000,3323.030
23.882000,3323.030
23.883000,3327.036
23.884000,3327.036
23.885000,3327.036
23.886000,3327.036
23.887000,3327.036
23.888000,3326.559
23.889000,3326.559
23.890000,3326.559
23.891000,3326.559
23.892000,3326.559
23.893000,3323.555
23.894000,3323.555
23.895000,3323.555
23.896000,3323.555
23.897000,3323.555
23.898000,3319.263
23.899000,3319.263
23.900000,3319.263
23.901000,3319.263
23.902000,3319.263
23.903000,3315.401
23.904000,3315.401
23.905000,3315.401
23.906000,3315.401
23.907000,3323.650
23.908000,3323.650
23.909000,3323.650
23.910000,3323.650
23.911000,3323.650
23.912000,3326.035
23.913000,3326.035
23.914000,3326.035
23.915000,3326.035
23.916000,3326.035
23.917000,3328.705
23.918000,3328.705
23.919000,3328.705
23.920000,3328.705
23.921000,3328.705
23.922000,3326.225
23.923000,3326.225
23.924000,3326.225
23.925000,3326.225
23.926000,3326.225
23.927000,3324.080
23.928000,3324.080
23.929000,3324.080
23.930000,3324.080
23.931000,3324.080
23.932000,3323.507
23.933000,3323.507
23.934000,3323.507
23.935000,3323.507
23.936000,0.000
23.937000,3322.172
23.938000,3322.172
23.939000,3322.172
23.940000,3322.172
23.941000,3322.172
23.942000,3315.639
23.943000,3315.639
23.944000,3315.639
23.945000,3315.639
23.946000,3315.639
23.947000,3318.834
23.948000,3318.834
23.949000,3318.834
23.950000,3318.834
23.951000,3318.834
23.952000,3319.836
23.953000,3319.836
23.954000,3319.836
23.955000,3319.836
23.956000,3319.836
23.957000,3320.837
23.958000,3320.837
23.959000,3320.837
23.960000,3320.837
23.961000,3320.837
23.962000,3325.081
23.963000,3325.081
23.964000,3325.081
23.965000,3325.081
23.966000,3325.081
23.967000,3324.938
23.968000,3324.938
23.969000,3324.938
23.970000,3324.938
23.971000,3314.257
23.972000,3314.257
23.973000,3314.257
23.974000,3314.257
23.975000,3314.257
23.976000,3314.161
23.977000,3314.161
23.978000,3314.161
23.979000,3314.161
23.980000,3314.161
23.981000,3317.451
23.982000,3317.451
23.983000,3317.451
23.984000,3317.451
23.985000,3317.451
23.986000,3320.456
23.987000,3320.456
23.988000,3320.456
23.989000,3320.456
23.990000,3320.456
23.991000,3319.693
23.992000,3319.693
23.993000,3319.693
23.994000,3319.693
23.995000,3319.693
23.996000,3320.122
23.997000,3320.122
23.998000,3320.122
23.999000,3320.122
24.000000,0.000
24.001000,3322.983
24.002000,3322.983
24.003000,3322.983
24.004000,3322.983
24.005000,3322.983
24.006000,3322.601
24.007000,3322.601
24.008000,3322.601
24.009000,3322.601
24.010000,3322.601
24.011000,3322.172
24.012000,3322.172
24.013000,3322.172
24.014000,3322.172
24.015000,3322.172
24.016000,3318.071
24.017000,3318.071
24.018000,3318.071
24.019000,3318.071
24.020000,3318.071
24.021000,3319.216
24.022000,3319.216
24.023000,3319.216
24.024000,3319.216
24.025000,3319.216
24.026000,3319.788
24.027000,3319.788
24.028000,3319.788
24.029000,3319.788
24.030000,3319.788
24.031000,3318.310
24.032000,3318.310
24.033000,3318.310
24.034000,3318.310
24.035000,0.000
24.036000,0.000
24.037000,0.000
24.038000,0.000
24.039000,0.000
24.040000,3322.220
24.041000,3322.220
24.042000,3322.220
24.043000,3322.220
24.044000,3322.220
24.045000,3320.694
24.046000,3320.694
24.047000,3320.694
24.048000,3320.694
24.049000,3320.694
24.050000,3318.119
24.051000,3318.119
24.052000,3318.119
24.053000,3318.119
24.054000,3318.119
24.055000,3318.501
24.056000,3318.501
24.057000,3318.501
24.058000,3318.501
24.059000,3318.501
24.060000,3320.074
24.061000,3320.074
24.062000,3320.074
24.063000,3320.074
24.064000,0.000
24.065000,3315.067
24.066000,3315.067
24.067000,3315.067
24.068000,3315.067
24.069000,3315.067
24.070000,3324.318
24.071000,3324.318
24.072000,3324.318
24.073000,3324.318
24.074000,3324.318
24.075000,3323.650
24.076000,3323.650
24.077000,3323.650
24.078000,3323.650
24.079000,3323.650
24.080000,3321.791
24.081000,3321.791
24.082000,3321.791
24.083000,3321.791
24.084000,3321.791
24.085000,3321.743
24.086000,3321.743
24.087000,3321.743
24.088000,3321.743
24.089000,3321.743
24.090000,3319.216
24.091000,3319.216
24.092000,3319.216
24.093000,3319.216
24.094000,3319.216
24.095000,3320.026
24.096000,3320.026
24.097000,3320.026
24.098000,3320.026
24.099000,3317.022
24.100000,3317.022
24.101000,3317.022
24.102000,3317.022
24.103000,3317.022
24.104000,3320.885
24.105000,3320.885
24.106000,3320.885
24.107000,3320.885
24.108000,3320.885
24.109000,3322.029
24.110000,3322.029
24.111000,3322.029
24.112000,3322.029
24.113000,3322.029
24.114000,3320.169
24.115000,3320.169
24.116000,3320.169
24.117000,3320.169
24.118000,3320.169
24.119000,3325.367
24.120000,3325.367
24.121000,3325.367
24.122000,3325.367
24.123000,3325.367
24.124000,3326.178
24.125000,3326.178
24.126000,3326.178
24.127000,3326.178
24.128000,0.000
24.129000,3324.127
24.130000,3324.127
24.131000,3324.127
24.132000,3324.127
24.133000,3324.127
24.134000,3314.781
24.135000,3314.781
24.136000,3314.781
24.137000,3314.781
24.138000,3314.781
24.139000,3314.781
24.140000,3314.781
24.141000,3314.781
24.142000,3314.781
24.143000,3314.781
24.144000,3321.838
24.145000,3321.838
24.146000,3321.838
24.147000,3321.838
24.148000,3321.838
24.149000,3322.077
24.150000,3322.077
24.151000,3322.077
24.152000,3322.077
24.153000,3322.077
24.154000,3324.509
24.155000,3324.509
24.156000,3324.509
24.157000,3324.509
24.158000,3324.509
24.159000,3328.371
24.160000,3328.371
24.161000,3328.371
24.162000,3328.371
24.163000,3320.742
24.164000,3320.742
24.165000,3320.742
24.166000,3320.742
24.167000,3320.742
24.168000,3317.499
24.169000,3317.499
24.170000,3317.499
24.171000,3317.499
24.172000,3317.499
24.173000,3315.496
24.174000,3315.496
24.175000,3315.496
24.176000,3315.496
24.177000,3315.496
24.178000,3315.592
24.179000,3315.592
24.180000,3315.592
24.181000,3315.592
24.182000,3315.592
24.183000,3317.976
24.184000,3317.976
24.185000,3317.976
24.186000,3317.976
24.187000,3317.976
24.188000,3319.454
24.189000,3319.454
24.190000,3319.454
24.191000,3319.454
24.192000,0.000
24.193000,3322.506
24.194000,3322.506
24.195000,3322.506
24.196000,3322.506
24.197000,3322.506
24.198000,3324.556
24.199000,3324.556
24.200000,3324.556
24.201000,3324.556
24.202000,3324.556
24.203000,3320.980
24.204000,3320.980
24.205000,3320.980
24.206000,3320.980
24.207000,3320.980
24.208000,3320.742
24.209000,3320.742
24.210000,3320.742
24.211000,3320.742
24.212000,3320.742
24.213000,3313.684
24.214000,3313.684
24.215000,3313.684
24.216000,3313.684
24.217000,3313.684
24.218000,3315.878
24.219000,3315.878
24.220000,3315.878
24.221000,3315.878
24.222000,3315.878
24.223000,3317.404
24.224000,3317.404
24.225000,3317.404
24.226000,3317.404
24.227000,3327.417
24.228000,3327.417
24.229000,3327.417
24.230000,3327.417
24.231000,3327.417
24.232000,3327.179
24.233000,3327.179
24.234000,3327.179
24.235000,3327.179
24.236000,3327.179
24.237000,3324.699
24.238000,3324.699
24.239000,3324.699
24.240000,3324.699
24.241000,3324.699
24.242000,3323.507
24.243000,3323.507
24.244000,3323.507
24.245000,3323.507
24.246000,3323.507
24.247000,3323.126
24.248000,3323.126
24.249000,3323.126
24.250000,3323.126
24.251000,3323.126
24.252000,3321.981
24.253000,3321.981
24.254000,3321.981
24.255000,3321.981
24.256000,0.000
24.257000,3320.789
24.258000,3320.789
24.259000,3320.789
24.260000,3320.789
24.261000,3320.789
24.262000,3319.502
24.263000,3319.502
24.264000,3319.502
24.265000,3319.502
24.266000,3319.502
24.267000,3327.513
24.268000,3327.513
24.269000,3327.513
24.270000,3327.513
24.271000,3327.513
24.272000,3325.844
24.273000,3325.844
24.274000,3325.844
24.275000,3325.844
24.276000,3325.844
24.277000,3325.939
24.278000,3325.939
24.279000,3325.939
24.280000,3325.939
24.281000,3325.939
24.282000,3324.223
24.283000,3324.223
24.284000,3324.223
24.285000,3324.223
24.286000,3324.223
24.287000,3322.172
24.288000,3322.172
24.289000,3322.172
24.290000,3322.172
24.291000,3459.930
24.292000,3459.930
24.293000,3459.930
24.294000,3459.930
24.295000,3459.930
24.296000,3472.853
24.297000,3472.853
24.298000,3472.853
24.299000,3472.853
24.300000,3472.853
24.301000,3487.778
24.302000,3487.778
24.303000,3487.778
24.304000,3487.778
24.305000,3487.778
24.306000,3489.876
24.307000,3489.876
24.308000,3489.876
24.309000,3489.876
24.310000,3489.876
24.311000,3489.637
24.312000,3489.637
24.313000,3489.637
24.314000,3489.637
24.315000,3489.637
24.316000,3493.261
24.317000,3493.261
24.318000,3493.261
24.319000,3493.261
24.320000,0.000
24.321000,3503.990
24.322000,3503.990
24.323000,3503.990
24.324000,3503.990
24.325000,3503.990
24.326000,3576.469
24.327000,3576.469
24.328000,3576.469
24.329000,3576.469
24.330000,3576.469
24.331000,3580.761
24.332000,3580.761
24.333000,3580.761
24.334000,3580.761
24.335000,3580.761
24.336000,3580.284
24.337000,3580.284
24.338000,3580.284
24.339000,3580.284
24.340000,3580.284
24.341000,3560.781
24.342000,3560.781
24.343000,3560.781
24.344000,3560.781
24.345000,3560.781
24.346000,3538.036
24.347000,3538.036
24.348000,3538.036
24.349000,3538.036
24.350000,3538.036
24.351000,3536.749
24.352000,3536.749
24.353000,3536.749
24.354000,3536.749
24.355000,3375.578
24.356000,3375.578
24.357000,3375.578
24.358000,3375.578
24.359000,3375.578
24.360000,3373.003
24.361000,3373.003
24.362000,3373.003
24.363000,3373.003
24.364000,3373.003
24.365000,3371.811
24.366000,3371.811
24.367000,3371.811
24.368000,3371.811
24.369000,3371.811
24.370000,3348.064
24.371000,3348.064
24.372000,3348.064
24.373000,3348.064
24.374000,3348.064
24.375000,3315.878
24.376000,3315.878
24.377000,3315.878
24.378000,3315.878
24.379000,3315.878
24.380000,3314.447
24.381000,3314.447
24.382000,3314.447
24.383000,3314.447
24.384000,0.000
24.385000,3320.074
24.386000,3320.074
24.387000,3320.074
24.388000,3320.074
24.389000,3320.074
24.390000,3322.840
24.391000,3322.840
24.392000,3322.840
24.393000,3322.840
24.394000,3322.840
24.395000,3322.554
24.396000,3322.554
24.397000,3322.554
24.398000,3322.554
24.399000,3322.554
24.400000,3320.837
24.401000,3320.837
24.402000,3320.837
24.403000,3320.837
24.404000,3320.837
24.405000,3318.644
24.406000,3318.644
24.407000,3318.644
24.408000,3318.644
24.409000,3318.644
24.410000,3314.781
24.411000,3314.781
24.412000,3314.781
24.413000,3314.781
24.414000,3314.781
24.415000,3314.686
24.416000,3314.686
24.417000,3314.686
24.418000,3314.686
24.419000,3321.218
24.420000,3321.218
24.421000,3321.218
24.422000,3321.218
24.423000,3321.218
24.424000,3324.938
24.425000,3324.938
24.426000,3324.938
24.427000,3324.938
24.428000,3324.938
24.429000,3328.133
24.430000,3328.133
24.431000,3328.133
24.432000,3328.133
24.433000,3328.133
24.434000,3325.176
24.435000,3325.176
24.436000,3325.176
24.437000,3325.176
24.438000,3325.176
24.439000,3322.744
24.440000,3322.744
24.441000,3322.744
24.442000,3322.744
24.443000,3322.744
24.444000,3322.983
24.445000,3322.983
24.446000,3322.983
24.447000,3322.983
24.448000,1661.491
24.449000,3320.074
24.450000,3320.074
24.451000,3320.074
24.452000,3320.074
24.453000,-50000.000
24.454000,0.000
24.455000,0.000
24.456000,0.000
24.457000,0.000
24.458000,0.000
24.459000,3323.984
24.460000,3323.984
24.461000,3323.984
24.462000,3323.984
24.463000,3323.984
24.464000,3328.800
24.465000,3328.800
24.466000,3328.800
24.467000,3328.800
24.468000,3328.800
24.469000,3307.009
24.470000,3307.009
24.471000,3307.009
24.472000,3307.009
24.473000,3307.009
24.474000,3278.255
24.475000,3278.255
24.476000,3278.255
24.477000,3278.255
24.478000,3278.255
24.479000,3267.574
24.480000,3267.574
24.481000,3267.574
24.482000,3267.574
24.483000,0.000
24.484000,0.000
24.485000,0.000
24.486000,0.000
24.487000,0.000
24.488000,3975.534
24.489000,3975.534
24.490000,3975.534
24.491000,3975.534
24.492000,3975.534
24.493000,4057.217
24.494000,4057.217
24.495000,4057.217
24.496000,4057.217
24.497000,4057.217
24.498000,4147.243
24.499000,4147.243
24.500000,4147.243
24.501000,4147.243
24.502000,4147.243
24.503000,4212.904
24.504000,4212.904
24.505000,4212.904
24.506000,4212.904
24.507000,4212.904
24.508000,4286.194
24.509000,4286.194
24.510000,4286.194
24.511000,4286.194
24.512000,16.975
24.513000,3475.571
24.514000,3475.571
24.515000,3475.571
24.516000,3475.571
24.517000,3475.571
24.518000,3416.634
24.519000,3416.634
24.520000,3416.634
24.521000,3416.634
24.522000,3416.634
24.523000,3339.624
24.524000,3339.624
24.525000,3339.624
24.526000,3339.624
24.527000,3339.624
24.528000,3253.746
24.529000,3253.746
24.530000,3253.746
24.531000,3253.746
24.532000,3253.746
24.533000,3197.432
24.534000,3197.432
24.535000,3197.432
24.536000,3197.432
24.537000,3197.432
24.538000,3142.023
24.539000,3142.023
24.540000,3142.023
24.541000,3142.023
24.542000,3142.023
24.543000,3137.589
24.544000,3137.589
24.545000,3137.589
24.546000,3137.589
24.547000,3321.314
24.548000,3321.314
24.549000,3321.314
24.550000,3321.314
24.551000,3321.314
24.552000,3319.883
24.553000,3319.883
24.554000,3319.883
24.555000,3319.883
24.556000,3319.883
24.557000,3320.885
24.558000,3320.885
24.559000,3320.885
24.560000,3320.885
24.561000,3320.885
24.562000,3316.307
24.563000,3316.307
24.564000,3316.307
24.565000,3316.307
24.566000,3316.307
24.567000,3314.543
24.568000,3314.543
24.569000,3314.543
24.570000,3314.543
24.571000,3314.543
24.572000,3322.649
24.573000,3322.649
24.574000,3322.649
24.575000,3322.649
24.576000,0.000
24.577000,3320.932
24.578000,3320.932
24.579000,3320.932
24.580000,3320.932
24.581000,3320.932
24.582000,3320.265
24.583000,3320.265
24.584000,3320.265
24.585000,3320.265
24.586000,3320.265
24.587000,3316.593
24.588000,3316.593
24.589000,3316.593
24.590000,3316.593
24.591000,3316.593
24.592000,3314.638
24.593000,3314.638
24.594000,3314.638
24.595000,3314.638
24.596000,3314.638
24.597000,3317.165
24.598000,3317.165
24.599000,3317.165
24.600000,3317.165
24.601000,3317.165
24.602000,3319.454
24.603000,3319.454
24.604000,3319.454
24.605000,3319.454
24.606000,3319.454
24.607000,3319.454
24.608000,3319.454
24.609000,3319.454
24.610000,3319.454
24.611000,3326.941
24.612000,3326.941
24.613000,3326.941
24.614000,3326.941
24.615000,3326.941
24.616000,3325.081
24.617000,3325.081
24.618000,3325.081
24.619000,3325.081
24.620000,3325.081
24.621000,3321.934
24.622000,3321.934
24.623000,3321.934
24.624000,3321.934
24.625000,3321.934
24.626000,3321.075
24.627000,3321.075
24.628000,3321.075
24.629000,3321.075
24.630000,3321.075
24.631000,3314.781
24.632000,3314.781
24.633000,3314.781
24.634000,3314.781
24.635000,3314.781
24.636000,3315.353
24.637000,3315.353
24.638000,3315.353
24.639000,3315.353
24.640000,0.000
24.641000,3320.169
24.642000,3320.169
24.643000,3320.169
24.644000,3320.169
24.645000,3320.169
24.646000,0.000
24.647000,0.000
24.648000,0.000
24.649000,0.000
24.650000,0.000
24.651000,3326.988
24.652000,3326.988
24.653000,3326.988
24.654000,3326.988
24.655000,3326.988
24.656000,3322.268
24.657000,3322.268
24.658000,3322.268
24.659000,3322.268
24.660000,3322.268
24.661000,3321.552
24.662000,3321.552
24.663000,3321.552
24.664000,3321.552
24.665000,3321.552
24.666000,3322.649
24.667000,3322.649
24.668000,3322.649
24.669000,3322.649
24.670000,3322.649
24.671000,3322.506
24.672000,3322.506
24.673000,3322.506
24.674000,3322.506
24.675000,0.000
24.676000,0.000
24.677000,0.000
24.678000,0.000
24.679000,0.000
24.680000,3320.503
24.681000,3320.503
24.682000,3320.503
24.683000,3320.503
24.684000,3320.503
24.685000,3326.607
24.686000,3326.607
24.687000,3326.607
24.688000,3326.607
24.689000,3326.607
24.690000,3327.274
24.691000,3327.274
24.692000,3327.274
24.693000,3327.274
24.694000,3327.274
24.695000,3324.890
24.696000,3324.890
24.697000,3324.890
24.698000,3324.890
24.699000,3324.890
24.700000,3323.936
24.701000,3323.936
24.702000,3323.936
24.703000,3323.936
24.704000,0.000
24.705000,3323.126
24.706000,3323.126
24.707000,3323.126
24.708000,3323.126
24.709000,3323.126
24.710000,3400.040
24.711000,3400.040
24.712000,3400.040
24.713000,3400.040
24.714000,3400.040
24.715000,3415.394
24.716000,3415.394
24.717000,3415.394
24.718000,3415.394
24.719000,3415.394
24.720000,3417.778
24.721000,3417.778
24.722000,3417.778
24.723000,3417.778
24.724000,3417.778
24.725000,3419.781
24.726000,3419.781
24.727000,3419.781
24.728000,3419.781
24.729000,3419.781
24.730000,3444.004
24.731000,3444.004
24.732000,3444.004
24.733000,3444.004
24.734000,3444.004
24.735000,3465.319
24.736000,3465.319
24.737000,3465.319
24.738000,3465.319
24.739000,3629.732
24.740000,3629.732
24.741000,3629.732
24.742000,3629.732
24.743000,3629.732
24.744000,3630.018
24.745000,3630.018
24.746000,3630.018
24.747000,3630.018
24.748000,3630.018
24.749000,3670.883
24.750000,3670.883
24.751000,3670.883
24.752000,3670.883
24.753000,3670.883
24.754000,3693.962
24.755000,3693.962
24.756000,3693.962
24.757000,3693.962
24.758000,3693.962
24.759000,3696.489
24.760000,3696.489
24.761000,3696.489
24.762000,3696.489
24.763000,3696.489
24.764000,3699.064
24.765000,3699.064
24.766000,3699.064
24.767000,3699.064
24.768000,0.000
24.769000,3699.064
24.770000,3699.064
24.771000,3699.064
24.772000,3699.064
24.773000,3699.064
24.774000,3794.670
24.775000,3794.670
24.776000,3794.670
24.777000,3794.670
24.778000,3794.670
24.779000,3793.287
24.780000,3793.287
24.781000,3793.287
24.782000,3793.287
24.783000,3793.287
24.784000,3792.000
24.785000,3792.000
24.786000,3792.000
24.787000,3792.000
24.788000,3792.000
24.789000,3792.572
24.790000,3792.572
24.791000,3792.572
24.792000,3792.572
24.793000,3792.572
24.794000,3786.373
24.795000,3786.373
24.796000,3786.373
24.797000,3786.373
24.798000,3786.373
24.799000,3796.625
24.800000,3796.625
24.801000,3796.625
24.802000,3796.625
24.803000,0.000
24.804000,0.000
24.805000,0.000
24.806000,0.000
24.807000,0.000
24.808000,3748.703
24.809000,3748.703
24.810000,3748.703
24.811000,3748.703
24.812000,3748.703
24.813000,3747.988
24.814000,3747.988
24.815000,3747.988
24.816000,3747.988
24.817000,3747.988
24.818000,3746.557
24.819000,3746.557
24.820000,3746.557
24.821000,3746.557
24.822000,3746.557
24.823000,3731.775
24.824000,3731.775
24.825000,3731.775
24.826000,3731.775
24.827000,3731.775
24.828000,3721.142
24.829000,3721.142
24.830000,3721.142
24.831000,3721.142
24.832000,0.000
24.833000,3715.849
24.834000,3715.849
24.835000,3715.849
24.836000,3715.849
24.837000,3715.849
24.838000,3538.179
24.839000,3538.179
24.840000,3538.179
24.841000,3538.179
24.842000,3538.179
24.843000,3536.081
24.844000,3536.081
24.845000,3536.081
24.846000,3536.081
24.847000,3536.081
24.848000,3539.848
24.849000,3539.848
24.850000,3539.848
24.851000,3539.848
24.852000,3539.848
24.853000,3531.456
24.854000,3531.456
24.855000,3531.456
24.856000,3531.456
24.857000,3531.456
24.858000,3516.102
24.859000,3516.102
24.860000,3516.102
24.861000,3516.102
24.862000,3516.102
24.863000,3502.560
24.864000,3502.560
24.865000,3502.560
24.866000,3502.560
24.867000,3314.781
24.868000,3314.781
24.869000,3314.781
24.870000,3314.781
24.871000,3314.781
24.872000,3314.781
24.873000,3314.781
24.874000,3314.781
24.875000,3314.781
24.876000,3314.781
24.877000,3322.554
24.878000,3322.554
24.879000,3322.554
24.880000,3322.554
24.881000,3322.554
24.882000,3324.461
24.883000,3324.461
24.884000,3324.461
24.885000,3324.461
24.886000,3324.461
24.887000,3326.941
24.888000,3326.941
24.889000,3326.941
24.890000,3326.941
24.891000,3326.941
24.892000,3327.560
24.893000,3327.560
24.894000,3327.560
24.895000,3327.560
24.896000,0.000
24.897000,3323.507
24.898000,3323.507
24.899000,3323.507
24.900000,3323.507
24.901000,3323.507
24.902000,0.000
24.903000,0.000
24.904000,0.000
24.905000,0.000
24.906000,0.000
24.907000,3316.927
24.908000,3316.927
24.909000,3316.927
24.910000,3316.927
24.911000,3316.927
24.912000,3320.837
24.913000,3320.837
24.914000,3320.837
24.915000,3320.837
24.916000,3320.837
24.917000,3320.408
24.918000,3320.408
24.919000,3320.408
24.920000,3320.408
24.921000,3320.408
24.922000,3319.550
24.923000,3319.550
24.924000,3319.550
24.925000,3319.550
24.926000,3319.550
24.927000,3322.649
24.928000,3322.649
24.929000,3322.649
24.930000,3322.649
24.931000,3325.176
24.932000,3325.176
24.933000,3325.176
24.934000,3325.176
24.935000,3325.176
24.936000,3319.359
24.937000,3319.359
24.938000,3319.359
24.939000,3319.359
24.940000,3319.359
24.941000,3314.877
24.942000,3314.877
24.943000,3314.877
24.944000,3314.877
24.945000,3314.877
24.946000,3314.781
24.947000,3314.781
24.948000,3314.781
24.949000,3314.781
24.950000,3314.781
24.951000,3316.832
24.952000,3316.832
24.953000,3316.832
24.954000,3316.832
24.955000,3316.832
24.956000,3320.980
24.957000,3320.980
24.958000,3320.980
24.959000,3320.980
24.960000,0.000
24.961000,3322.411
24.962000,3322.411
24.963000,3322.411
24.964000,3322.411
24.965000,3322.411
24.966000,3325.224
24.967000,3325.224
24.968000,3325.224
24.969000,3325.224
24.970000,3325.224
24.971000,3323.460
24.972000,3323.460
24.973000,3323.460
24.974000,3323.460
24.975000,3323.460
24.976000,3322.649
24.977000,3322.649
24.978000,3322.649
24.979000,3322.649
24.980000,3322.649
24.981000,3322.649
24.982000,3322.649
24.983000,3322.649
24.984000,3322.649
24.985000,3322.649
24.986000,3319.883
24.987000,3319.883
24.988000,3319.883
24.989000,3319.883
24.990000,3319.883
24.991000,3320.122
24.992000,3320.122
24.993000,3320.122
24.994000,3320.122
24.995000,3327.417
24.996000,3327.417
24.997000,3327.417
24.998000,3327.417
24.999000,3327.417
25.000000,3328.705
25.001000,3328.705
25.002000,3328.705
25.003000,3328.705
25.004000,3328.705
25.005000,3325.272
25.006000,3325.272
25.007000,3325.272
25.008000,3325.272
25.009000,3325.272
25.010000,3324.556
25.011000,3324.556
25.012000,3324.556
25.013000,3324.556
25.014000,3324.556
25.015000,3324.127
25.016000,3324.127
25.017000,3324.127
25.018000,3324.127
25.019000,3324.127
25.020000,3323.126
25.021000,3323.126
25.022000,3323.126
25.023000,3323.126
25.024000,0.000
25.025000,3321.552
25.026000,3321.552
25.027000,3321.552
25.028000,3321.552
25.029000,3321.552
25.030000,3318.453
25.031000,3318.453
25.032000,3318.453
25.033000,3318.453
25.034000,3318.453
25.035000,3318.834
25.036000,3318.834
25.037000,3318.834
25.038000,3318.834
25.039000,3318.834
25.040000,3321.695
25.041000,3321.695
25.042000,3321.695
25.043000,3321.695
25.044000,3321.695
25.045000,3324.223
25.046000,3324.223
25.047000,3324.223
25.048000,3324.223
25.049000,3324.223
25.050000,3326.368
25.051000,3326.368
25.052000,3326.368
25.053000,3326.368
25.054000,3326.368
25.055000,3328.228
25.056000,3328.228
25.057000,3328.228
25.058000,3328.228
25.059000,3318.357
25.060000,3318.357
25.061000,3318.357
25.062000,3318.357
25.063000,3318.357
25.064000,3321.457
25.065000,3321.457
25.066000,3321.457
25.067000,3321.457
25.068000,3321.457
25.069000,3320.169
25.070000,3320.169
25.071000,3320.169
25.072000,3320.169
25.073000,3320.169
25.074000,3320.456
25.075000,3320.456
25.076000,3320.456
25.077000,3320.456
25.078000,3320.456
25.079000,3321.409
25.080000,3321.409
25.081000,3321.409
25.082000,3321.409
25.083000,3321.409
25.084000,3323.650
25.085000,3323.650
25.086000,3323.650
25.087000,3323.650
25.088000,0.000
25.089000,3327.322
25.090000,3327.322
25.091000,3327.322
25.092000,3327.322
25.093000,3327.322
25.094000,3320.026
25.095000,3320.026
25.096000,3320.026
25.097000,3320.026
25.098000,3320.026
25.099000,3318.834
25.100000,3318.834
25.101000,3318.834
25.102000,3318.834
25.103000,3318.834
25.104000,3316.307
25.105000,3316.307
25.106000,3316.307
25.107000,3316.307
25.108000,3316.307
25.109000,3315.783
25.110000,3315.783
25.111000,3315.783
25.112000,3315.783
25.113000,3315.783
25.114000,3317.833
25.115000,3317.833
25.116000,3317.833
25.117000,3317.833
25.118000,3317.833
25.119000,3318.357
25.120000,3318.357
25.121000,3318.357
25.122000,3318.357
25.123000,3323.936
25.124000,3323.936
25.125000,3323.936
25.126000,3323.936
25.127000,3323.936
25.128000,3321.505
25.129000,3321.505
25.130000,3321.505
25.131000,3321.505
25.132000,3321.505
25.133000,3319.645
25.134000,3319.645
25.135000,3319.645
25.136000,3319.645
25.137000,3319.645
25.138000,3320.885
25.139000,3320.885
25.140000,3320.885
25.141000,3320.885
25.142000,3320.885
25.143000,3315.735
25.144000,3315.735
25.145000,3315.735
25.146000,3315.735
25.147000,3315.735
25.148000,3315.067
25.149000,3315.067
25.150000,3315.067
25.151000,3315.067
25.152000,0.000
25.153000,3320.360
25.154000,3320.360
25.155000,3320.360
25.156000,3320.360
25.157000,3320.360
25.158000,3327.084
25.159000,3327.084
25.160000,3327.084
25.161000,3327.084
25.162000,3327.084
25.163000,3329.325
25.164000,3329.325
25.165000,3329.325
25.166000,3329.325
25.167000,3329.325
25.168000,3324.890
25.169000,3324.890
25.170000,3324.890
25.171000,3324.890
25.172000,3324.890
25.173000,3322.697
25.174000,3322.697
25.175000,3322.697
25.176000,3322.697
25.177000,3322.697
25.178000,3322.411
25.179000,3322.411
25.180000,3322.411
25.181000,3322.411
25.182000,3322.411
25.183000,3321.934
25.184000,3321.934
25.185000,3321.934
25.186000,3321.934
25.187000,3322.315
25.188000,3322.315
25.189000,3322.315
25.190000,3322.315
25.191000,3322.315
25.192000,3324.556
25.193000,3324.556
25.194000,3324.556
25.195000,3324.556
25.196000,3324.556
25.197000,3328.085
25.198000,3328.085
25.199000,3328.085
25.200000,3328.085
25.201000,3328.085
25.202000,3326.464
25.203000,3326.464
25.204000,3326.464
25.205000,3326.464
25.206000,3326.464
25.207000,3324.461
25.208000,3324.461
25.209000,3324.461
25.210000,3324.461
25.211000,3324.461
25.212000,3322.411
25.213000,3322.411
25.214000,3322.411
25.215000,3322.411
25.216000,0.000
25.217000,3321.695
25.218000,3321.695
25.219000,3321.695
25.220000,3321.695
25.221000,3321.695
25.222000,3317.976
25.223000,3317.976
25.224000,3317.976
25.225000,3317.976
25.226000,3317.976
25.227000,3319.454
25.228000,3319.454
25.229000,3319.454
25.230000,3319.454
25.231000,3319.454
25.232000,3320.646
25.233000,3320.646
25.234000,3320.646
25.235000,3320.646
25.236000,3320.646
25.237000,3321.552
25.238000,3321.552
25.239000,3321.552
25.240000,3321.552
25.241000,3321.552
25.242000,3323.364
25.243000,3323.364
25.244000,3323.364
25.245000,3323.364
25.246000,3323.364
25.247000,3323.221
25.248000,3323.221
25.249000,3323.221
25.250000,3330.994
25.251000,3316.021
25.252000,3316.021
25.253000,3316.021
25.254000,3316.021
25.255000,3316.021
25.256000,3319.311
25.257000,3319.311
25.258000,3319.311
25.259000,3319.311
25.260000,3319.311
25.261000,3320.503
25.262000,3320.503
25.263000,3320.503
25.264000,3320.503
25.265000,3320.503
25.266000,3320.313
25.267000,3320.313
25.268000,3320.313
25.269000,3320.313
25.270000,3320.313
25.271000,3320.026
25.272000,3320.026
25.273000,3320.026
25.274000,3320.026
25.275000,3320.026
25.276000,3321.981
25.277000,3321.981
25.278000,3321.981
25.279000,3321.981
25.280000,0.000
25.281000,3325.605
25.282000,3325.605
25.283000,3325.605
25.284000,3325.605
25.285000,3325.605
25.286000,3322.077
25.287000,3322.077
25.288000,3322.077
25.289000,3322.077
25.290000,3322.077
25.291000,3320.885
25.292000,3320.885
25.293000,3320.885
25.294000,3320.885
25.295000,3320.885
25.296000,3321.171
25.297000,3321.171
25.298000,3321.171
25.299000,3321.171
25.300000,3321.171
25.301000,3316.021
25.302000,3316.021
25.303000,3316.021
25.304000,3316.021
25.305000,3316.021
25.306000,3315.496
25.307000,3315.496
25.308000,3315.496
25.309000,3315.496
25.310000,3315.496
25.311000,3323.793
25.312000,3323.793
25.313000,3323.793
25.314000,3323.793
25.315000,3323.221
25.316000,3323.221
25.317000,3323.221
25.318000,3323.221
25.319000,3323.221
25.320000,3322.220
25.321000,3322.220
25.322000,3322.220
25.323000,3322.220
25.324000,3322.220
25.325000,3322.887
25.326000,3322.887
25.327000,3322.887
25.328000,3322.887
25.329000,3322.887
25.330000,3322.029
25.331000,3322.029
25.332000,3322.029
25.333000,3322.029
25.334000,3322.029
25.335000,3320.742
25.336000,3320.742
25.337000,3320.742
25.338000,3320.742
25.339000,3320.742
25.340000,3316.832
25.341000,3316.832
25.342000,3316.832
25.343000,3316.832
25.344000,0.000
25.345000,3314.304
25.346000,3314.304
25.347000,3314.304
25.348000,3314.304
25.349000,3314.304
25.350000,3322.268
25.351000,3322.268
25.352000,3322.268
25.353000,3322.268
25.354000,3322.268
25.355000,3323.841
25.356000,3323.841
25.357000,3323.841
25.358000,3323.841
25.359000,3323.841
25.360000,3325.796
25.361000,3325.796
25.362000,3325.796
25.363000,3325.796
25.364000,3325.796
25.365000,3325.176
25.366000,3325.176
25.367000,3325.176
25.368000,3325.176
25.369000,3325.176
25.370000,3323.698
25.371000,3323.698
25.372000,3323.698
25.373000,3323.698
25.374000,3323.698
25.375000,3319.883
25.376000,3319.883
25.377000,3319.883
25.378000,3319.883
25.379000,3320.265
25.380000,3320.265
25.381000,3320.265
25.382000,3320.265
25.383000,3320.265
25.384000,3323.889
25.385000,3323.889
25.386000,3323.889
25.387000,3323.889
25.388000,3323.889
25.389000,3323.507
25.390000,3323.507
25.391000,3323.507
25.392000,3323.507
25.393000,3323.507
25.394000,3323.650
25.395000,3323.650
25.396000,3323.650
25.397000,3323.650
25.398000,3323.650
25.399000,3323.650
25.400000,3323.650
25.401000,3323.650
25.402000,3323.650
25.403000,3323.650
25.404000,3328.609
25.405000,3328.609
25.406000,3328.609
25.407000,3328.609
25.408000,0.000
25.409000,3323.841
25.410000,3323.841
25.411000,3323.841
25.412000,3323.841
25.413000,3323.841
25.414000,3323.841
25.415000,3323.841
25.416000,3323.841
25.417000,3323.841
25.418000,3323.841
25.419000,3314.686
25.420000,3314.686
25.421000,3314.686
25.422000,3314.686
25.423000,3314.686
25.424000,3318.024
25.425000,3318.024
25.426000,3318.024
25.427000,3318.024
25.428000,3318.024
25.429000,3319.216
25.430000,3319.216
25.431000,3319.216
25.432000,3319.216
25.433000,3319.216
25.434000,3320.122
25.435000,3320.122
25.436000,3320.122
25.437000,3320.122
25.438000,3320.122
25.439000,3325.129
25.440000,3325.129
25.441000,3325.129
25.442000,3325.129
25.443000,3321.791
25.444000,3321.791
25.445000,3321.791
25.446000,3321.791
25.447000,3321.791
25.448000,3315.163
25.449000,3315.163
25.450000,3315.163
25.451000,3315.163
25.452000,3315.163
25.453000,3314.352
25.454000,3314.352
25.455000,3314.352
25.456000,3314.352
25.457000,3314.352
25.458000,3318.119
25.459000,3318.119
25.460000,3318.119
25.461000,3318.119
25.462000,3318.119
25.463000,3321.695
25.464000,3321.695
25.465000,3321.695
25.466000,3321.695
25.467000,3321.695
25.468000,3320.074
25.469000,3320.074
25.470000,3320.074
25.471000,3320.074
25.472000,0.000
25.473000,3324.604
25.474000,3324.604
25.475000,3324.604
25.476000,3324.604
25.477000,3324.604
25.478000,3324.699
25.479000,3324.699
25.480000,3324.699
25.481000,3324.699
25.482000,3324.699
25.483000,3323.030
25.484000,3323.030
25.485000,3323.030
25.486000,3323.030
25.487000,3323.030
25.488000,3321.648
25.489000,3321.648
25.490000,3321.648
25.491000,3321.648
25.492000,3321.648
25.493000,3319.407
25.494000,3319.407
25.495000,3319.407
25.496000,3319.407
25.497000,3319.407
25.498000,3317.642
25.499000,3317.642
25.500000,3317.642
25.501000,3317.642
25.502000,3317.642
25.503000,3318.644
25.504000,3318.644
25.505000,3318.644
25.506000,3318.644
25.507000,3328.514
25.508000,3328.514
25.509000,3328.514
25.510000,3328.514
25.511000,3328.514
25.512000,3327.274
25.513000,3327.274
25.514000,3327.274
25.515000,3327.274
25.516000,3327.274
25.517000,3325.462
25.518000,3325.462
25.519000,3325.462
25.520000,3325.462
25.521000,3325.462
25.522000,3322.935
25.523000,3322.935
25.524000,3322.935
25.525000,3322.935
25.526000,3322.935
25.527000,3321.028
25.528000,3321.028
25.529000,3321.028
25.530000,3321.028
25.531000,3321.028
25.532000,3320.026
25.533000,3320.026
25.534000,3320.026
25.535000,3320.026
25.536000,0.000
25.537000,3320.074
25.538000,3320.074
25.539000,3320.074
25.540000,3320.074
25.541000,3320.074
25.542000,0.000
25.543000,0.000
25.544000,0.000
25.545000,0.000
25.546000,0.000
25.547000,3324.461
25.548000,3324.461
25.549000,3324.461
25.550000,3324.461
25.551000,3324.461
25.552000,3322.029
25.553000,3322.029
25.554000,3322.029
25.555000,3322.029
25.556000,3322.029
25.557000,3319.883
25.558000,3319.883
25.559000,3319.883
25.560000,3319.883
25.561000,3319.883
25.562000,3319.550
25.563000,3319.550
25.564000,3319.550
25.565000,3319.550
25.566000,3319.550
25.567000,3319.836
25.568000,3319.836
25.569000,3319.836
25.570000,3319.836
25.571000,3318.977
25.572000,3318.977
25.573000,3318.977
25.574000,3318.977
25.575000,3318.977
25.576000,3321.362
25.577000,3321.362
25.578000,3321.362
25.579000,3321.362
25.580000,3321.362
25.581000,3324.318
25.582000,3324.318
25.583000,3324.318
25.584000,3324.318
25.585000,3324.318
25.586000,3322.077
25.587000,3322.077
25.588000,3322.077
25.589000,3322.077
25.590000,3322.077
25.591000,3327.131
25.592000,3327.131
25.593000,3327.131
25.594000,3327.131
25.595000,3327.131
25.596000,3328.037
25.597000,3328.037
25.598000,3328.037
25.599000,3328.037
25.600000,0.000
25.601000,3322.840
25.602000,3322.840
25.603000,3322.840
25.604000,3322.840
25.605000,3322.840
25.606000,3317.261
25.607000,3317.261
25.608000,3317.261
25.609000,3317.261
25.610000,3317.261
25.611000,3315.973
25.612000,3315.973
25.613000,3315.973
25.614000,3315.973
25.615000,3315.973
25.616000,3324.032
25.617000,3324.032
25.618000,3324.032
25.619000,3324.032
25.620000,3324.032
25.621000,3322.887
25.622000,3322.887
25.623000,3322.887
25.624000,3322.887
25.625000,3322.887
25.626000,3325.272
25.627000,3325.272
25.628000,3325.272
25.629000,3325.272
25.630000,3325.272
25.631000,3328.466
25.632000,3328.466
25.633000,3328.466
25.634000,3328.466
25.635000,3319.931
25.636000,3319.931
25.637000,3319.931
25.638000,3319.931
25.639000,3319.931
25.640000,3318.739
25.641000,3318.739
25.642000,3318.739
25.643000,3318.739
25.644000,3318.739
25.645000,3313.732
25.646000,3313.732
25.647000,3313.732
25.648000,3313.732
25.649000,3313.732
25.650000,3314.352
25.651000,3314.352
25.652000,3314.352
25.653000,3314.352
25.654000,3314.352
25.655000,3318.262
25.656000,3318.262
25.657000,3318.262
25.658000,3318.262
25.659000,3318.262
25.660000,3320.265
25.661000,3320.265
25.662000,3320.265
25.663000,3320.265
25.664000,0.000
25.665000,3321.218
25.666000,3321.218
25.667000,3321.218
25.668000,3321.218
25.669000,3321.218
25.670000,3322.363
25.671000,3322.363
25.672000,3322.363
25.673000,3322.363
25.674000,3322.363
25.675000,3318.834
25.676000,3318.834
25.677000,3318.834
25.678000,3318.834
25.679000,3318.834
25.680000,3313.971
25.681000,3313.971
25.682000,3313.971
25.683000,3313.971
25.684000,3313.971
25.685000,3314.304
25.686000,3314.304
25.687000,3314.304
25.688000,3314.304
25.689000,3314.304
25.690000,3318.453
25.691000,3318.453
25.692000,3318.453
25.693000,3318.453
25.694000,3318.453
25.695000,3318.977
25.696000,3318.977
25.697000,3318.977
25.698000,3318.977
25.699000,3326.702
25.700000,3326.702
25.701000,3326.702
25.702000,3326.702
25.703000,3326.702
25.704000,3324.318
25.705000,3324.318
25.706000,3324.318
25.707000,3324.318
25.708000,3324.318
25.709000,3323.650
25.710000,3323.650
25.711000,3323.650
25.712000,3323.650
25.713000,3323.650
25.714000,3322.649
25.715000,3322.649
25.716000,3322.649
25.717000,3322.649
25.718000,3322.649
25.719000,3322.744
25.720000,3322.744
25.721000,3322.744
25.722000,3322.744
25.723000,3322.744
25.724000,3320.265
25.725000,3320.265
25.726000,3320.265
25.727000,3320.265
25.728000,0.000
25.729000,3315.735
25.730000,3315.735
25.731000,3315.735
25.732000,3315.735
25.733000,3315.735
25.734000,3327.560
25.735000,3327.560
25.736000,3327.560
25.737000,3327.560
25.738000,3327.560
25.739000,3325.653
25.740000,3325.653
25.741000,3325.653
25.742000,3325.653
25.743000,3325.653
25.744000,3323.889
25.745000,3323.889
25.746000,3323.889
25.747000,3323.889
25.748000,3323.889
25.749000,3323.841
25.750000,3323.841
25.751000,3323.841
25.752000,3323.841
25.753000,3323.841
25.754000,3322.792
25.755000,3322.792
25.756000,3322.792
25.757000,3322.792
25.758000,3322.792
25.759000,3319.836
25.760000,3319.836
25.761000,3319.836
25.762000,3319.836
25.763000,3319.025
25.764000,3319.025
25.765000,3319.025
25.766000,3319.025
25.767000,3319.025
25.768000,3320.122
25.769000,3320.122
25.770000,3320.122
25.771000,3320.122
25.772000,3320.122
25.773000,3322.506
25.774000,3322.506
25.775000,3322.506
25.776000,3322.506
25.777000,3322.506
25.778000,3320.599
25.779000,3320.599
25.780000,3320.599
25.781000,3320.599
25.782000,3320.599
25.783000,3323.364
25.784000,3323.364
25.785000,3323.364
25.786000,3323.364
25.787000,3323.364
25.788000,3327.370
25.789000,3327.370
25.790000,3327.370
25.791000,3327.370
25.792000,0.000
25.793000,3324.699
25.794000,3324.699
25.795000,3324.699
25.796000,3324.699
25.797000,-200000.000
25.798000,3319.693
25.799000,3319.693
25.800000,3319.693
25.801000,3319.693
25.802000,3319.693
25.803000,3319.168
25.804000,3319.168
25.805000,3319.168
25.806000,3319.168
25.807000,3319.168
25.808000,3321.314
25.809000,3321.314
25.810000,3321.314
25.811000,3321.314
25.812000,3321.314
25.813000,3323.317
25.814000,3323.317
25.815000,3323.317
25.816000,3323.317
25.817000,3323.317
25.818000,3324.032
25.819000,3324.032
25.820000,3324.032
25.821000,3324.032
25.822000,3324.032
25.823000,3328.753
25.824000,3328.753
25.825000,3328.753
25.826000,3328.753
25.827000,0.000
25.828000,0.000
25.829000,0.000
25.830000,0.000
25.831000,0.000
25.832000,3316.927
25.833000,3316.927
25.834000,3316.927
25.835000,3316.927
25.836000,3316.927
25.837000,3314.972
25.838000,3314.972
25.839000,3314.972
25.840000,3314.972
25.841000,3314.972
25.842000,3315.401
25.843000,3315.401
25.844000,3315.401
25.845000,3315.401
25.846000,3315.401
25.847000,3318.453
25.848000,3318.453
25.849000,3318.453
25.850000,3318.453
25.851000,3318.453
25.852000,3319.597
25.853000,3319.597
25.854000,3319.597
25.855000,3319.597
25.856000,0.000
25.857000,0.000
25.858000,0.000
25.859000,0.000
25.860000,0.000
25.861000,0.000
25.862000,3319.550
25.863000,3319.550
25.864000,3319.550
25.865000,3319.550
25.866000,3319.550
25.867000,3315.163
25.868000,3315.163
25.869000,3315.163
25.870000,3315.163
25.871000,3315.163
25.872000,3313.684
25.873000,3313.684
25.874000,3313.684
25.875000,3313.684
25.876000,3313.684
25.877000,3314.066
25.878000,3314.066
25.879000,3314.066
25.880000,3314.066
25.881000,3314.066
25.882000,3317.308
25.883000,3317.308
25.884000,3317.308
25.885000,3317.308
25.886000,3317.308
25.887000,3319.693
25.888000,3319.693
25.889000,3319.693
25.890000,3319.693
25.891000,3325.176
25.892000,3325.176
25.893000,3325.176
25.894000,3325.176
25.895000,3325.176
25.896000,3324.413
25.897000,3324.413
25.898000,3324.413
25.899000,3324.413
25.900000,3324.413
25.901000,3323.507
25.902000,3323.507
25.903000,3323.507
25.904000,3323.507
25.905000,3323.507
25.906000,3322.554
25.907000,3322.554
25.908000,3322.554
25.909000,3322.554
25.910000,3322.554
25.911000,3319.645
25.912000,3319.645
25.913000,3319.645
25.914000,3319.645
25.915000,3319.645
25.916000,3318.119
25.917000,3318.119
25.918000,3318.119
25.919000,3318.119
25.920000,1659.060
25.921000,3321.028
25.922000,3321.028
25.923000,3321.028
25.924000,3321.028
25.925000,3321.028
25.926000,3326.845
25.927000,3326.845
25.928000,3326.845
25.929000,3326.845
25.930000,3326.845
25.931000,3324.413
25.932000,3324.413
25.933000,3324.413
25.934000,3324.413
25.935000,3324.413
25.936000,3323.841
25.937000,3323.841
25.938000,3323.841
25.939000,3323.841
25.940000,3323.841
25.941000,3323.269
25.942000,3323.269
25.943000,3323.269
25.944000,3323.269
25.945000,3323.269
25.946000,3322.792
25.947000,3322.792
25.948000,3322.792
25.949000,3322.792
25.950000,3322.792
25.951000,3321.552
25.952000,3321.552
25.953000,3321.552
25.954000,3321.552
25.955000,0.000
25.956000,0.000
25.957000,0.000
25.958000,0.000
25.959000,0.000
25.960000,3322.411
25.961000,3322.411
25.962000,3322.411
25.963000,3322.411
25.964000,3322.411
25.965000,3323.221
25.966000,3323.221
25.967000,3323.221
25.968000,3323.221
25.969000,3323.221
25.970000,3323.746
25.971000,3323.746
25.972000,3323.746
25.973000,3323.746
25.974000,3323.746
25.975000,3322.315
25.976000,3322.315
25.977000,3322.315
25.978000,3322.315
25.979000,3322.315
25.980000,3320.217
25.981000,3320.217
25.982000,3320.217
25.983000,3320.217
25.984000,0.000
25.985000,3318.834
25.986000,3318.834
25.987000,3318.834
25.988000,3318.834
25.989000,3318.834
25.990000,0.000
25.991000,0.000
25.992000,0.000
25.993000,0.000
25.994000,0.000
25.995000,3321.171
25.996000,3321.171
25.997000,3321.171
25.998000,3321.171
25.999000,3321.171
26.000000,3320.932
26.001000,3320.932
26.002000,3320.932
26.003000,3320.932
26.004000,3320.932
26.005000,3320.169
26.006000,3320.169
26.007000,3320.169
26.008000,3320.169
26.009000,3320.169
26.010000,3325.033
26.011000,3325.033
26.012000,3325.033
26.013000,3325.033
26.014000,3325.033
26.015000,3326.321
26.016000,3326.321
26.017000,3326.321
26.018000,3326.321
26.019000,3318.787
26.020000,3318.787
26.021000,3318.787
26.022000,3318.787
26.023000,3318.787
26.024000,3319.311
26.025000,3319.311
26.026000,3319.311
26.027000,3319.311
26.028000,3319.311
26.029000,3314.543
26.030000,3314.543
26.031000,3314.543
26.032000,3314.543
26.033000,3314.543
26.034000,3314.543
26.035000,3314.543
26.036000,3314.543
26.037000,3314.543
26.038000,3314.543
26.039000,3322.315
26.040000,3322.315
26.041000,3322.315
26.042000,3322.315
26.043000,3322.315
26.044000,3321.600
26.045000,3321.600
26.046000,3321.600
26.047000,3321.600
26.048000,0.000
26.049000,3327.608
26.050000,3327.608
26.051000,3327.608
26.052000,3327.608
26.053000,3327.608
26.054000,0.000
26.055000,0.000
26.056000,0.000
26.057000,0.000
26.058000,0.000
26.059000,3318.596
26.060000,3318.596
26.061000,3318.596
26.062000,3318.596
26.063000,3318.596
26.064000,3315.878
26.065000,3315.878
26.066000,3315.878
26.067000,3315.878
26.068000,3315.878
26.069000,3317.404
26.070000,3317.404
26.071000,3317.404
26.072000,3317.404
26.073000,3317.404
26.074000,3319.693
26.075000,3319.693
26.076000,3319.693
26.077000,3319.693
26.078000,3319.693
26.079000,3318.930
26.080000,3318.930
26.081000,3318.930
26.082000,3318.930
26.083000,3330.040
26.084000,3330.040
26.085000,3330.040
26.086000,3330.040
26.087000,3330.040
26.088000,3326.368
26.089000,3326.368
26.090000,3326.368
26.091000,3326.368
26.092000,3326.368
26.093000,3325.033
26.094000,3325.033
26.095000,3325.033
26.096000,3325.033
26.097000,3325.033
26.098000,3319.311
26.099000,3319.311
26.100000,3319.311
26.101000,3319.311
26.102000,3319.311
26.103000,3315.115
26.104000,3315.115
26.105000,3315.115
26.106000,3315.115
26.107000,3315.115
26.108000,3314.114
26.109000,3314.114
26.110000,3314.114
26.111000,3314.114
26.112000,0.000
26.113000,3317.642
26.114000,3317.642
26.115000,3317.642
26.116000,3317.642
26.117000,3317.642
26.118000,3327.560
26.119000,3327.560
26.120000,3327.560
26.121000,3327.560
26.122000,3327.560
26.123000,3325.891
26.124000,3325.891
26.125000,3325.891
26.126000,3325.891
26.127000,3325.891
26.128000,3325.605
26.129000,3325.605
26.130000,3325.605
26.131000,3325.605
26.132000,3325.605
26.133000,3324.366
26.134000,3324.366
26.135000,3324.366
26.136000,3324.366
26.137000,3324.366
26.138000,3322.029
26.139000,3322.029
26.140000,3322.029
26.141000,3322.029
26.142000,3322.029
26.143000,3321.552
26.144000,3321.552
26.145000,3321.552
26.146000,3321.552
26.147000,3318.453
26.148000,3318.453
26.149000,3318.453
26.150000,3318.453
26.151000,3318.453
26.152000,3319.073
26.153000,3319.073
26.154000,3319.073
26.155000,3319.073
26.156000,3319.073
26.157000,3325.796
26.158000,3325.796
26.159000,3325.796
26.160000,3325.796
26.161000,3325.796
26.162000,3327.513
26.163000,3327.513
26.164000,3327.513
26.165000,3327.513
26.166000,3327.513
26.167000,3324.795
26.168000,3324.795
26.169000,3324.795
26.170000,3324.795
26.171000,3324.795
26.172000,3324.175
26.173000,3324.175
26.174000,3324.175
26.175000,3324.175
26.176000,0.000
26.177000,3320.932
26.178000,3320.932
26.179000,3320.932
26.180000,3320.932
26.181000,3320.932
26.182000,3315.544
26.183000,3315.544
26.184000,3315.544
26.185000,3315.544
26.186000,3315.544
26.187000,3318.214
26.188000,3318.214
26.189000,3318.214
26.190000,3318.214
26.191000,3318.214
26.192000,3318.214
26.193000,3318.214
26.194000,3318.214
26.195000,3318.214
26.196000,3318.214
26.197000,3318.024
26.198000,3318.024
26.199000,3318.024
26.200000,3318.024
26.201000,3318.024
26.202000,3321.409
26.203000,3321.409
26.204000,3321.409
26.205000,3321.409
26.206000,3321.409
26.207000,3321.791
26.208000,3321.791
26.209000,3321.791
26.210000,3321.791
26.211000,3320.789
26.212000,3320.789
26.213000,3320.789
26.214000,3320.789
26.215000,3320.789
26.216000,3319.168
26.217000,3319.168
26.218000,3319.168
26.219000,3319.168
26.220000,3319.168
26.221000,3318.071
26.222000,3318.071
26.223000,3318.071
26.224000,3318.071
26.225000,3318.071
26.226000,3318.644
26.227000,3318.644
26.228000,3318.644
26.229000,3318.644
26.230000,3318.644
26.231000,3320.026
26.232000,3320.026
26.233000,3320.026
26.234000,3320.026
26.235000,3320.026
26.236000,3321.314
26.237000,3321.314
26.238000,3321.314
26.239000,3321.314
26.240000,0.000
26.241000,3323.698
26.242000,3323.698
26.243000,3323.698
26.244000,3323.698
26.245000,3323.698
26.246000,3321.648
26.247000,3321.648
26.248000,3321.648
26.249000,3321.648
26.250000,3321.648
26.251000,3320.599
26.252000,3320.599
26.253000,3320.599
26.254000,3320.599
26.255000,3320.599
26.256000,3320.599
26.257000,3320.599
26.258000,3320.599
26.259000,3320.599
26.260000,3320.599
26.261000,3319.359
26.262000,3319.359
26.263000,3319.359
26.264000,3319.359
26.265000,3319.359
26.266000,3315.306
26.267000,3315.306
26.268000,3315.306
26.269000,3315.306
26.270000,3315.306
26.271000,3314.924
26.272000,3314.924
26.273000,3314.924
26.274000,3314.924
26.275000,3321.934
26.276000,3321.934
26.277000,3321.934
26.278000,3321.934
26.279000,3321.934
26.280000,3322.268
26.281000,3322.268
26.282000,3322.268
26.283000,3322.268
26.284000,3322.268
26.285000,3321.457
26.286000,3321.457
26.287000,3321.457
26.288000,3321.457
26.289000,3321.457
26.290000,3320.122
26.291000,3320.122
26.292000,3320.122
26.293000,3320.122
26.294000,3320.122
26.295000,3318.739
26.296000,3318.739
26.297000,3318.739
26.298000,3318.739
26.299000,3318.739
26.300000,3318.501
26.301000,3318.501
26.302000,3318.501
26.303000,3318.501
26.304000,0.000
26.305000,3314.590
26.306000,3314.590
26.307000,3314.590
26.308000,3314.590
26.309000,3314.590
26.310000,0.000
26.311000,0.000
26.312000,0.000
26.313000,0.000
26.314000,0.000
26.315000,3322.506
26.316000,3322.506
26.317000,3322.506
26.318000,3322.506
26.319000,3322.506
26.320000,3328.037
26.321000,3328.037
26.322000,3328.037
26.323000,3328.037
26.324000,3328.037
26.325000,3328.705
26.326000,3328.705
26.327000,3328.705
26.328000,3328.705
26.329000,3328.705
26.330000,3325.367
26.331000,3325.367
26.332000,3325.367
26.333000,3325.367
26.334000,3325.367
26.335000,3324.413
26.336000,3324.413
26.337000,3324.413
26.338000,3324.413
26.339000,3314.638
26.340000,3314.638
26.341000,3314.638
26.342000,3314.638
26.343000,3314.638
26.344000,3320.456
26.345000,3320.456
26.346000,3320.456
26.347000,3320.456
26.348000,3320.456
26.349000,3321.838
26.350000,3321.838
26.351000,3321.838
26.352000,3321.838
26.353000,3321.838
26.354000,3320.360
26.355000,3320.360
26.356000,3320.360
26.357000,3320.360
26.358000,3320.360
26.359000,3323.126
26.360000,3323.126
26.361000,3323.126
26.362000,3323.126
26.363000,3323.126
26.364000,3327.799
26.365000,3327.799
26.366000,3327.799
26.367000,3327.799
26.368000,0.000
26.369000,3323.221
26.370000,3323.221
26.371000,3323.221
26.372000,3323.221
26.373000,3323.221
26.374000,3316.975
26.375000,3316.975
26.376000,3316.975
26.377000,3316.975
26.378000,3316.975
26.379000,3313.208
26.380000,3313.208
26.381000,3313.208
26.382000,3313.208
26.383000,3313.208
26.384000,3315.639
26.385000,3315.639
26.386000,3315.639
26.387000,3315.639
26.388000,3315.639
26.389000,3320.408
26.390000,3320.408
26.391000,3320.408
26.392000,3320.408
26.393000,3320.408
26.394000,3319.311
26.395000,3319.311
26.396000,3319.311
26.397000,3319.311
26.398000,3319.311
26.399000,3318.119
26.400000,3318.119
26.401000,3318.119
26.402000,3318.119
26.403000,3513.718
26.404000,3513.718
26.405000,3513.718
26.406000,3513.718
26.407000,3513.718
26.408000,3522.110
26.409000,3522.110
26.410000,3522.110
26.411000,3522.110
26.412000,3522.110
26.413000,3526.068
26.414000,3526.068
26.415000,3526.068
26.416000,3526.068
26.417000,3526.068
26.418000,3528.500
26.419000,3528.500
26.420000,3528.500
26.421000,3528.500
26.422000,3528.500
26.423000,3534.031
26.424000,3534.031
26.425000,3534.031
26.426000,3534.031
26.427000,3534.031
26.428000,3560.781
26.429000,3560.781
26.430000,3560.781
26.431000,3560.781
26.432000,0.000
26.433000,3584.385
26.434000,3584.385
26.435000,3584.385
26.436000,3584.385
26.437000,3584.385
26.438000,3514.576
26.439000,3514.576
26.440000,3514.576
26.441000,3514.576
26.442000,3514.576
26.443000,3512.621
26.444000,3512.621
26.445000,3512.621
26.446000,3512.621
26.447000,3512.621
26.448000,3511.381
26.449000,3511.381
26.450000,3511.381
26.451000,3511.381
26.452000,3511.381
26.453000,3510.284
26.454000,3510.284
26.455000,3510.284
26.456000,3510.284
26.457000,3510.284
26.458000,3497.028
26.459000,3497.028
26.460000,3497.028
26.461000,3497.028
26.462000,3497.028
26.463000,3487.730
26.464000,3487.730
26.465000,3487.730
26.466000,3487.730
26.467000,3319.550
26.468000,3319.550
26.469000,3319.550
26.470000,3319.550
26.471000,3319.550
26.472000,3327.560
26.473000,3327.560
26.474000,3327.560
26.475000,3327.560
26.476000,3327.560
26.477000,3323.221
26.478000,3323.221
26.479000,3323.221
26.480000,3323.221
26.481000,3323.221
26.482000,3322.029
26.483000,3322.029
26.484000,3322.029
26.485000,3322.029
26.486000,3322.029
26.487000,3322.506
26.488000,3322.506
26.489000,3322.506
26.490000,3322.506
26.491000,3322.506
26.492000,3321.552
26.493000,3321.552
26.494000,3321.552
26.495000,3321.552
26.496000,0.000
26.497000,3320.742
26.498000,3320.742
26.499000,3320.742
26.500000,3320.742
26.501000,3320.742
26.502000,3319.216
26.503000,3319.216
26.504000,3319.216
26.505000,3319.216
26.506000,3319.216
26.507000,3320.742
26.508000,3320.742
26.509000,3320.742
26.510000,3320.742
26.511000,3320.742
26.512000,3320.551
26.513000,3320.551
26.514000,3320.551
26.515000,3320.551
26.516000,3320.551
26.517000,3321.362
26.518000,3321.362
26.519000,3321.362
26.520000,3321.362
26.521000,3321.362
26.522000,3324.890
26.523000,3324.890
26.524000,3324.890
26.525000,3324.890
26.526000,3324.890
26.527000,3327.179
26.528000,3327.179
26.529000,3327.179
26.530000,3327.179
26.531000,3317.547
26.532000,3317.547
26.533000,3317.547
26.534000,3317.547
26.535000,3317.547
26.536000,3316.689
26.537000,3316.689
26.538000,3316.689
26.539000,3316.689
26.540000,3316.689
26.541000,3316.402
26.542000,3316.402
26.543000,3316.402
26.544000,3316.402
26.545000,3316.402
26.546000,3318.262
26.547000,3318.262
26.548000,3318.262
26.549000,3318.262
26.550000,3318.262
26.551000,3320.551
26.552000,3320.551
26.553000,3320.551
26.554000,3320.551
26.555000,3320.551
26.556000,3321.791
26.557000,3321.791
26.558000,3321.791
26.559000,3321.791
26.560000,0.000
26.561000,3327.179
26.562000,3327.179
26.563000,3327.179
26.564000,3327.179
26.565000,3327.179
26.566000,3237.867
26.567000,3237.867
26.568000,3237.867
26.569000,3237.867
26.570000,3237.867
26.571000,3227.758
26.572000,3227.758
26.573000,3227.758
26.574000,3227.758
26.575000,3227.758
26.576000,3228.235
26.577000,3228.235
26.578000,3228.235
26.579000,3228.235
26.580000,3228.235
26.581000,3220.654
26.582000,3220.654
26.583000,3220.654
26.584000,3220.654
26.585000,3220.654
26.586000,3195.715
26.587000,3195.715
26.588000,3195.715
26.589000,3195.715
26.590000,3195.715
26.591000,3178.263
26.592000,3178.263
26.593000,3178.263
26.594000,3178.263
26.595000,4666.710
26.596000,4666.710
26.597000,4666.710
26.598000,4666.710
26.599000,4666.710
26.600000,4756.689
26.601000,4756.689
26.602000,4756.689
26.603000,4756.689
26.604000,4756.689
26.605000,4815.054
26.606000,4815.054
26.607000,4815.054
26.608000,4815.054
26.609000,4815.054
26.610000,4724.264
26.611000,4724.264
26.612000,4724.264
26.613000,4724.264
26.614000,4724.264
26.615000,4652.452
26.616000,4652.452
26.617000,4652.452
26.618000,4652.452
26.619000,4652.452
26.620000,4577.446
26.621000,4577.446
26.622000,4577.446
26.623000,4577.446
26.624000,0.000
26.625000,4440.260
26.626000,4440.260
26.627000,4440.260
26.628000,4440.260
26.629000,4440.260
26.630000,3155.518
26.631000,3155.518
26.632000,3155.518
26.633000,3155.518
26.634000,3155.518
26.635000,3164.721
26.636000,3164.721
26.637000,3164.721
26.638000,3164.721
26.639000,3164.721
26.640000,3177.881
26.641000,3177.881
26.642000,3177.881
26.643000,3177.881
26.644000,3177.881
26.645000,3187.561
26.646000,3187.561
26.647000,3187.561
26.648000,3187.561
26.649000,3187.561
26.650000,3211.641
26.651000,3211.641
26.652000,3211.641
26.653000,3211.641
26.654000,3211.641
26.655000,3227.663
26.656000,3227.663
26.657000,3227.663
26.658000,3228.712
26.659000,3322.315
26.660000,3322.315
26.661000,3322.315
26.662000,3322.315
26.663000,3322.315
26.664000,3324.175
26.665000,3324.175
26.666000,3324.175
26.667000,3324.175
26.668000,3324.175
26.669000,3328.228
26.670000,3328.228
26.671000,3328.228
26.672000,3328.228
26.673000,3328.228
26.674000,3326.607
26.675000,3326.607
26.676000,3326.607
26.677000,3326.607
26.678000,3326.607
26.679000,3323.603
26.680000,3323.603
26.681000,3323.603
26.682000,3323.603
26.683000,3323.603
26.684000,3321.505
26.685000,3321.505
26.686000,3321.505
26.687000,3321.505
26.688000,0.000
26.689000,3320.694
26.690000,3320.694
26.691000,3320.694
26.692000,3320.694
26.693000,3320.694
26.694000,3315.830
26.695000,3315.830
26.696000,3315.830
26.697000,3315.830
26.698000,3315.830
26.699000,3316.069
26.700000,3316.069
26.701000,3316.069
26.702000,3316.069
26.703000,3316.069
26.704000,3319.645
26.705000,3319.645
26.706000,3319.645
26.707000,3319.645
26.708000,3319.645
26.709000,3320.837
26.710000,3320.837
26.711000,3320.837
26.712000,3320.837
26.713000,3320.837
26.714000,3322.029
26.715000,3322.029
26.716000,3322.029
26.717000,3322.029
26.718000,3322.029
26.719000,3323.030
26.720000,3323.030
26.721000,3323.030
26.722000,3331.757
26.723000,3315.926
26.724000,3315.926
26.725000,3315.926
26.726000,3315.926
26.727000,3315.926
26.728000,3317.738
26.729000,3317.738
26.730000,3317.738
26.731000,3317.738
26.732000,3317.738
26.733000,3318.691
26.734000,3318.691
26.735000,3318.691
26.736000,3318.691
26.737000,3318.691
26.738000,3319.454
26.739000,3319.454
26.740000,3319.454
26.741000,3319.454
26.742000,3319.454
26.743000,3321.791
26.744000,3321.791
26.745000,3321.791
26.746000,3321.791
26.747000,3321.791
26.748000,3321.791
26.749000,3321.791
26.750000,3321.791
26.751000,3321.791
26.752000,0.000
26.753000,3326.893
26.754000,3326.893
26.755000,3326.893
26.756000,3326.893
26.757000,3326.893
26.758000,3319.931
26.759000,3319.931
26.760000,3319.931
26.761000,3319.931
26.762000,3319.931
26.763000,3318.691
26.764000,3318.691
26.765000,3318.691
26.766000,3318.691
26.767000,3318.691
26.768000,3320.217
26.769000,3320.217
26.770000,3320.217
26.771000,3320.217
26.772000,3320.217
26.773000,3315.020
26.774000,3315.020
26.775000,3315.020
26.776000,3315.020
26.777000,3315.020
26.778000,3315.687
26.779000,3315.687
26.780000,3315.687
26.781000,3315.687
26.782000,3315.687
26.783000,3322.363
26.784000,3322.363
26.785000,3322.363
26.786000,3322.363
26.787000,3323.078
26.788000,3323.078
26.789000,3323.078
26.790000,3323.078
26.791000,3323.078
26.792000,3323.221
26.793000,3323.221
26.794000,3323.221
26.795000,3323.221
26.796000,3323.221
26.797000,3322.744
26.798000,3322.744
26.799000,3322.744
26.800000,3322.744
26.801000,3322.744
26.802000,3321.075
26.803000,3321.075
26.804000,3321.075
26.805000,3321.075
26.806000,3321.075
26.807000,3321.838
26.808000,3321.838
26.809000,3321.838
26.810000,3321.838
26.811000,3321.838
26.812000,3317.785
26.813000,3317.785
26.814000,3317.785
26.815000,3317.785
26.816000,0.000
26.817000,3315.592
26.818000,3315.592
26.819000,3315.592
26.820000,3315.592
26.821000,3315.592
26.822000,3465.700
26.823000,3465.700
26.824000,3465.700
26.825000,3465.700
26.826000,3465.700
26.827000,3468.227
26.828000,3468.227
26.829000,3468.227
26.830000,3468.227
26.831000,3468.227
26.832000,3472.662
26.833000,3472.662
26.834000,3472.662
26.835000,3472.662
26.836000,3472.662
26.837000,3483.486
26.838000,3483.486
26.839000,3483.486
26.840000,3483.486
26.841000,3483.486
26.842000,3489.876
26.843000,3489.876
26.844000,3489.876
26.845000,3489.876
26.846000,3489.876
26.847000,3506.231
26.848000,3506.231
26.849000,3506.231
26.850000,3506.231
26.851000,3696.489
26.852000,3696.489
26.853000,3696.489
26.854000,3696.489
26.855000,3696.489
26.856000,3698.635
26.857000,3698.635
26.858000,3698.635
26.859000,3698.635
26.860000,3698.635
26.861000,3699.780
26.862000,3699.780
26.863000,3699.780
26.864000,3699.780
26.865000,3699.780
26.866000,3702.307
26.867000,3702.307
26.868000,3702.307
26.869000,3702.307
26.870000,3702.307
26.871000,3704.453
26.872000,3704.453
26.873000,3704.453
26.874000,3704.453
26.875000,3704.453
26.876000,3703.165
26.877000,3703.165
26.878000,3703.165
26.879000,3703.165
26.880000,0.000
26.881000,3722.858
26.882000,3722.858
26.883000,3722.858
26.884000,3722.858
26.885000,3722.858
26.886000,3787.327
26.887000,3787.327
26.888000,3787.327
26.889000,3787.327
26.890000,3787.327
26.891000,3801.918
26.892000,3801.918
26.893000,3801.918
26.894000,3801.918
26.895000,3801.918
26.896000,3812.075
26.897000,3812.075
26.898000,3812.075
26.899000,3812.075
26.900000,3812.075
26.901000,3813.887
26.902000,3813.887
26.903000,3813.887
26.904000,3813.887
26.905000,3813.887
26.906000,3814.030
26.907000,3814.030
26.908000,3814.030
26.909000,3814.030
26.910000,3814.030
26.911000,3820.467
26.912000,3820.467
26.913000,3820.467
26.914000,3820.467
26.915000,3722.906
26.916000,3722.906
26.917000,3722.906
26.918000,3722.906
26.919000,3722.906
26.920000,3715.992
26.921000,3715.992
26.922000,3715.992
26.923000,3715.992
26.924000,3715.992
26.925000,3715.706
26.926000,3715.706
26.927000,3715.706
26.928000,3715.706
26.929000,3715.706
26.930000,3715.706
26.931000,3715.706
26.932000,3715.706
26.933000,3715.706
26.934000,3715.706
26.935000,3719.234
26.936000,3719.234
26.937000,3719.234
26.938000,3719.234
26.939000,3719.234
26.940000,3707.170
26.941000,3707.170
26.942000,3707.170
26.943000,3707.170
26.944000,0.000
26.945000,3698.349
26.946000,3698.349
26.947000,3698.349
26.948000,3698.349
26.949000,3698.349
26.950000,0.000
26.951000,0.000
26.952000,0.000
26.953000,0.000
26.954000,0.000
26.955000,3491.068
26.956000,3491.068
26.957000,3491.068
26.958000,3491.068
26.959000,3491.068
26.960000,3490.925
26.961000,3490.925
26.962000,3490.925
26.963000,3490.925
26.964000,3490.925
26.965000,3486.061
26.966000,3486.061
26.967000,3486.061
26.968000,3486.061
26.969000,3486.061
26.970000,3416.634
26.971000,3416.634
26.972000,3416.634
26.973000,3416.634
26.974000,3416.634
26.975000,3415.108
26.976000,3415.108
26.977000,3415.108
26.978000,3415.108
26.979000,3327.751
26.980000,3327.751
26.981000,3327.751
26.982000,3327.751
26.983000,3327.751
26.984000,3326.797
26.985000,3326.797
26.986000,3326.797
26.987000,3326.797
26.988000,3326.797
26.989000,3324.986
26.990000,3324.986
26.991000,3324.986
26.992000,3324.986
26.993000,3324.986
26.994000,3325.033
26.995000,3325.033
26.996000,3325.033
26.997000,3325.033
26.998000,3325.033
26.999000,3325.987
27.000000,3325.987
27.001000,3325.987
27.002000,3325.987
27.003000,3325.987
27.004000,3321.648
27.005000,3321.648
27.006000,3321.648
27.007000,3321.648
27.008000,0.000
27.009000,3318.834
27.010000,3318.834
27.011000,3318.834
27.012000,3318.834
27.013000,3318.834
27.014000,3322.124
27.015000,3322.124
27.016000,3322.124
27.017000,3322.124
27.018000,3322.124
27.019000,3323.078
27.020000,3323.078
27.021000,3323.078
27.022000,3323.078
27.023000,3323.078
27.024000,3322.506
27.025000,3322.506
27.026000,3322.506
27.027000,3322.506
27.028000,3322.506
27.029000,3323.460
27.030000,3323.460
27.031000,3323.460
27.032000,3323.460
27.033000,3323.460
27.034000,3323.603
27.035000,3323.603
27.036000,3323.603
27.037000,3323.603
27.038000,3323.603
27.039000,3321.886
27.040000,3321.886
27.041000,3321.886
27.042000,3321.886
27.043000,3320.646
27.044000,3320.646
27.045000,3320.646
27.046000,3320.646
27.047000,3320.646
27.048000,3320.980
27.049000,3320.980
27.050000,3320.980
27.051000,3320.980
27.052000,3320.980
27.053000,3323.746
27.054000,3323.746
27.055000,3323.746
27.056000,3323.746
27.057000,3323.746
27.058000,3321.457
27.059000,3321.457
27.060000,3321.457
27.061000,3321.457
27.062000,3321.457
27.063000,3321.552
27.064000,3321.552
27.065000,3321.552
27.066000,3321.552
27.067000,3321.552
27.068000,3327.799
27.069000,3327.799
27.070000,3327.799
27.071000,3327.799
27.072000,0.000
27.073000,3326.178
27.074000,3326.178
27.075000,3326.178
27.076000,3326.178
27.077000,3326.178
27.078000,3319.979
27.079000,3319.979
27.080000,3319.979
27.081000,3319.979
27.082000,3319.979
27.083000,3316.259
27.084000,3316.259
27.085000,3316.259
27.086000,3316.259
27.087000,3316.259
27.088000,3316.355
27.089000,3316.355
27.090000,3316.355
27.091000,3316.355
27.092000,3316.355
27.093000,3320.742
27.094000,3320.742
27.095000,3320.742
27.096000,3320.742
27.097000,3320.742
27.098000,3321.171
27.099000,3321.171
27.100000,3321.171
27.101000,3321.171
27.102000,3321.171
27.103000,3323.317
27.104000,3323.317
27.105000,3323.317
27.106000,3323.317
27.107000,0.000
27.108000,0.000
27.109000,0.000
27.110000,0.000
27.111000,0.000
27.112000,3320.980
27.113000,3320.980
27.114000,3320.980
27.115000,3320.980
27.116000,3320.980
27.117000,3320.217
27.118000,3320.217
27.119000,3320.217
27.120000,3320.217
27.121000,3320.217
27.122000,3315.830
27.123000,3315.830
27.124000,3315.830
27.125000,3315.830
27.126000,3315.830
27.127000,3313.255
27.128000,3313.255
27.129000,3313.255
27.130000,3313.255
27.131000,3313.255
27.132000,3313.780
27.133000,3313.780
27.134000,3313.780
27.135000,3313.780
27.136000,0.000
27.137000,3319.788
27.138000,3319.788
27.139000,3319.788
27.140000,3319.788
27.141000,3319.788
27.142000,0.000
27.143000,0.000
27.144000,0.000
27.145000,0.000
27.146000,0.000
27.147000,3326.035
27.148000,3326.035
27.149000,3326.035
27.150000,3326.035
27.151000,3326.035
27.152000,3322.792
27.153000,3322.792
27.154000,3322.792
27.155000,3322.792
27.156000,3322.792
27.157000,3317.928
27.158000,3317.928
27.159000,3317.928
27.160000,3317.928
27.161000,3317.928
27.162000,3312.540
27.163000,3312.540
27.164000,3312.540
27.165000,3312.540
27.166000,3312.540
27.167000,3314.734
27.168000,3314.734
27.169000,3314.734
27.170000,3314.734
27.171000,3322.601
27.172000,3322.601
27.173000,3322.601
27.174000,3322.601
27.175000,3322.601
27.176000,3323.984
27.177000,3323.984
27.178000,3323.984
27.179000,3323.984
27.180000,3323.984
27.181000,3327.894
27.182000,3327.894
27.183000,3327.894
27.184000,3327.894
27.185000,3327.894
27.186000,3326.559
27.187000,3326.559
27.188000,3326.559
27.189000,3326.559
27.190000,3326.559
27.191000,3324.604
27.192000,3324.604
27.193000,3324.604
27.194000,3324.604
27.195000,3324.604
27.196000,3324.318
27.197000,3324.318
27.198000,3324.318
27.199000,3324.318
27.200000,0.000
27.201000,3321.791
27.202000,3321.791
27.203000,3321.791
27.204000,3321.791
27.205000,3321.791
27.206000,3317.881
27.207000,3317.881
27.208000,3317.881
27.209000,3317.881
27.210000,3317.881
27.211000,3319.454
27.212000,3319.454
27.213000,3319.454
27.214000,3319.454
27.215000,3319.454
27.216000,3319.836
27.217000,3319.836
27.218000,3319.836
27.219000,3319.836
27.220000,3319.836
27.221000,3329.754
27.222000,3329.754
27.223000,3329.754
27.224000,3329.754
27.225000,3329.754
27.226000,3326.845
27.227000,3326.845
27.228000,3326.845
27.229000,3326.845
27.230000,3326.845
27.231000,3324.127
27.232000,3324.127
27.233000,3324.127
27.234000,3324.127
27.235000,3316.355
27.236000,3316.355
27.237000,3316.355
27.238000,3316.355
27.239000,3316.355
27.240000,3319.550
27.241000,3319.550
27.242000,3319.550
27.243000,3319.550
27.244000,3319.550
27.245000,3320.885
27.246000,3320.885
27.247000,3320.885
27.248000,3320.885
27.249000,3320.885
27.250000,3319.407
27.251000,3319.407
27.252000,3319.407
27.253000,3319.407
27.254000,3319.407
27.255000,3318.787
27.256000,3318.787
27.257000,3318.787
27.258000,3318.787
27.259000,3318.787
27.260000,3321.218
27.261000,3321.218
27.262000,3321.218
27.263000,3321.218
27.264000,0.000
27.265000,3324.890
27.266000,3324.890
27.267000,3324.890
27.268000,3324.890
27.269000,3324.890
27.270000,3321.886
27.271000,3321.886
27.272000,3321.886
27.273000,3321.886
27.274000,3321.886
27.275000,3321.218
27.276000,3321.218
27.277000,3321.218
27.278000,3321.218
27.279000,3321.218
27.280000,3319.550
27.281000,3319.550
27.282000,3319.550
27.283000,3319.550
27.284000,3319.550
27.285000,3319.216
27.286000,3319.216
27.287000,3319.216
27.288000,3319.216
27.289000,3319.216
27.290000,3318.596
27.291000,3318.596
27.292000,3318.596
27.293000,3318.596
27.294000,3318.596
27.295000,3321.266
27.296000,3321.266
27.297000,3321.266
27.298000,3321.266
27.299000,3326.368
27.300000,3326.368
27.301000,3326.368
27.302000,3326.368
27.303000,3326.368
27.304000,3325.796
27.305000,3325.796
27.306000,3325.796
27.307000,3325.796
27.308000,3325.796
27.309000,3324.652
27.310000,3324.652
27.311000,3324.652
27.312000,3324.652
27.313000,3324.652
27.314000,3320.313
27.315000,3320.313
27.316000,3320.313
27.317000,3320.313
27.318000,3320.313
27.319000,3318.262
27.320000,3318.262
27.321000,3318.262
27.322000,3318.262
27.323000,3318.262
27.324000,3318.739
27.325000,3318.739
27.326000,3318.739
27.327000,3318.739
27.328000,0.000
27.329000,3315.544
27.330000,3315.544
27.331000,3315.544
27.332000,3315.544
27.333000,3315.544
27.334000,3323.984
27.335000,3323.984
27.336000,3323.984
27.337000,3323.984
27.338000,3323.984
27.339000,3323.364
27.340000,3323.364
27.341000,3323.364
27.342000,3323.364
27.343000,3323.364
27.344000,3323.460
27.345000,3323.460
27.346000,3323.460
27.347000,3323.460
27.348000,3323.460
27.349000,3320.980
27.350000,3320.980
27.351000,3320.980
27.352000,3320.980
27.353000,3320.980
27.354000,3321.600
27.355000,3321.600
27.356000,3321.600
27.357000,3321.600
27.358000,3321.600
27.359000,3322.077
27.360000,3322.077
27.361000,3322.077
27.362000,3322.077
27.363000,3321.362
27.364000,3321.362
27.365000,3321.362
27.366000,3321.362
27.367000,3321.362
27.368000,3321.362
27.369000,3321.362
27.370000,3321.362
27.371000,3321.362
27.372000,3321.362
27.373000,3324.175
27.374000,3324.175
27.375000,3324.175
27.376000,3324.175
27.377000,3324.175
27.378000,3325.129
27.379000,3325.129
27.380000,3325.129
27.381000,3325.129
27.382000,3325.129
27.383000,3327.513
27.384000,3327.513
27.385000,3327.513
27.386000,3327.513
27.387000,3327.513
27.388000,3327.131
27.389000,3327.131
27.390000,3327.131
27.391000,3327.131
27.392000,0.000
27.393000,3325.272
27.394000,3325.272
27.395000,3325.272
27.396000,3325.272
27.397000,3325.272
27.398000,3315.687
27.399000,3315.687
27.400000,3315.687
27.401000,3315.687
27.402000,3315.687
27.403000,3316.164
27.404000,3316.164
27.405000,3316.164
27.406000,3316.164
27.407000,3316.164
27.408000,3322.744
27.409000,3322.744
27.410000,3322.744
27.411000,3322.744
27.412000,3322.744
27.413000,3322.029
27.414000,3322.029
27.415000,3322.029
27.416000,3322.029
27.417000,3322.029
27.418000,3325.796
27.419000,3325.796
27.420000,3325.796
27.421000,3325.796
27.422000,3325.796
27.423000,3329.325
27.424000,3329.325
27.425000,3329.325
27.426000,3329.325
27.427000,3322.029
27.428000,3322.029
27.429000,3322.029
27.430000,3322.029
27.431000,3322.029
27.432000,3318.739
27.433000,3318.739
27.434000,3318.739
27.435000,3318.739
27.436000,3318.739
27.437000,3315.735
27.438000,3315.735
27.439000,3315.735
27.440000,3315.735
27.441000,3315.735
27.442000,3315.830
27.443000,3315.830
27.444000,3315.830
27.445000,3315.830
27.446000,3315.830
27.447000,3318.691
27.448000,3318.691
27.449000,3318.691
27.450000,3318.691
27.451000,3318.691
27.452000,3320.503
27.453000,3320.503
27.454000,3320.503
27.455000,3320.503
27.456000,0.000
27.457000,3322.363
27.458000,3322.363
27.459000,3322.363
27.460000,3322.363
27.461000,3322.363
27.462000,3323.460
27.463000,3323.460
27.464000,3323.460
27.465000,3323.460
27.466000,3323.460
27.467000,3320.742
27.468000,3320.742
27.469000,3320.742
27.470000,3320.742
27.471000,3320.742
27.472000,3315.830
27.473000,3315.830
27.474000,3315.830
27.475000,3315.830
27.476000,3315.830
27.477000,3314.734
27.478000,3314.734
27.479000,3314.734
27.480000,3314.734
27.481000,3314.734
27.482000,3317.738
27.483000,3317.738
27.484000,3317.738
27.485000,3317.738
27.486000,3317.738
27.487000,3319.788
27.488000,3319.788
27.489000,3319.788
27.490000,3319.788
27.491000,3328.991
27.492000,3328.991
27.493000,3328.991
27.494000,3328.991
27.495000,3328.991
27.496000,3328.657
27.497000,3328.657
27.498000,3328.657
27.499000,3328.657
27.500000,3328.657
27.501000,3326.464
27.502000,3326.464
27.503000,3326.464
27.504000,3326.464
27.505000,3326.464
27.506000,3323.936
27.507000,3323.936
27.508000,3323.936
27.509000,3323.936
27.510000,3323.936
27.511000,3322.792
27.512000,3322.792
27.513000,3322.792
27.514000,3322.792
27.515000,3322.792
27.516000,3321.648
27.517000,3321.648
27.518000,3321.648
27.519000,3321.648
27.520000,0.000
27.521000,3319.788
27.522000,3319.788
27.523000,3319.788
27.524000,3319.788
27.525000,3319.788
27.526000,3321.171
27.527000,3321.171
27.528000,3321.171
27.529000,3321.171
27.530000,3321.171
27.531000,3326.797
27.532000,3326.797
27.533000,3326.797
27.534000,3326.797
27.535000,3326.797
27.536000,3325.748
27.537000,3325.748
27.538000,3325.748
27.539000,3325.748
27.540000,3325.748
27.541000,3324.318
27.542000,3324.318
27.543000,3324.318
27.544000,3324.318
27.545000,3324.318
27.546000,3322.649
27.547000,3322.649
27.548000,3322.649
27.549000,3322.649
27.550000,3322.649
27.551000,3322.172
27.552000,3322.172
27.553000,3322.172
27.554000,3322.172
27.555000,3320.169
27.556000,3320.169
27.557000,3320.169
27.558000,3320.169
27.559000,3320.169
27.560000,3319.740
27.561000,3319.740
27.562000,3319.740
27.563000,3319.740
27.564000,3319.740
27.565000,3320.646
27.566000,3320.646
27.567000,3320.646
27.568000,3320.646
27.569000,3320.646
27.570000,3323.555
27.571000,3323.555
27.572000,3323.555
27.573000,3323.555
27.574000,3323.555
27.575000,3322.268
27.576000,3322.268
27.577000,3322.268
27.578000,3322.268
27.579000,3322.268
27.580000,3325.987
27.581000,3325.987
27.582000,3325.987
27.583000,3325.987
27.584000,0.000
27.585000,3327.036
27.586000,3327.036
27.587000,3327.036
27.588000,3327.036
27.589000,3327.036
27.590000,3318.834
27.591000,3318.834
27.592000,3318.834
27.593000,3318.834
27.594000,3318.834
27.595000,3318.691
27.596000,3318.691
27.597000,3318.691
27.598000,3318.691
27.599000,3318.691
27.600000,3320.122
27.601000,3320.122
27.602000,3320.122
27.603000,3320.122
27.604000,3320.122
27.605000,3322.554
27.606000,3322.554
27.607000,3322.554
27.608000,3322.554
27.609000,3322.554
27.610000,3321.934
27.611000,3321.934
27.612000,3321.934
27.613000,3321.934
27.614000,3321.934
27.615000,3323.936
27.616000,3323.936
27.617000,3323.936
27.618000,3323.936
27.619000,3324.127
27.620000,3324.127
27.621000,3324.127
27.622000,3324.127
27.623000,3324.127
27.624000,3321.600
27.625000,3321.600
27.626000,3321.600
27.627000,3321.600
27.628000,3321.600
27.629000,3321.028
27.630000,3321.028
27.631000,3321.028
27.632000,3321.028
27.633000,3321.028
27.634000,3321.505
27.635000,3321.505
27.636000,3321.505
27.637000,3321.505
27.638000,3321.505
27.639000,3316.021
27.640000,3316.021
27.641000,3316.021
27.642000,3316.021
27.643000,3316.021
27.644000,3317.308
27.645000,3317.308
27.646000,3317.308
27.647000,3317.308
27.648000,0.000
27.649000,3319.597
27.650000,3319.597
27.651000,3319.597
27.652000,3319.597
27.653000,3319.597
27.654000,3323.221
27.655000,3323.221
27.656000,3323.221
27.657000,3323.221
27.658000,3323.221
27.659000,3320.885
27.660000,3320.885
27.661000,3320.885
27.662000,3320.885
27.663000,3320.885
27.664000,3319.931
27.665000,3319.931
27.666000,3319.931
27.667000,3319.931
27.668000,3319.931
27.669000,3315.830
27.670000,3315.830
27.671000,3315.830
27.672000,3315.830
27.673000,3315.830
27.674000,3313.923
27.675000,3313.923
27.676000,3313.923
27.677000,3313.923
27.678000,3313.923
27.679000,3316.927
27.680000,3316.927
27.681000,3316.927
27.682000,3316.927
27.683000,3326.082
27.684000,3326.082
27.685000,3326.082
27.686000,3326.082
27.687000,3326.082
27.688000,3328.514
27.689000,3328.514
27.690000,3328.514
27.691000,3328.514
27.692000,3328.514
27.693000,3328.133
27.694000,3328.133
27.695000,3328.133
27.696000,3328.133
27.697000,3328.133
27.698000,3326.464
27.699000,3326.464
27.700000,3326.464
27.701000,3326.464
27.702000,3326.464
27.703000,3324.699
27.704000,3324.699
27.705000,3324.699
27.706000,3324.699
27.707000,3324.699
27.708000,3323.507
27.709000,3323.507
27.710000,3323.507
27.711000,3323.507
27.712000,0.000
27.713000,3320.122
27.714000,3320.122
27.715000,3320.122
27.716000,3320.122
27.717000,0.000
27.718000,3321.457
27.719000,3321.457
27.720000,3321.457
27.721000,3321.457
27.722000,3321.457
27.723000,3325.272
27.724000,3325.272
27.725000,3325.272
27.726000,3325.272
27.727000,3325.272
27.728000,3327.847
27.729000,3327.847
27.730000,3327.847
27.731000,3327.847
27.732000,3327.847
27.733000,3326.225
27.734000,3326.225
27.735000,3326.225
27.736000,3326.225
27.737000,3326.225
27.738000,3324.938
27.739000,3324.938
27.740000,3324.938
27.741000,3324.938
27.742000,3324.938
27.743000,3324.938
27.744000,3324.938
27.745000,3324.938
27.746000,3324.938
27.747000,3317.499
27.748000,3317.499
27.749000,3317.499
27.750000,3317.499
27.751000,3317.499
27.752000,3319.645
27.753000,3319.645
27.754000,3319.645
27.755000,3319.645
27.756000,3319.645
27.757000,3321.362
27.758000,3321.362
27.759000,3321.362
27.760000,3321.362
27.761000,3321.362
27.762000,3319.693
27.763000,3319.693
27.764000,3319.693
27.765000,3319.693
27.766000,3319.693
27.767000,3322.220
27.768000,3322.220
27.769000,3322.220
27.770000,3322.220
27.771000,3322.220
27.772000,3322.792
27.773000,3322.792
27.774000,3322.792
27.775000,3322.792
27.776000,0.000
27.777000,3317.976
27.778000,3317.976
27.779000,3317.976
27.780000,3317.976
27.781000,3317.976
27.782000,3319.550
27.783000,3319.550
27.784000,3319.550
27.785000,3319.550
27.786000,3319.550
27.787000,3319.168
27.788000,3319.168
27.789000,3319.168
27.790000,3319.168
27.791000,3319.168
27.792000,3320.265
27.793000,3320.265
27.794000,3320.265
27.795000,3320.265
27.796000,3320.265
27.797000,3320.837
27.798000,3320.837
27.799000,3320.837
27.800000,3320.837
27.801000,3320.837
27.802000,3323.221
27.803000,3323.221
27.804000,3323.221
27.805000,3323.221
27.806000,3323.221
27.807000,3323.936
27.808000,3323.936
27.809000,3323.936
27.810000,3323.936
27.811000,3320.742
27.812000,3320.742
27.813000,3320.742
27.814000,3320.742
27.815000,3320.742
27.816000,3320.789
27.817000,3320.789
27.818000,3320.789
27.819000,3320.789
27.820000,3320.789
27.821000,3321.552
27.822000,3321.552
27.823000,3321.552
27.824000,3321.552
27.825000,3321.552
27.826000,3319.073
27.827000,3319.073
27.828000,3319.073
27.829000,3319.073
27.830000,3319.073
27.831000,3313.780
27.832000,3313.780
27.833000,3313.780
27.834000,3313.780
27.835000,3313.780
27.836000,3314.209
27.837000,3314.209
27.838000,3314.209
27.839000,3314.209
27.840000,12.922
27.841000,3324.318
27.842000,3324.318
27.843000,3324.318
27.844000,3324.318
27.845000,3324.318
27.846000,3323.269
27.847000,3323.269
27.848000,3323.269
27.849000,3323.269
27.850000,3323.269
27.851000,3321.171
27.852000,3321.171
27.853000,3321.171
27.854000,3321.171
27.855000,3321.171
27.856000,3320.026
27.857000,3320.026
27.858000,3320.026
27.859000,3320.026
27.860000,3320.026
27.861000,3320.408
27.862000,3320.408
27.863000,3320.408
27.864000,3320.408
27.865000,3320.408
27.866000,3314.734
27.867000,3314.734
27.868000,3314.734
27.869000,3314.734
27.870000,3314.734
27.871000,3311.062
27.872000,3311.062
27.873000,3311.062
27.874000,3311.062
27.875000,3322.744
27.876000,3322.744
27.877000,3322.744
27.878000,3322.744
27.879000,3322.744
27.880000,3321.266
27.881000,3321.266
27.882000,3321.266
27.883000,3321.266
27.884000,3321.266
27.885000,3324.175
27.886000,3324.175
27.887000,3324.175
27.888000,3324.175
27.889000,3324.175
27.890000,3325.415
27.891000,3325.415
27.892000,3325.415
27.893000,3325.415
27.894000,3325.415
27.895000,3325.653
27.896000,3325.653
27.897000,3325.653
27.898000,3325.653
27.899000,3325.653
27.900000,3325.653
27.901000,3325.653
27.902000,3325.653
27.903000,3325.653
27.904000,12.970
27.905000,3321.123
27.906000,3321.123
27.907000,3321.123
27.908000,3321.123
27.909000,3321.123
27.910000,3323.650
27.911000,3323.650
27.912000,3323.650
27.913000,3323.650
27.914000,3323.650
27.915000,3323.030
27.916000,3323.030
27.917000,3323.030
27.918000,3323.030
27.919000,3323.030
27.920000,3324.413
27.921000,3324.413
27.922000,3324.413
27.923000,3324.413
27.924000,3324.413
27.925000,3327.417
27.926000,3327.417
27.927000,3327.417
27.928000,3327.417
27.929000,3327.417
27.930000,3327.560
27.931000,3327.560
27.932000,3327.560
27.933000,3327.560
27.934000,3327.560
27.935000,3325.129
27.936000,3325.129
27.937000,3325.129
27.938000,3325.129
27.939000,3315.496
27.940000,3315.496
27.941000,3315.496
27.942000,3315.496
27.943000,3315.496
27.944000,3316.116
27.945000,3316.116
27.946000,3316.116
27.947000,3316.116
27.948000,3316.116
27.949000,3316.927
27.950000,3316.927
27.951000,3316.927
27.952000,3316.927
27.953000,3316.927
27.954000,3319.073
27.955000,3319.073
27.956000,3319.073
27.957000,3319.073
27.958000,3319.073
27.959000,3319.693
27.960000,3319.693
27.961000,3319.693
27.962000,3319.693
27.963000,3319.693
27.964000,3327.513
27.965000,3327.513
27.966000,3327.513
27.967000,3327.513
27.968000,0.000
27.969000,3323.269
27.970000,3323.269
27.971000,3323.269
27.972000,3323.269
27.973000,3323.269
27.974000,3319.454
27.975000,3319.454
27.976000,3319.454
27.977000,3319.454
27.978000,3319.454
27.979000,3312.922
27.980000,3312.922
27.981000,3312.922
27.982000,3312.922
27.983000,3312.922
27.984000,3315.639
27.985000,3315.639
27.986000,3315.639
27.987000,3315.639
27.988000,3315.639
27.989000,3319.311
27.990000,3319.311
27.991000,3319.311
27.992000,3319.311
27.993000,3319.311
27.994000,3320.217
27.995000,3320.217
27.996000,3320.217
27.997000,3320.217
27.998000,3320.217
27.999000,3320.313
28.000000,3320.313
28.001000,3320.313
28.002000,3320.313
28.003000,3326.321
28.004000,3326.321
28.005000,3326.321
28.006000,3326.321
28.007000,3326.321
28.008000,3324.318
28.009000,3324.318
28.010000,3324.318
28.011000,3324.318
28.012000,3324.318
28.013000,3322.983
28.014000,3322.983
28.015000,3322.983
28.016000,3322.983
28.017000,3322.983
28.018000,3326.035
28.019000,3326.035
28.020000,3326.035
28.021000,3326.035
28.022000,3326.035
28.023000,3322.172
28.024000,3322.172
28.025000,3322.172
28.026000,3322.172
28.027000,3322.172
28.028000,3319.883
28.029000,3319.883
28.030000,3319.883
28.031000,3319.883
28.032000,12.922
28.033000,3325.653
28.034000,3325.653
28.035000,3325.653
28.036000,3325.653
28.037000,3325.653
28.038000,3326.797
28.039000,3326.797
28.040000,3326.797
28.041000,3326.797
28.042000,3326.797
28.043000,3325.033
28.044000,3325.033
28.045000,3325.033
28.046000,3325.033
28.047000,3325.033
28.048000,3324.175
28.049000,3324.175
28.050000,3324.175
28.051000,3324.175
28.052000,3324.175
28.053000,3323.030
28.054000,3323.030
28.055000,3323.030
28.056000,3323.030
28.057000,3323.030
28.058000,3322.983
28.059000,3322.983
28.060000,3322.983
28.061000,3322.983
28.062000,3322.983
28.063000,3320.932
28.064000,3320.932
28.065000,3320.932
28.066000,3320.932
28.067000,3320.169
28.068000,3320.169
28.069000,3320.169
28.070000,3320.169
28.071000,3320.169
28.072000,3320.026
28.073000,3320.026
28.074000,3320.026
28.075000,3320.026
28.076000,3320.026
28.077000,3323.698
28.078000,3323.698
28.079000,3323.698
28.080000,3323.698
28.081000,3323.698
28.082000,3322.029
28.083000,3322.029
28.084000,3322.029
28.085000,3322.029
28.086000,3322.029
28.087000,3323.936
28.088000,3323.936
28.089000,3323.936
28.090000,3323.936
28.091000,3323.936
28.092000,3324.175
28.093000,3324.175
28.094000,3324.175
28.095000,3324.175
28.096000,0.000
28.097000,3321.314
28.098000,3321.314
28.099000,3321.314
28.100000,3321.314
28.101000,3321.314
28.102000,3317.070
28.103000,3317.070
28.104000,3317.070
28.105000,3317.070
28.106000,3317.070
28.107000,3319.073
28.108000,3319.073
28.109000,3319.073
28.110000,3319.073
28.111000,3319.073
28.112000,3319.502
28.113000,3319.502
28.114000,3319.502
28.115000,3319.502
28.116000,3319.502
28.117000,3321.457
28.118000,3321.457
28.119000,3321.457
28.120000,3321.457
28.121000,3321.457
28.122000,3322.315
28.123000,3322.315
28.124000,3322.315
28.125000,3322.315
28.126000,3322.315
28.127000,3324.223
28.128000,3324.223
28.129000,3324.223
28.130000,3324.223
28.131000,3322.649
28.132000,3322.649
28.133000,3322.649
28.134000,3322.649
28.135000,3322.649
28.136000,3321.123
28.137000,3321.123
28.138000,3321.123
28.139000,3321.123
28.140000,3321.123
28.141000,3320.503
28.142000,3320.503
28.143000,3320.503
28.144000,3320.503
28.145000,3320.503
28.146000,3319.693
28.147000,3319.693
28.148000,3319.693
28.149000,3319.693
28.150000,3319.693
28.151000,3316.116
28.152000,3316.116
28.153000,3316.116
28.154000,3316.116
28.155000,3316.116
28.156000,3315.353
28.157000,3315.353
28.158000,3315.353
28.159000,3315.353
28.160000,12.922
28.161000,3325.844
28.162000,3325.844
28.163000,3325.844
28.164000,3325.844
28.165000,3325.844
28.166000,3324.699
28.167000,3324.699
28.168000,3324.699
28.169000,3324.699
28.170000,3324.699
28.171000,3323.364
28.172000,3323.364
28.173000,3323.364
28.174000,3323.364
28.175000,3323.364
28.176000,3320.360
28.177000,3320.360
28.178000,3320.360
28.179000,3320.360
28.180000,3320.360
28.181000,3319.693
28.182000,3319.693
28.183000,3319.693
28.184000,3319.693
28.185000,3319.693
28.186000,3317.642
28.187000,3317.642
28.188000,3317.642
28.189000,3317.642
28.190000,3317.642
28.191000,3317.022
28.192000,3317.022
28.193000,3317.022
28.194000,3317.022
28.195000,3321.600
28.196000,3321.600
28.197000,3321.600
28.198000,3321.600
28.199000,3321.600
28.200000,3321.314
28.201000,3321.314
28.202000,3321.314
28.203000,3321.314
28.204000,3321.314
28.205000,3325.987
28.206000,3325.987
28.207000,3325.987
28.208000,3325.987
28.209000,3325.987
28.210000,3328.753
28.211000,3328.753
28.212000,3328.753
28.213000,3328.753
28.214000,3328.753
28.215000,3327.084
28.216000,3327.084
28.217000,3327.084
28.218000,3327.084
28.219000,3327.084
28.220000,3325.701
28.221000,3325.701
28.222000,3325.701
28.223000,3325.701
28.224000,12.970
28.225000,3320.360
28.226000,3320.360
28.227000,3320.360
28.228000,3320.360
28.229000,3320.360
28.230000,3321.075
28.231000,3321.075
28.232000,3321.075
28.233000,3321.075
28.234000,3321.075
28.235000,3321.981
28.236000,3321.981
28.237000,3321.981
28.238000,3321.981
28.239000,3321.981
28.240000,3324.080
28.241000,3324.080
28.242000,3324.080
28.243000,3324.080
28.244000,3324.080
28.245000,3330.040
28.246000,3330.040
28.247000,3330.040
28.248000,3330.040
28.249000,3330.040
28.250000,3326.559
28.251000,3326.559
28.252000,3326.559
28.253000,3326.559
28.254000,3326.559
28.255000,3324.461
28.256000,3324.461
28.257000,3324.461
28.258000,3324.461
28.259000,3314.877
28.260000,3314.877
28.261000,3314.877
28.262000,3314.877
28.263000,3314.877
28.264000,3315.449
28.265000,3315.449
28.266000,3315.449
28.267000,3315.449
28.268000,3315.449
28.269000,3317.976
28.270000,3317.976
28.271000,3317.976
28.272000,3317.976
28.273000,3317.976
28.274000,3321.886
28.275000,3321.886
28.276000,3321.886
28.277000,3321.886
28.278000,3321.886
28.279000,3320.503
28.280000,3320.503
28.281000,3320.503
28.282000,3320.503
28.283000,3320.503
28.284000,3327.560
28.285000,3327.560
28.286000,3327.560
28.287000,3327.560
28.288000,0.000
28.289000,3325.891
28.290000,3325.891
28.291000,3325.891
28.292000,3325.891
28.293000,3325.891
28.294000,3320.742
28.295000,3320.742
28.296000,3320.742
28.297000,3320.742
28.298000,3320.742
28.299000,3315.973
28.300000,3315.973
28.301000,3315.973
28.302000,3315.973
28.303000,3315.973
28.304000,3315.926
28.305000,3315.926
28.306000,3315.926
28.307000,3315.926
28.308000,3315.926
28.309000,3319.120
28.310000,3319.120
28.311000,3319.120
28.312000,3319.120
28.313000,3319.120
28.314000,3320.742
28.315000,3320.742
28.316000,3320.742
28.317000,3320.742
28.318000,3320.742
28.319000,3320.313
28.320000,3320.313
28.321000,3320.313
28.322000,3320.313
28.323000,0.000
28.324000,0.000
28.325000,0.000
28.326000,0.000
28.327000,0.000
28.328000,3323.841
28.329000,3323.841
28.330000,3323.841
28.331000,3323.841
28.332000,3323.841
28.333000,3326.321
28.334000,3326.321
28.335000,3326.321
28.336000,3326.321
28.337000,3326.321
28.338000,3323.412
28.339000,3323.412
28.340000,3323.412
28.341000,3323.412
28.342000,3323.412
28.343000,3321.409
28.344000,3321.409
28.345000,3321.409
28.346000,3321.409
28.347000,3321.409
28.348000,3318.548
28.349000,3318.548
28.350000,3318.548
28.351000,3318.548
28.352000,12.922
28.353000,3328.848
28.354000,3328.848
28.355000,3328.848
28.356000,3328.848
28.357000,3328.848
28.358000,3329.372
28.359000,3329.372
28.360000,3329.372
28.361000,3329.372
28.362000,3329.372
28.363000,3327.560
28.364000,3327.560
28.365000,3327.560
28.366000,3327.560
28.367000,3327.560
28.368000,3326.464
28.369000,3326.464
28.370000,3326.464
28.371000,3326.464
28.372000,3326.464
28.373000,3324.175
28.374000,3324.175
28.375000,3324.175
28.376000,3324.175
28.377000,3324.175
28.378000,3323.412
28.379000,3323.412
28.380000,3323.412
28.381000,3323.412
28.382000,3323.412
28.383000,3320.456
28.384000,3320.456
28.385000,3320.456
28.386000,3320.456
28.387000,3319.836
28.388000,3319.836
28.389000,3319.836
28.390000,3319.836
28.391000,3319.836
28.392000,3321.314
28.393000,3321.314
28.394000,3321.314
28.395000,3321.314
28.396000,3321.314
28.397000,3321.648
28.398000,3321.648
28.399000,3321.648
28.400000,3321.648
28.401000,3321.648
28.402000,3323.555
28.403000,3323.555
28.404000,3323.555
28.405000,3323.555
28.406000,3323.555
28.407000,3323.364
28.408000,3323.364
28.409000,3323.364
28.410000,3323.364
28.411000,3323.364
28.412000,3325.272
28.413000,3325.272
28.414000,3325.272
28.415000,3325.272
28.416000,12.970
28.417000,3320.074
28.418000,3320.074
28.419000,3320.074
28.420000,3320.074
28.421000,3320.074
28.422000,3319.931
28.423000,3319.931
28.424000,3319.931
28.425000,3319.931
28.426000,3319.931
28.427000,3321.886
28.428000,3321.886
28.429000,3321.886
28.430000,3321.886
28.431000,3321.886
28.432000,3321.505
28.433000,3321.505
28.434000,3321.505
28.435000,3321.505
28.436000,3321.505
28.437000,3321.934
28.438000,3321.934
28.439000,3321.934
28.440000,3321.934
28.441000,3321.934
28.442000,3324.795
28.443000,3324.795
28.444000,3324.795
28.445000,3324.795
28.446000,3324.795
28.447000,3328.609
28.448000,3328.609
28.449000,3328.609
28.450000,3328.609
28.451000,3321.886
28.452000,3321.886
28.453000,3321.886
28.454000,3321.886
28.455000,3321.886
28.456000,3320.789
28.457000,3320.789
28.458000,3320.789
28.459000,3320.789
28.460000,3320.789
28.461000,3319.311
28.462000,3319.311
28.463000,3319.311
28.464000,3319.311
28.465000,3319.311
28.466000,3314.829
28.467000,3314.829
28.468000,3314.829
28.469000,3314.829
28.470000,3314.829
28.471000,3315.401
28.472000,3315.401
28.473000,3315.401
28.474000,3315.401
28.475000,3315.401
28.476000,3324.461
28.477000,3324.461
28.478000,3324.461
28.479000,3324.461
28.480000,0.000
28.481000,3326.416
28.482000,3326.416
28.483000,3326.416
28.484000,3326.416
28.485000,3326.416
28.486000,3323.269
28.487000,3323.269
28.488000,3323.269
28.489000,3323.269
28.490000,3323.269
28.491000,3321.362
28.492000,3321.362
28.493000,3321.362
28.494000,3321.362
28.495000,3321.362
28.496000,3321.266
28.497000,3321.266
28.498000,3321.266
28.499000,3321.266
28.500000,3321.266
28.501000,3315.687
28.502000,3315.687
28.503000,3315.687
28.504000,3315.687
28.505000,3315.687
28.506000,3314.734
28.507000,3314.734
28.508000,3314.734
28.509000,3314.734
28.510000,3314.734
28.511000,3318.024
28.512000,3318.024
28.513000,3318.024
28.514000,3318.024
28.515000,3318.024
28.516000,3318.024
28.517000,3318.024
28.518000,3318.024
28.519000,3494.215
28.520000,3494.215
28.521000,3494.215
28.522000,3494.215
28.523000,3494.215
28.524000,3497.219
28.525000,3497.219
28.526000,3497.219
28.527000,3497.219
28.528000,3497.219
28.529000,3508.568
28.530000,3508.568
28.531000,3508.568
28.532000,3508.568
28.533000,3508.568
28.534000,3514.957
28.535000,3514.957
28.536000,3514.957
28.537000,3514.957
28.538000,3514.957
28.539000,3523.016
28.540000,3523.016
28.541000,3523.016
28.542000,3523.016
28.543000,3523.016
28.544000,3529.358
28.545000,3529.358
28.546000,3529.358
28.547000,0.000
28.548000,3536.177
28.549000,3536.177
28.550000,3536.177
28.551000,3536.177
28.552000,3536.177
28.553000,3536.892
28.554000,3536.892
28.555000,3536.892
28.556000,3536.892
28.557000,3536.892
28.558000,3536.940
28.559000,3536.940
28.560000,3536.940
28.561000,3536.940
28.562000,3536.940
28.563000,3526.258
28.564000,3526.258
28.565000,3526.258
28.566000,3526.258
28.567000,3526.258
28.568000,3518.438
28.569000,3518.438
28.570000,3518.438
28.571000,3518.438
28.572000,3518.438
28.573000,3515.053
28.574000,3515.053
28.575000,3515.053
28.576000,3515.053
28.577000,3515.339
28.578000,3515.339
28.579000,3515.339
28.580000,3515.339
28.581000,3316.641
28.582000,3316.641
28.583000,3316.641
28.584000,3316.641
28.585000,3316.641
28.586000,3318.548
28.587000,3318.548
28.588000,3318.548
28.589000,3318.548
28.590000,3318.548
28.591000,3319.263
28.592000,3319.263
28.593000,3319.263
28.594000,3319.263
28.595000,3319.263
28.596000,3322.029
28.597000,3322.029
28.598000,3322.029
28.599000,3322.029
28.600000,3322.029
28.601000,3329.468
28.602000,3329.468
28.603000,3329.468
28.604000,3329.468
28.605000,3329.468
28.606000,3325.319
28.607000,3325.319
28.608000,3325.319
28.609000,3325.319
28.610000,3319.168
28.611000,3319.168
28.612000,3319.168
28.613000,3319.168
28.614000,3319.168
28.615000,3316.307
28.616000,3316.307
28.617000,3316.307
28.618000,3316.307
28.619000,3316.307
28.620000,3316.307
28.621000,3316.307
28.622000,3316.307
28.623000,3316.307
28.624000,3316.307
28.625000,3317.833
28.626000,3317.833
28.627000,3317.833
28.628000,3317.833
28.629000,3317.833
28.630000,3318.644
28.631000,3318.644
28.632000,3318.644
28.633000,3318.644
28.634000,3318.644
28.635000,3319.216
28.636000,3319.216
28.637000,3319.216
28.638000,3319.216
28.639000,3319.216
28.640000,3321.838
28.641000,3321.838
28.642000,3321.838
28.643000,0.000
28.644000,3325.033
28.645000,3325.033
28.646000,3325.033
28.647000,3325.033
28.648000,3325.033
28.649000,3321.934
28.650000,3321.934
28.651000,3321.934
28.652000,3321.934
28.653000,3321.934
28.654000,3321.028
28.655000,3321.028
28.656000,3321.028
28.657000,3321.028
28.658000,3321.028
28.659000,3321.600
28.660000,3321.600
28.661000,3321.600
28.662000,3321.600
28.663000,3321.600
28.664000,3319.311
28.665000,3319.311
28.666000,3319.311
28.667000,3319.311
28.668000,3319.311
28.669000,3319.883
28.670000,3319.883
28.671000,3319.883
28.672000,3319.883
28.673000,3319.693
28.674000,3319.693
28.675000,3319.693
28.676000,3319.693
28.677000,3322.554
28.678000,3322.554
28.679000,3322.554
28.680000,3322.554
28.681000,3322.554
28.682000,3293.276
28.683000,3293.276
28.684000,3293.276
28.685000,3293.276
28.686000,3293.276
28.687000,3277.493
28.688000,3277.493
28.689000,3277.493
28.690000,3277.493
28.691000,3277.493
28.692000,3261.757
28.693000,3261.757
28.694000,3261.757
28.695000,3261.757
28.696000,3261.757
28.697000,3249.788
28.698000,3249.788
28.699000,3249.788
28.700000,3249.788
28.701000,3249.788
28.702000,3233.957
28.703000,3233.957
28.704000,3233.957
28.705000,3233.957
28.706000,4101.372
28.707000,4101.372
28.708000,4101.372
28.709000,4101.372
28.710000,4101.372
28.711000,4163.742
28.712000,4163.742
28.713000,4163.742
28.714000,4163.742
28.715000,4163.742
28.716000,4249.144
28.717000,4249.144
28.718000,4249.144
28.719000,4249.144
28.720000,4249.144
28.721000,4302.216
28.722000,4302.216
28.723000,4302.216
28.724000,4302.216
28.725000,4302.216
28.726000,4631.710
28.727000,4631.710
28.728000,4631.710
28.729000,4631.710
28.730000,4631.710
28.731000,4674.482
28.732000,4674.482
28.733000,4674.482
28.734000,4674.482
28.735000,4674.482
28.736000,4776.716
28.737000,4776.716
28.738000,4776.716
28.739000,0.000
28.740000,3240.490
28.741000,3240.490
28.742000,3240.490
28.743000,3240.490
28.744000,3240.490
28.745000,3170.490
28.746000,3170.490
28.747000,3170.490
28.748000,3170.490
28.749000,3170.490
28.750000,3138.208
28.751000,3138.208
28.752000,3138.208
28.753000,3138.208
28.754000,3138.208
28.755000,3137.541
28.756000,3137.541
28.757000,3137.541
28.758000,3137.541
28.759000,3137.541
28.760000,3144.169
28.761000,3144.169
28.762000,3144.169
28.763000,3144.169
28.764000,3144.169
28.765000,3159.809
28.766000,3159.809
28.767000,3159.809
28.768000,3159.809
28.769000,3166.342
28.770000,3166.342
28.771000,3166.342
28.772000,3166.342
28.773000,3321.266
28.774000,3321.266
28.775000,3321.266
28.776000,3321.266
28.777000,3321.266
28.778000,3316.164
28.779000,3316.164
28.780000,3316.164
28.781000,3316.164
28.782000,3316.164
28.783000,3314.495
28.784000,3314.495
28.785000,3314.495
28.786000,3314.495
28.787000,3314.495
28.788000,3323.841
28.789000,3323.841
28.790000,3323.841
28.791000,3323.841
28.792000,3323.841
28.793000,3323.603
28.794000,3323.603
28.795000,3323.603
28.796000,3323.603
28.797000,3323.603
28.798000,3327.608
28.799000,3327.608
28.800000,3327.608
28.801000,3327.608
28.802000,3322.601
28.803000,3322.601
28.804000,3322.601
28.805000,3322.601
28.806000,3322.601
28.807000,3321.314
28.808000,3321.314
28.809000,3321.314
28.810000,3321.314
28.811000,3321.314
28.812000,3321.123
28.813000,3321.123
28.814000,3321.123
28.815000,3321.123
28.816000,3321.123
28.817000,3317.451
28.818000,3317.451
28.819000,3317.451
28.820000,3317.451
28.821000,3317.451
28.822000,3316.212
28.823000,3316.212
28.824000,3316.212
28.825000,3316.212
28.826000,3316.212
28.827000,3317.690
28.828000,3317.690
28.829000,3317.690
28.830000,3317.690
28.831000,3317.690
28.832000,3319.407
28.833000,3319.407
28.834000,3319.407
28.835000,0.000
28.836000,3327.274
28.837000,3327.274
28.838000,3327.274
28.839000,3327.274
28.840000,3327.274
28.841000,3327.560
28.842000,3327.560
28.843000,3327.560
28.844000,3327.560
28.845000,3327.560
28.846000,3325.891
28.847000,3325.891
28.848000,3325.891
28.849000,3325.891
28.850000,3325.891
28.851000,3324.175
28.852000,3324.175
28.853000,3324.175
28.854000,3324.175
28.855000,3324.175
28.856000,3315.401
28.857000,3315.401
28.858000,3315.401
28.859000,3315.401
28.860000,3315.401
28.861000,3314.543
28.862000,3314.543
28.863000,3314.543
28.864000,3314.543
28.865000,3316.975
28.866000,3316.975
28.867000,3316.975
28.868000,3316.975
28.869000,3323.841
28.870000,3323.841
28.871000,3323.841
28.872000,3323.841
28.873000,3323.841
28.874000,3325.939
28.875000,3325.939
28.876000,3325.939
28.877000,3325.939
28.878000,3325.939
28.879000,3328.133
28.880000,3328.133
28.881000,3328.133
28.882000,3328.133
28.883000,3328.133
28.884000,3328.466
28.885000,3328.466
28.886000,3328.466
28.887000,3328.466
28.888000,3328.466
28.889000,3324.127
28.890000,3324.127
28.891000,3324.127
28.892000,3324.127
28.893000,3324.127
28.894000,3322.887
28.895000,3322.887
28.896000,3322.887
28.897000,3322.887
28.898000,0.000
28.899000,0.000
28.900000,0.000
28.901000,0.000
28.902000,0.000
28.903000,3318.071
28.904000,3318.071
28.905000,3318.071
28.906000,3318.071
28.907000,3318.071
28.908000,3321.218
28.909000,3321.218
28.910000,3321.218
28.911000,3321.218
28.912000,3321.218
28.913000,3321.314
28.914000,3321.314
28.915000,3321.314
28.916000,3321.314
28.917000,3321.314
28.918000,3327.417
28.919000,3327.417
28.920000,3327.417
28.921000,3327.417
28.922000,3327.417
28.923000,3325.844
28.924000,3325.844
28.925000,3325.844
28.926000,3325.844
28.927000,3325.844
28.928000,3324.223
28.929000,3324.223
28.930000,3324.223
28.931000,0.000
28.932000,0.000
28.933000,0.000
28.934000,0.000
28.935000,0.000
28.936000,0.000
28.937000,3407.669
28.938000,3407.669
28.939000,3407.669
28.940000,3407.669
28.941000,3407.669
28.942000,3417.778
28.943000,3417.778
28.944000,3417.778
28.945000,3417.778
28.946000,3417.778
28.947000,3418.970
28.948000,3418.970
28.949000,3418.970
28.950000,3418.970
28.951000,3418.970
28.952000,3423.357
28.953000,3423.357
28.954000,3423.357
28.955000,3423.357
28.956000,3423.357
28.957000,3454.018
28.958000,3454.018
28.959000,3454.018
28.960000,3454.018
28.961000,3465.080
28.962000,3465.080
28.963000,3465.080
28.964000,3465.080
28.965000,3632.498
28.966000,3632.498
28.967000,3632.498
28.968000,3632.498
28.969000,3632.498
28.970000,3630.304
28.971000,3630.304
28.972000,3630.304
28.973000,3630.304
28.974000,3630.304
28.975000,3629.827
28.976000,3629.827
28.977000,3629.827
28.978000,3629.827
28.979000,3629.827
28.980000,3683.710
28.981000,3683.710
28.982000,3683.710
28.983000,3683.710
28.984000,3683.710
28.985000,3697.348
28.986000,3697.348
28.987000,3697.348
28.988000,3697.348
28.989000,3697.348
28.990000,3699.350
28.991000,3699.350
28.992000,3699.350
28.993000,3699.350
28.994000,3796.101
28.995000,3796.101
28.996000,3796.101
28.997000,3796.101
28.998000,3796.101
28.999000,3794.956
29.000000,3794.956
29.001000,3794.956
29.002000,3794.956
29.003000,3794.956
29.004000,3794.146
29.005000,3794.146
29.006000,3794.146
29.007000,3794.146
29.008000,3794.146
29.009000,3793.812
29.010000,3793.812
29.011000,3793.812
29.012000,3793.812
29.013000,3793.812
29.014000,3792.000
29.015000,3792.000
29.016000,3792.000
29.017000,3792.000
29.018000,3792.000
29.019000,3791.523
29.020000,3791.523
29.021000,3791.523
29.022000,3791.523
29.023000,3791.523
29.024000,3788.662
29.025000,3788.662
29.026000,3788.662
29.027000,0.000
29.028000,3794.003
29.029000,3794.003
29.030000,3794.003
29.031000,3794.003
29.032000,3794.003
29.033000,3793.049
29.034000,3793.049
29.035000,3793.049
29.036000,3793.049
29.037000,3793.049
29.038000,3791.523
29.039000,3791.523
29.040000,3791.523
29.041000,3791.523
29.042000,3791.523
29.043000,3748.178
29.044000,3748.178
29.045000,3748.178
29.046000,3748.178
29.047000,3748.178
29.048000,3749.084
29.049000,3749.084
29.050000,3749.084
29.051000,3749.084
29.052000,3749.084
29.053000,3744.984
29.054000,3744.984
29.055000,3744.984
29.056000,3744.984
29.057000,3727.674
29.058000,3727.674
29.059000,3727.674
29.060000,3727.674
29.061000,3586.435
29.062000,3586.435
29.063000,3586.435
29.064000,3586.435
29.065000,3586.435
29.066000,3576.231
29.067000,3576.231
29.068000,3576.231
29.069000,3576.231
29.070000,3576.231
29.071000,3548.288
29.072000,3548.288
29.073000,3548.288
29.074000,3548.288
29.075000,3548.288
29.076000,3536.654
29.077000,3536.654
29.078000,3536.654
29.079000,3536.654
29.080000,3536.654
29.081000,3536.701
29.082000,3536.701
29.083000,3536.701
29.084000,3536.701
29.085000,3536.701
29.086000,3539.753
29.087000,3539.753
29.088000,3539.753
29.089000,3539.753
29.090000,3320.789
29.091000,3320.789
29.092000,3320.789
29.093000,3320.789
29.094000,3320.789
29.095000,3320.026
29.096000,3320.026
29.097000,3320.026
29.098000,3320.026
29.099000,3320.026
29.100000,3314.924
29.101000,3314.924
29.102000,3314.924
29.103000,3314.924
29.104000,3314.924
29.105000,3315.926
29.106000,3315.926
29.107000,3315.926
29.108000,3315.926
29.109000,3315.926
29.110000,3323.507
29.111000,3323.507
29.112000,3323.507
29.113000,3323.507
29.114000,3323.507
29.115000,3322.983
29.116000,3322.983
29.117000,3322.983
29.118000,3322.983
29.119000,3322.983
29.120000,3326.797
29.121000,3326.797
29.122000,3326.797
29.123000,0.000
29.124000,3318.834
29.125000,3318.834
29.126000,3318.834
29.127000,3318.834
29.128000,3318.834
29.129000,3318.930
29.130000,3318.930
29.131000,3318.930
29.132000,3318.930
29.133000,3318.930
29.134000,3313.494
29.135000,3313.494
29.136000,3313.494
29.137000,3313.494
29.138000,3313.494
29.139000,3314.304
29.140000,3314.304
29.141000,3314.304
29.142000,3314.304
29.143000,3314.304
29.144000,3316.212
29.145000,3316.212
29.146000,3316.212
29.147000,3316.212
29.148000,3316.212
29.149000,3319.693
29.150000,3319.693
29.151000,3319.693
29.152000,3319.693
29.153000,3321.838
29.154000,3321.838
29.155000,3321.838
29.156000,3321.838
29.157000,3325.796
29.158000,3325.796
29.159000,3325.796
29.160000,3325.796
29.161000,3325.796
29.162000,3324.556
29.163000,3324.556
29.164000,3324.556
29.165000,3324.556
29.166000,3324.556
29.167000,3324.175
29.168000,3324.175
29.169000,3324.175
29.170000,3324.175
29.171000,3324.175
29.172000,3316.593
29.173000,3316.593
29.174000,3316.593
29.175000,3316.593
29.176000,3316.593
29.177000,3314.877
29.178000,3314.877
29.179000,3314.877
29.180000,3314.877
29.181000,3314.877
29.182000,3316.545
29.183000,3316.545
29.184000,3316.545
29.185000,3316.545
29.186000,3323.126
29.187000,3323.126
29.188000,3323.126
29.189000,3323.126
29.190000,3323.126
29.191000,3324.461
29.192000,3324.461
29.193000,3324.461
29.194000,3324.461
29.195000,3324.461
29.196000,3325.891
29.197000,3325.891
29.198000,3325.891
29.199000,3325.891
29.200000,3325.891
29.201000,3326.559
29.202000,3326.559
29.203000,3326.559
29.204000,3326.559
29.205000,3326.559
29.206000,3324.318
29.207000,3324.318
29.208000,3324.318
29.209000,3324.318
29.210000,3324.318
29.211000,3321.409
29.212000,3321.409
29.213000,3321.409
29.214000,3321.409
29.215000,3321.409
29.216000,3321.791
29.217000,3321.791
29.218000,3321.791
29.219000,0.000
29.220000,3319.550
29.221000,3319.550
29.222000,3319.550
29.223000,3319.550
29.224000,3319.550
29.225000,3318.787
29.226000,3318.787
29.227000,3318.787
29.228000,3318.787
29.229000,3318.787
29.230000,3319.311
29.231000,3319.311
29.232000,3319.311
29.233000,3319.311
29.234000,3319.311
29.235000,3327.799
29.236000,3327.799
29.237000,3327.799
29.238000,3327.799
29.239000,3327.799
29.240000,3326.368
29.241000,3326.368
29.242000,3326.368
29.243000,3326.368
29.244000,3326.368
29.245000,3323.793
29.246000,3323.793
29.247000,3323.793
29.248000,3323.793
29.249000,3322.172
29.250000,3322.172
29.251000,3322.172
29.252000,3322.172
29.253000,3315.735
29.254000,3315.735
29.255000,3315.735
29.256000,3315.735
29.257000,3315.735
29.258000,3316.116
29.259000,3316.116
29.260000,3316.116
29.261000,3316.116
29.262000,3316.116
29.263000,3317.022
29.264000,3317.022
29.265000,3317.022
29.266000,3317.022
29.267000,3317.022
29.268000,3319.550
29.269000,3319.550
29.270000,3319.550
29.271000,3319.550
29.272000,3319.550
29.273000,3320.885
29.274000,3320.885
29.275000,3320.885
29.276000,3320.885
29.277000,3320.885
29.278000,3320.694
29.279000,3320.694
29.280000,3320.694
29.281000,3320.694
29.282000,0.000
29.283000,0.000
29.284000,0.000
29.285000,0.000
29.286000,0.000
29.287000,3322.172
29.288000,3322.172
29.289000,3322.172
29.290000,3322.172
29.291000,3322.172
29.292000,3321.934
29.293000,3321.934
29.294000,3321.934
29.295000,3321.934
29.296000,3321.934
29.297000,3320.503
29.298000,3320.503
29.299000,3320.503
29.300000,3320.503
29.301000,3320.503
29.302000,3319.168
29.303000,3319.168
29.304000,3319.168
29.305000,3319.168
29.306000,3319.168
29.307000,3319.407
29.308000,3319.407
29.309000,3319.407
29.310000,3319.407
29.311000,3319.407
29.312000,3321.362
29.313000,3321.362
29.314000,3321.362
29.315000,0.000
29.316000,3326.559
29.317000,3326.559
29.318000,3326.559
29.319000,3326.559
29.320000,3326.559
29.321000,3325.081
29.322000,3325.081
29.323000,3325.081
29.324000,3325.081
29.325000,3325.081
29.326000,3323.603
29.327000,3323.603
29.328000,3323.603
29.329000,3323.603
29.330000,3323.603
29.331000,3321.457
29.332000,3321.457
29.333000,3321.457
29.334000,3321.457
29.335000,3321.457
29.336000,3319.550
29.337000,3319.550
29.338000,3319.550
29.339000,3319.550
29.340000,3319.550
29.341000,3320.456
29.342000,3320.456
29.343000,3320.456
29.344000,3320.456
29.345000,3316.927
29.346000,3316.927
29.347000,3316.927
29.348000,3316.927
29.349000,3321.362
29.350000,3321.362
29.351000,3321.362
29.352000,3321.362
29.353000,3321.362
29.354000,3322.697
29.355000,3322.697
29.356000,3322.697
29.357000,3322.697
29.358000,3322.697
29.359000,3323.555
29.360000,3323.555
29.361000,3323.555
29.362000,3323.555
29.363000,3323.555
29.364000,3325.081
29.365000,3325.081
29.366000,3325.081
29.367000,3325.081
29.368000,3325.081
29.369000,3322.029
29.370000,3322.029
29.371000,3322.029
29.372000,3322.029
29.373000,3322.029
29.374000,3319.454
29.375000,3319.454
29.376000,3319.454
29.377000,3319.454
29.378000,3319.168
29.379000,3319.168
29.380000,3319.168
29.381000,3319.168
29.382000,3319.168
29.383000,3318.739
29.384000,3318.739
29.385000,3318.739
29.386000,3318.739
29.387000,3318.739
29.388000,3320.360
29.389000,3320.360
29.390000,3320.360
29.391000,3320.360
29.392000,3320.360
29.393000,3321.695
29.394000,3321.695
29.395000,3321.695
29.396000,3321.695
29.397000,3321.695
29.398000,3320.360
29.399000,3320.360
29.400000,3320.360
29.401000,3320.360
29.402000,3320.360
29.403000,3322.411
29.404000,3322.411
29.405000,3322.411
29.406000,3322.411
29.407000,3322.411
29.408000,3327.036
29.409000,3327.036
29.410000,3327.036
29.411000,0.000
29.412000,3321.362
29.413000,3321.362
29.414000,3321.362
29.415000,3321.362
29.416000,3321.362
29.417000,3319.836
29.418000,3319.836
29.419000,3319.836
29.420000,3319.836
29.421000,3319.836
29.422000,3318.071
29.423000,3318.071
29.424000,3318.071
29.425000,3318.071
29.426000,3318.071
29.427000,3314.447
29.428000,3314.447
29.429000,3314.447
29.430000,3314.447
29.431000,3314.447
29.432000,3315.878
29.433000,3315.878
29.434000,3315.878
29.435000,3315.878
29.436000,3315.878
29.437000,3322.601
29.438000,3322.601
29.439000,3322.601
29.440000,3322.601
29.441000,3322.411
29.442000,3322.411
29.443000,3322.411
29.444000,3322.411
29.445000,3321.362
29.446000,3321.362
29.447000,3321.362
29.448000,3321.362
29.449000,3321.362
29.450000,3319.788
29.451000,3319.788
29.452000,3319.788
29.453000,3319.788
29.454000,3319.788
29.455000,3317.642
29.456000,3317.642
29.457000,3317.642
29.458000,3317.642
29.459000,3317.642
29.460000,3320.980
29.461000,3320.980
29.462000,3320.980
29.463000,3320.980
29.464000,3320.980
29.465000,3317.499
29.466000,3317.499
29.467000,3317.499
29.468000,3317.499
29.469000,3317.499
29.470000,3315.020
29.471000,3315.020
29.472000,3315.020
29.473000,3315.020
29.474000,3323.317
29.475000,3323.317
29.476000,3323.317
29.477000,3323.317
29.478000,3323.317
29.479000,3328.943
29.480000,3328.943
29.481000,3328.943
29.482000,3328.943
29.483000,3328.943
29.484000,3328.514
29.485000,3328.514
29.486000,3328.514
29.487000,3328.514
29.488000,3328.514
29.489000,3325.653
29.490000,3325.653
29.491000,3325.653
29.492000,3325.653
29.493000,3325.653
29.494000,3325.272
29.495000,3325.272
29.496000,3325.272
29.497000,3325.272
29.498000,3325.272
29.499000,3317.022
29.500000,3317.022
29.501000,3317.022
29.502000,3317.022
29.503000,3317.022
29.504000,3314.972
29.505000,3314.972
29.506000,3314.972
29.507000,0.000
29.508000,3323.364
29.509000,3323.364
29.510000,3323.364
29.511000,3323.364
29.512000,3323.364
29.513000,3324.652
29.514000,3324.652
29.515000,3324.652
29.516000,3324.652
29.517000,3324.652
29.518000,3325.033
29.519000,3325.033
29.520000,3325.033
29.521000,3325.033
29.522000,3325.033
29.523000,3327.894
29.524000,3327.894
29.525000,3327.894
29.526000,3327.894
29.527000,3327.894
29.528000,3326.702
29.529000,3326.702
29.530000,3326.702
29.531000,3326.702
29.532000,3326.702
29.533000,3323.936
29.534000,3323.936
29.535000,3323.936
29.536000,3323.936
29.537000,3323.460
29.538000,3323.460
29.539000,3323.460
29.540000,3323.460
29.541000,3315.353
29.542000,3315.353
29.543000,3315.353
29.544000,3315.353
29.545000,3315.353
29.546000,3318.214
29.547000,3318.214
29.548000,3318.214
29.549000,3318.214
29.550000,3318.214
29.551000,3320.408
29.552000,3320.408
29.553000,3320.408
29.554000,3320.408
29.555000,3320.408
29.556000,3320.503
29.557000,3320.503
29.558000,3320.503
29.559000,3320.503
29.560000,3320.503
29.561000,3320.360
29.562000,3320.360
29.563000,3320.360
29.564000,3320.360
29.565000,3320.360
29.566000,3326.988
29.567000,3326.988
29.568000,3326.988
29.569000,3326.988
29.570000,3321.123
29.571000,3321.123
29.572000,3321.123
29.573000,3321.123
29.574000,3321.123
29.575000,3320.599
29.576000,3320.599
29.577000,3320.599
29.578000,3320.599
29.579000,3320.599
29.580000,3318.310
29.581000,3318.310
29.582000,3318.310
29.583000,3318.310
29.584000,3318.310
29.585000,3317.785
29.586000,3317.785
29.587000,3317.785
29.588000,3317.785
29.589000,3317.785
29.590000,3318.596
29.591000,3318.596
29.592000,3318.596
29.593000,3318.596
29.594000,3318.596
29.595000,3320.169
29.596000,3320.169
29.597000,3320.169
29.598000,3320.169
29.599000,3320.169
29.600000,3322.077
29.601000,3322.077
29.602000,3322.077
29.603000,0.000
29.604000,3326.607
29.605000,3326.607
29.606000,3326.607
29.607000,3326.607
29.608000,3326.607
29.609000,3325.081
29.610000,3325.081
29.611000,3325.081
29.612000,3325.081
29.613000,3325.081
29.614000,3325.272
29.615000,3325.272
29.616000,3325.272
29.617000,3325.272
29.618000,3325.272
29.619000,3324.080
29.620000,3324.080
29.621000,3324.080
29.622000,3324.080
29.623000,3324.080
29.624000,3320.980
29.625000,3320.980
29.626000,3320.980
29.627000,3320.980
29.628000,3320.980
29.629000,3319.645
29.630000,3319.645
29.631000,3319.645
29.632000,3319.645
29.633000,3329.229
29.634000,3329.229
29.635000,3329.229
29.636000,3329.229
29.637000,3329.229
29.638000,3327.370
29.639000,3327.370
29.640000,3327.370
29.641000,3327.370
29.642000,3327.370
29.643000,3325.176
29.644000,3325.176
29.645000,3325.176
29.646000,3325.176
29.647000,3325.176
29.648000,3322.792
29.649000,3322.792
29.650000,3322.792
29.651000,3322.792
29.652000,3322.792
29.653000,3320.599
29.654000,3320.599
29.655000,3320.599
29.656000,3320.599
29.657000,3320.599
29.658000,3320.026
29.659000,3320.026
29.660000,3320.026
29.661000,3320.026
29.662000,3320.026
29.663000,3320.122
29.664000,3320.122
29.665000,3320.122
29.666000,3320.122
29.667000,3320.313
29.668000,3320.313
29.669000,3320.313
29.670000,3320.313
29.671000,3320.313
29.672000,3319.740
29.673000,3319.740
29.674000,3319.740
29.675000,3319.740
29.676000,3319.740
29.677000,3321.409
29.678000,3321.409
29.679000,3321.409
29.680000,3321.409
29.681000,3321.409
29.682000,3321.362
29.683000,3321.362
29.684000,3321.362
29.685000,3321.362
29.686000,3321.362
29.687000,3324.652
29.688000,3324.652
29.689000,3324.652
29.690000,3324.652
29.691000,3324.652
29.692000,3321.791
29.693000,3321.791
29.694000,3321.791
29.695000,3321.791
29.696000,0.000
29.697000,3320.217
29.698000,3320.217
29.699000,3320.217
29.700000,3320.217
29.701000,3320.217
29.702000,3319.645
29.703000,3319.645
29.704000,3319.645
29.705000,3319.645
29.706000,3319.645
29.707000,3321.075
29.708000,3321.075
29.709000,3321.075
29.710000,3321.075
29.711000,3321.075
29.712000,3321.123
29.713000,3321.123
29.714000,3321.123
29.715000,3321.123
29.716000,3321.123
29.717000,3323.126
29.718000,3323.126
29.719000,3323.126
29.720000,3323.126
29.721000,3323.126
29.722000,3322.887
29.723000,3322.887
29.724000,3322.887
29.725000,3322.887
29.726000,3322.887
29.727000,3323.984
29.728000,3323.984
29.729000,3323.984
29.730000,3323.984
29.731000,3322.029
29.732000,3322.029
29.733000,3322.029
29.734000,3322.029
29.735000,3322.029
29.736000,3321.266
29.737000,3321.266
29.738000,3321.266
29.739000,3321.266
29.740000,3321.266
29.741000,3318.596
29.742000,3318.596
29.743000,3318.596
29.744000,3318.596
29.745000,3318.596
29.746000,3313.351
29.747000,3313.351
29.748000,3313.351
29.749000,3313.351
29.750000,3313.351
29.751000,3315.115
29.752000,3315.115
29.753000,3315.115
29.754000,3315.115
29.755000,3315.115
29.756000,3322.887
29.757000,3322.887
29.758000,3322.887
29.759000,3322.887
29.760000,0.000
29.761000,3327.417
29.762000,3327.417
29.763000,3327.417
29.764000,3327.417
29.765000,3327.417
29.766000,3319.550
29.767000,3319.550
29.768000,3319.550
29.769000,3319.550
29.770000,3319.550
29.771000,3320.408
29.772000,3320.408
29.773000,3320.408
29.774000,3320.408
29.775000,3320.408
29.776000,3314.352
29.777000,3314.352
29.778000,3314.352
29.779000,3314.352
29.780000,3314.352
29.781000,3314.257
29.782000,3314.257
29.783000,3314.257
29.784000,3314.257
29.785000,3314.257
29.786000,3318.024
29.787000,3318.024
29.788000,3318.024
29.789000,3318.024
29.790000,3318.024
29.791000,3319.073
29.792000,3319.073
29.793000,3319.073
29.794000,3319.073
29.795000,3328.514
29.796000,3328.514
29.797000,3328.514
29.798000,3328.514
29.799000,3328.514
29.800000,3327.084
29.801000,3327.084
29.802000,3327.084
29.803000,3327.084
29.804000,3327.084
29.805000,3323.936
29.806000,3323.936
29.807000,3323.936
29.808000,3323.936
29.809000,3323.936
29.810000,3323.221
29.811000,3323.221
29.812000,3323.221
29.813000,3323.221
29.814000,3323.221
29.815000,3316.307
29.816000,3316.307
29.817000,3316.307
29.818000,3316.307
29.819000,3316.307
29.820000,3316.641
29.821000,3316.641
29.822000,3316.641
29.823000,3316.641
29.824000,0.000
29.825000,3319.740
29.826000,3319.740
29.827000,3319.740
29.828000,3319.740
29.829000,3319.740
29.830000,3326.225
29.831000,3326.225
29.832000,3326.225
29.833000,3326.225
29.834000,3326.225
29.835000,3324.556
29.836000,3324.556
29.837000,3324.556
29.838000,3324.556
29.839000,3324.556
29.840000,3323.650
29.841000,3323.650
29.842000,3323.650
29.843000,3323.650
29.844000,3323.650
29.845000,3322.315
29.846000,3322.315
29.847000,3322.315
29.848000,3322.315
29.849000,3322.315
29.850000,3322.887
29.851000,3322.887
29.852000,3322.887
29.853000,3322.887
29.854000,3322.887
29.855000,3321.409
29.856000,3321.409
29.857000,3321.409
29.858000,3321.409
29.859000,0.000
29.860000,0.000
29.861000,0.000
29.862000,0.000
29.863000,0.000
29.864000,3319.168
29.865000,3319.168
29.866000,3319.168
29.867000,3319.168
29.868000,3319.168
29.869000,3321.552
29.870000,3321.552
29.871000,3321.552
29.872000,3321.552
29.873000,3321.552
29.874000,3325.033
29.875000,3325.033
29.876000,3325.033
29.877000,3325.033
29.878000,3325.033
29.879000,3321.838
29.880000,3321.838
29.881000,3321.838
29.882000,3321.838
29.883000,3321.838
29.884000,3321.362
29.885000,3321.362
29.886000,3321.362
29.887000,3321.362
29.888000,0.000
29.889000,3322.077
29.890000,3322.077
29.891000,3322.077
29.892000,3322.077
29.893000,3322.077
29.894000,3319.216
29.895000,3319.216
29.896000,3319.216
29.897000,3319.216
29.898000,3319.216
29.899000,3319.359
29.900000,3319.359
29.901000,3319.359
29.902000,3319.359
29.903000,3319.359
29.904000,3318.453
29.905000,3318.453
29.906000,3318.453
29.907000,3318.453
29.908000,3318.453
29.909000,3319.645
29.910000,3319.645
29.911000,3319.645
29.912000,3319.645
29.913000,3319.645
29.914000,3322.411
29.915000,3322.411
29.916000,3322.411
29.917000,3322.411
29.918000,3322.411
29.919000,3322.840
29.920000,3322.840
29.921000,3322.840
29.922000,3322.840
29.923000,3323.984
29.924000,3323.984
29.925000,3323.984
29.926000,3323.984
29.927000,3323.984
29.928000,3322.792
29.929000,3322.792
29.930000,3322.792
29.931000,3322.792
29.932000,3322.792
29.933000,3322.077
29.934000,3322.077
29.935000,3322.077
29.936000,3322.077
29.937000,3322.077
29.938000,3319.693
29.939000,3319.693
29.940000,3319.693
29.941000,3319.693
29.942000,3319.693
29.943000,3318.357
29.944000,3318.357
29.945000,3318.357
29.946000,3318.357
29.947000,3318.357
29.948000,3319.645
29.949000,3319.645
29.950000,3319.645
29.951000,3319.645
29.952000,0.000
29.953000,3322.887
29.954000,3322.887
29.955000,3322.887
29.956000,3322.887
29.957000,3322.887
29.958000,3323.078
29.959000,3323.078
29.960000,3323.078
29.961000,3323.078
29.962000,3323.078
29.963000,3321.600
29.964000,3321.600
29.965000,3321.600
29.966000,3321.600
29.967000,3321.600
29.968000,3320.408
29.969000,3320.408
29.970000,3320.408
29.971000,3320.408
29.972000,3320.408
29.973000,3320.742
29.974000,3320.742
29.975000,3320.742
29.976000,3320.742
29.977000,3320.742
29.978000,3314.686
29.979000,3314.686
29.980000,3314.686
29.981000,3314.686
29.982000,3314.686
29.983000,3315.496
29.984000,3315.496
29.985000,3315.496
29.986000,3315.496
29.987000,3320.265
29.988000,3320.265
29.989000,3320.265
29.990000,3320.265
29.991000,3320.265
29.992000,3324.986
29.993000,3324.986
29.994000,3324.986
29.995000,3324.986
29.996000,3324.986
29.997000,3323.221
29.998000,3323.221
29.999000,3323.221
30.000000,3323.221
30.001000,3323.221
30.002000,3319.788
30.003000,3319.788
30.004000,3319.788
30.005000,3319.788
30.006000,3319.788
30.007000,3318.977
30.008000,3318.977
30.009000,3318.977
30.010000,3318.977
30.011000,3318.977
30.012000,3318.262
30.013000,3318.262
30.014000,3318.262
30.015000,3318.262
30.016000,0.000
30.017000,3314.781
30.018000,3314.781
30.019000,3314.781
30.020000,3314.781
30.021000,3314.781
30.022000,3322.506
30.023000,3322.506
30.024000,3322.506
30.025000,3322.506
30.026000,3322.506
30.027000,3323.936
30.028000,3323.936
30.029000,3323.936
30.030000,3323.936
30.031000,3323.936
30.032000,3327.417
30.033000,3327.417
30.034000,3327.417
30.035000,3327.417
30.036000,3327.417
30.037000,3327.417
30.038000,3327.417
30.039000,3327.417
30.040000,3327.417
30.041000,3327.417
30.042000,3323.507
30.043000,3323.507
30.044000,3323.507
30.045000,3323.507
30.046000,3323.507
30.047000,3322.268
30.048000,3322.268
30.049000,3322.268
30.050000,3322.268
30.051000,3316.069
30.052000,3316.069
30.053000,3316.069
30.054000,3316.069
30.055000,3316.069
30.056000,3316.641
30.057000,3316.641
30.058000,3316.641
30.059000,3316.641
30.060000,3316.641
30.061000,3320.980
30.062000,3320.980
30.063000,3320.980
30.064000,3320.980
30.065000,3320.980
30.066000,3322.315
30.067000,3322.315
30.068000,3322.315
30.069000,3322.315
30.070000,3322.315
30.071000,3329.182
30.072000,3329.182
30.073000,3329.182
30.074000,3329.182
30.075000,3329.182
30.076000,3326.797
30.077000,3326.797
30.078000,3326.797
30.079000,3326.797
30.080000,0.000
30.081000,3323.793
30.082000,3323.793
30.083000,3323.793
30.084000,3323.793
30.085000,3323.793
30.086000,3315.401
30.087000,3315.401
30.088000,3315.401
30.089000,3315.401
30.090000,3315.401
30.091000,3315.973
30.092000,3315.973
30.093000,3315.973
30.094000,3315.973
30.095000,3315.973
30.096000,3318.214
30.097000,3318.214
30.098000,3318.214
30.099000,3318.214
30.100000,3318.214
30.101000,3320.360
30.102000,3320.360
30.103000,3320.360
30.104000,3320.360
30.105000,3320.360
30.106000,3319.550
30.107000,3319.550
30.108000,3319.550
30.109000,3319.550
30.110000,3319.550
30.111000,3322.744
30.112000,3322.744
30.113000,3322.744
30.114000,3322.744
30.115000,3326.464
30.116000,3326.464
30.117000,3326.464
30.118000,3326.464
30.119000,3326.464
30.120000,3322.887
30.121000,3322.887
30.122000,3322.887
30.123000,3322.887
30.124000,3322.887
30.125000,3316.402
30.126000,3316.402
30.127000,3316.402
30.128000,3316.402
30.129000,3316.402
30.130000,3316.927
30.131000,3316.927
30.132000,3316.927
30.133000,3316.927
30.134000,3316.927
30.135000,3318.834
30.136000,3318.834
30.137000,3318.834
30.138000,3318.834
30.139000,3318.834
30.140000,3320.122
30.141000,3320.122
30.142000,3320.122
30.143000,3320.122
30.144000,0.000
30.145000,3322.935
30.146000,3322.935
30.147000,3322.935
30.148000,3322.935
30.149000,3322.935
30.150000,3323.269
30.151000,3323.269
30.152000,3323.269
30.153000,3323.269
30.154000,3323.269
30.155000,3322.935
30.156000,3322.935
30.157000,3322.935
30.158000,3322.935
30.159000,3322.935
30.160000,3322.697
30.161000,3322.697
30.162000,3322.697
30.163000,3322.697
30.164000,3322.697
30.165000,3319.216
30.166000,3319.216
30.167000,3319.216
30.168000,3319.216
30.169000,3319.216
30.170000,3320.837
30.171000,3320.837
30.172000,3320.837
30.173000,3320.837
30.174000,3320.837
30.175000,3318.882
30.176000,3318.882
30.177000,3318.882
30.178000,3318.882
30.179000,3320.456
30.180000,3320.456
30.181000,3320.456
30.182000,3320.456
30.183000,3320.456
30.184000,3327.084
30.185000,3327.084
30.186000,3327.084
30.187000,3327.084
30.188000,3327.084
30.189000,3325.415
30.190000,3325.415
30.191000,3325.415
30.192000,3325.415
30.193000,3325.415
30.194000,3324.223
30.195000,3324.223
30.196000,3324.223
30.197000,3324.223
30.198000,3324.223
30.199000,3324.938
30.200000,3324.938
30.201000,3324.938
30.202000,3324.938
30.203000,3324.938
30.204000,3321.457
30.205000,3321.457
30.206000,3321.457
30.207000,3321.457
30.208000,0.000
30.209000,3319.979
30.210000,3319.979
30.211000,3319.979
30.212000,3319.979
30.213000,3319.979
30.214000,3320.694
30.215000,3320.694
30.216000,3320.694
30.217000,3320.694
30.218000,3320.694
30.219000,3323.269
30.220000,3323.269
30.221000,3323.269
30.222000,3323.269
30.223000,3323.269
30.224000,3323.364
30.225000,3323.364
30.226000,3323.364
30.227000,3323.364
30.228000,3323.364
30.229000,3321.695
30.230000,3321.695
30.231000,3321.695
30.232000,3321.695
30.233000,3321.695
30.234000,3326.941
30.235000,3326.941
30.236000,3326.941
30.237000,3326.941
30.238000,3326.941
30.239000,3327.322
30.240000,3327.322
30.241000,3327.322
30.242000,3327.322
30.243000,3320.360
30.244000,3320.360
30.245000,3320.360
30.246000,3320.360
30.247000,3320.360
30.248000,3320.217
30.249000,3320.217
30.250000,3320.217
30.251000,3320.217
30.252000,3320.217
30.253000,3320.980
30.254000,3320.980
30.255000,3320.980
30.256000,3320.980
30.257000,3320.980
30.258000,3322.744
30.259000,3322.744
30.260000,3322.744
30.261000,3322.744
30.262000,3322.744
30.263000,3323.698
30.264000,3323.698
30.265000,3323.698
30.266000,3323.698
30.267000,3323.698
30.268000,3322.935
30.269000,3322.935
30.270000,3322.935
30.271000,3322.935
30.272000,0.000
30.273000,3326.654
30.274000,3326.654
30.275000,3326.654
30.276000,3326.654
30.277000,3326.654
30.278000,3319.931
30.279000,3319.931
30.280000,3319.931
30.281000,3319.931
30.282000,3319.931
30.283000,3316.212
30.284000,3316.212
30.285000,3316.212
30.286000,3316.212
30.287000,3316.212
30.288000,3314.638
30.289000,3314.638
30.290000,3314.638
30.291000,3314.638
30.292000,3314.638
30.293000,3318.310
30.294000,3318.310
30.295000,3318.310
30.296000,3318.310
30.297000,3318.310
30.298000,3319.550
30.299000,3319.550
30.300000,3319.550
30.301000,3319.550
30.302000,3319.550
30.303000,3319.645
30.304000,3319.645
30.305000,3319.645
30.306000,3319.645
30.307000,3321.600
30.308000,3321.600
30.309000,3321.600
30.310000,3321.600
30.311000,3321.600
30.312000,3321.314
30.313000,3321.314
30.314000,3321.314
30.315000,3321.314
30.316000,3321.314
30.317000,3318.357
30.318000,3318.357
30.319000,3318.357
30.320000,3318.357
30.321000,3318.357
30.322000,3315.353
30.323000,3315.353
30.324000,3315.353
30.325000,3315.353
30.326000,3315.353
30.327000,3314.638
30.328000,3314.638
30.329000,3314.638
30.330000,3314.638
30.331000,3314.638
30.332000,3319.311
30.333000,3319.311
30.334000,3319.311
30.335000,3319.311
30.336000,0.000
30.337000,3319.883
30.338000,3319.883
30.339000,3319.883
30.340000,3319.883
30.341000,3319.883
30.342000,3329.372
30.343000,3329.372
30.344000,3329.372
30.345000,3329.372
30.346000,3329.372
30.347000,3325.939
30.348000,3325.939
30.349000,3325.939
30.350000,3325.939
30.351000,3325.939
30.352000,3324.223
30.353000,3324.223
30.354000,3324.223
30.355000,3324.223
30.356000,3324.223
30.357000,3323.507
30.358000,3323.507
30.359000,3323.507
30.360000,3323.507
30.361000,3323.507
30.362000,3321.362
30.363000,3321.362
30.364000,3321.362
30.365000,3321.362
30.366000,3321.362
30.367000,3319.836
30.368000,3319.836
30.369000,3319.836
30.370000,3317.261
30.371000,3329.563
30.372000,3329.563
30.373000,3329.563
30.374000,3329.563
30.375000,3329.563
30.376000,3328.466
30.377000,3328.466
30.378000,3328.466
30.379000,3328.466
30.380000,3328.466
30.381000,3325.891
30.382000,3325.891
30.383000,3325.891
30.384000,3325.891
30.385000,3325.891
30.386000,3322.840
30.387000,3322.840
30.388000,3322.840
30.389000,3322.840
30.390000,3322.840
30.391000,3322.315
30.392000,3322.315
30.393000,3322.315
30.394000,3322.315
30.395000,3322.315
30.396000,3322.649
30.397000,3322.649
30.398000,3322.649
30.399000,3322.649
30.400000,0.000
30.401000,3320.360
30.402000,3320.360
30.403000,3320.360
30.404000,3320.360
30.405000,3320.360
30.406000,3320.074
30.407000,3320.074
30.408000,3320.074
30.409000,3320.074
30.410000,3320.074
30.411000,3320.122
30.412000,3320.122
30.413000,3320.122
30.414000,3320.122
30.415000,3320.122
30.416000,3322.268
30.417000,3322.268
30.418000,3322.268
30.419000,3322.268
30.420000,3322.268
30.421000,3322.887
30.422000,3322.887
30.423000,3322.887
30.424000,3322.887
30.425000,3322.887
30.426000,3326.559
30.427000,3326.559
30.428000,3326.559
30.429000,3326.559
30.430000,3326.559
30.431000,3321.123
30.432000,3321.123
30.433000,3321.123
30.434000,3321.123
30.435000,3319.645
30.436000,3319.645
30.437000,3319.645
30.438000,3319.645
30.439000,3319.645
30.440000,3320.980
30.441000,3320.980
30.442000,3320.980
30.443000,3320.980
30.444000,3320.980
30.445000,3320.313
30.446000,3320.313
30.447000,3320.313
30.448000,3320.313
30.449000,3320.313
30.450000,3322.172
30.451000,3322.172
30.452000,3322.172
30.453000,3322.172
30.454000,3322.172
30.455000,3321.218
30.456000,3321.218
30.457000,3321.218
30.458000,3321.218
30.459000,3321.218
30.460000,3323.269
30.461000,3323.269
30.462000,3323.269
30.463000,3323.269
30.464000,0.000
30.465000,3325.129
30.466000,3325.129
30.467000,3325.129
30.468000,3325.129
30.469000,3325.129
30.470000,3319.597
30.471000,3319.597
30.472000,3319.597
30.473000,3319.597
30.474000,3319.597
30.475000,3316.689
30.476000,3316.689
30.477000,3316.689
30.478000,3316.689
30.479000,3316.689
30.480000,3315.592
30.481000,3315.592
30.482000,3315.592
30.483000,3315.592
30.484000,3315.592
30.485000,3318.024
30.486000,3318.024
30.487000,3318.024
30.488000,3318.024
30.489000,3318.024
30.490000,3322.411
30.491000,3322.411
30.492000,3322.411
30.493000,3322.411
30.494000,3322.411
30.495000,3322.983
30.496000,3322.983
30.497000,3322.983
30.498000,3322.983
30.499000,3324.223
30.500000,3324.223
30.501000,3324.223
30.502000,3324.223
30.503000,3324.223
30.504000,3321.743
30.505000,3321.743
30.506000,3321.743
30.507000,3321.743
30.508000,3321.743
30.509000,3319.883
30.510000,3319.883
30.511000,3319.883
30.512000,3319.883
30.513000,3319.883
30.514000,3318.596
30.515000,3318.596
30.516000,3318.596
30.517000,3318.596
30.518000,3318.596
30.519000,3314.161
30.520000,3314.161
30.521000,3314.161
30.522000,3314.161
30.523000,3314.161
30.524000,3316.069
30.525000,3316.069
30.526000,3316.069
30.527000,3316.069
30.528000,0.000
30.529000,3318.596
30.530000,3318.596
30.531000,3318.596
30.532000,3318.596
30.533000,3318.596
30.534000,0.000
30.535000,0.000
30.536000,0.000
30.537000,0.000
30.538000,0.000
30.539000,3324.652
30.540000,3324.652
30.541000,3324.652
30.542000,3324.652
30.543000,3324.652
30.544000,3323.030
30.545000,3323.030
30.546000,3323.030
30.547000,3323.030
30.548000,3323.030
30.549000,3323.221
30.550000,3323.221
30.551000,3323.221
30.552000,3323.221
30.553000,3323.221
30.554000,3316.116
30.555000,3316.116
30.556000,3316.116
30.557000,3316.116
30.558000,3316.116
30.559000,3315.353
30.560000,3315.353
30.561000,3315.353
30.562000,3315.353
30.563000,3322.887
30.564000,3322.887
30.565000,3322.887
30.566000,3322.887
30.567000,3322.887
30.568000,3325.510
30.569000,3325.510
30.570000,3325.510
30.571000,3325.510
30.572000,3325.510
30.573000,3326.511
30.574000,3326.511
30.575000,3326.511
30.576000,3326.511
30.577000,3326.511
30.578000,3324.699
30.579000,3324.699
30.580000,3324.699
30.581000,3324.699
30.582000,3324.699
30.583000,3324.604
30.584000,3324.604
30.585000,3324.604
30.586000,3324.604
30.587000,3324.604
30.588000,3325.224
30.589000,3325.224
30.590000,3325.224
30.591000,3325.224
30.592000,1662.588
30.593000,3321.218
30.594000,3321.218
30.595000,3321.218
30.596000,3321.218
30.597000,3321.218
30.598000,3317.785
30.599000,3317.785
30.600000,3317.785
30.601000,3317.785
30.602000,3317.785
30.603000,3320.742
30.604000,3320.742
30.605000,3320.742
30.606000,3320.742
30.607000,3320.742
30.608000,3321.028
30.609000,3321.028
30.610000,3321.028
30.611000,3321.028
30.612000,3321.028
30.613000,3320.932
30.614000,3320.932
30.615000,3320.932
30.616000,3320.932
30.617000,3320.932
30.618000,3323.984
30.619000,3323.984
30.620000,3323.984
30.621000,3323.984
30.622000,3323.984
30.623000,3321.934
30.624000,3321.934
30.625000,3321.934
30.626000,3321.934
30.627000,3411.198
30.628000,3411.198
30.629000,3411.198
30.630000,3411.198
30.631000,3411.198
30.632000,3419.685
30.633000,3419.685
30.634000,3419.685
30.635000,3419.685
30.636000,3419.685
30.637000,3452.349
30.638000,3452.349
30.639000,3452.349
30.640000,3452.349
30.641000,3452.349
30.642000,3467.131
30.643000,3467.131
30.644000,3467.131
30.645000,3467.131
30.646000,3467.131
30.647000,3481.579
30.648000,3481.579
30.649000,3481.579
30.650000,3481.579
30.651000,3481.579
30.652000,3488.016
30.653000,3488.016
30.654000,3488.016
30.655000,3488.016
30.656000,0.000
30.657000,3488.588
30.658000,3488.588
30.659000,3488.588
30.660000,3488.588
30.661000,3488.588
30.662000,3584.242
30.663000,3584.242
30.664000,3584.242
30.665000,3584.242
30.666000,3584.242
30.667000,3582.525
30.668000,3582.525
30.669000,3582.525
30.670000,3582.525
30.671000,3582.525
30.672000,3579.807
30.673000,3579.807
30.674000,3579.807
30.675000,3579.807
30.676000,3579.807
30.677000,3582.430
30.678000,3582.430
30.679000,3582.430
30.680000,3582.430
30.681000,3582.430
30.682000,3573.322
30.683000,3573.322
30.684000,3573.322
30.685000,3573.322
30.686000,3573.322
30.687000,3544.950
30.688000,3544.950
30.689000,3544.950
30.690000,3544.950
30.691000,3403.473
30.692000,3403.473
30.693000,3403.473
30.694000,3403.473
30.695000,3403.473
30.696000,3394.270
30.697000,3394.270
30.698000,3394.270
30.699000,3394.270
30.700000,3394.270
30.701000,3379.345
30.702000,3379.345
30.703000,3379.345
30.704000,3379.345
30.705000,3379.345
30.706000,3373.098
30.707000,3373.098
30.708000,3373.098
30.709000,3373.098
30.710000,3373.098
30.711000,3372.478
30.712000,3372.478
30.713000,3372.478
30.714000,3372.478
30.715000,3372.478
30.716000,3363.466
30.717000,3363.466
30.718000,3363.466
30.719000,3363.466
30.720000,0.000
30.721000,3315.067
30.722000,3315.067
30.723000,3315.067
30.724000,3315.067
30.725000,3315.067
30.726000,3322.029
30.727000,3322.029
30.728000,3322.029
30.729000,3322.029
30.730000,3322.029
30.731000,3320.551
30.732000,3320.551
30.733000,3320.551
30.734000,3320.551
30.735000,3320.551
30.736000,3325.033
30.737000,3325.033
30.738000,3325.033
30.739000,3325.033
30.740000,3325.033
30.741000,3321.648
30.742000,3321.648
30.743000,3321.648
30.744000,3321.648
30.745000,3321.648
30.746000,3320.360
30.747000,3320.360
30.748000,3320.360
30.749000,3320.360
30.750000,3320.360
30.751000,3320.408
30.752000,3320.408
30.753000,3320.408
30.754000,3320.408
30.755000,3320.456
30.756000,3320.456
30.757000,3320.456
30.758000,3320.456
30.759000,3320.456
30.760000,3324.461
30.761000,3324.461
30.762000,3324.461
30.763000,3324.461
30.764000,3324.461
30.765000,3323.460
30.766000,3323.460
30.767000,3323.460
30.768000,3323.460
30.769000,3323.460
30.770000,3325.510
30.771000,3325.510
30.772000,3325.510
30.773000,3325.510
30.774000,3325.510
30.775000,3328.180
30.776000,3328.180
30.777000,3328.180
30.778000,3328.180
30.779000,3328.180
30.780000,3327.465
30.781000,3327.465
30.782000,3327.465
30.783000,3327.465
30.784000,0.000
30.785000,3321.648
30.786000,3321.648
30.787000,3321.648
30.788000,3321.648
30.789000,3321.648
30.790000,3315.306
30.791000,3315.306
30.792000,3315.306
30.793000,3315.306
30.794000,3315.306
30.795000,3316.307
30.796000,3316.307
30.797000,3316.307
30.798000,3316.307
30.799000,3316.307
30.800000,3321.791
30.801000,3321.791
30.802000,3321.791
30.803000,3321.791
30.804000,3321.791
30.805000,3327.417
30.806000,3327.417
30.807000,3327.417
30.808000,3327.417
30.809000,3327.417
30.810000,3320.169
30.811000,3320.169
30.812000,3320.169
30.813000,3320.169
30.814000,3320.169
30.815000,3286.076
30.816000,3286.076
30.817000,3286.076
30.818000,3286.076
30.819000,3732.157
30.820000,3732.157
30.821000,3732.157
30.822000,3732.157
30.823000,3732.157
30.824000,3810.358
30.825000,3810.358
30.826000,3810.358
30.827000,3810.358
30.828000,3810.358
30.829000,3857.756
30.830000,3857.756
30.831000,3857.756
30.832000,3857.756
30.833000,3857.756
30.834000,3950.453
30.835000,3950.453
30.836000,3950.453
30.837000,3950.453
30.838000,3950.453
30.839000,4005.623
30.840000,4005.623
30.841000,4005.623
30.842000,4005.623
30.843000,4005.623
30.844000,4116.869
30.845000,4116.869
30.846000,4116.869
30.847000,4116.869
30.848000,0.000
30.849000,4263.353
30.850000,4263.353
30.851000,4263.353
30.852000,4263.353
30.853000,4263.353
30.854000,3559.351
30.855000,3559.351
30.856000,3559.351
30.857000,3559.351
30.858000,3559.351
30.859000,3510.141
30.860000,3510.141
30.861000,3510.141
30.862000,3510.141
30.863000,3510.141
30.864000,3436.852
30.865000,3436.852
30.866000,3436.852
30.867000,3436.852
30.868000,3436.852
30.869000,3390.646
30.870000,3390.646
30.871000,3390.646
30.872000,3390.646
30.873000,3390.646
30.874000,3281.498
30.875000,3281.498
30.876000,3281.498
30.877000,3281.498
30.878000,3281.498
30.879000,3233.337
30.880000,3233.337
30.881000,3233.337
30.882000,3233.337
30.883000,3325.319
30.884000,3325.319
30.885000,3325.319
30.886000,3325.319
30.887000,3325.319
30.888000,3321.600
30.889000,3321.600
30.890000,3321.600
30.891000,3321.600
30.892000,3321.600
30.893000,3320.551
30.894000,3320.551
30.895000,3320.551
30.896000,3320.551
30.897000,3320.551
30.898000,3321.457
30.899000,3321.457
30.900000,3321.457
30.901000,3321.457
30.902000,3321.457
30.903000,3320.074
30.904000,3320.074
30.905000,3320.074
30.906000,3320.074
30.907000,3320.074
30.908000,3320.169
30.909000,3320.169
30.910000,3320.169
30.911000,3320.169
30.912000,0.000
30.913000,3315.210
30.914000,3315.210
30.915000,3315.210
30.916000,3315.210
30.917000,3315.210
30.918000,3326.607
30.919000,3326.607
30.920000,3326.607
30.921000,3326.607
30.922000,3326.607
30.923000,3324.461
30.924000,3324.461
30.925000,3324.461
30.926000,3324.461
30.927000,3324.461
30.928000,3324.556
30.929000,3324.556
30.930000,3324.556
30.931000,3324.556
30.932000,3324.556
30.933000,3322.840
30.934000,3322.840
30.935000,3322.840
30.936000,3322.840
30.937000,3322.840
30.938000,3320.169
30.939000,3320.169
30.940000,3320.169
30.941000,3320.169
30.942000,3320.169
30.943000,3320.169
30.944000,3320.169
30.945000,3320.169
30.946000,3320.169
30.947000,3322.029
30.948000,3322.029
30.949000,3322.029
30.950000,3322.029
30.951000,3322.029
30.952000,3323.936
30.953000,3323.936
30.954000,3323.936
30.955000,3323.936
30.956000,3323.936
30.957000,3324.556
30.958000,3324.556
30.959000,3324.556
30.960000,3324.556
30.961000,3324.556
30.962000,3324.890
30.963000,3324.890
30.964000,3324.890
30.965000,3324.890
30.966000,3324.890
30.967000,3329.945
30.968000,3329.945
30.969000,3329.945
30.970000,3329.945
30.971000,3329.945
30.972000,3327.894
30.973000,3327.894
30.974000,3327.894
30.975000,3327.894
30.976000,0.000
30.977000,3324.652
30.978000,3324.652
30.979000,3324.652
30.980000,3324.652
30.981000,-12500.000
30.982000,3318.119
30.983000,3318.119
30.984000,3318.119
30.985000,3318.119
30.986000,3318.119
30.987000,3320.599
30.988000,3320.599
30.989000,3320.599
30.990000,3320.599
30.991000,3320.599
30.992000,3322.649
30.993000,3322.649
30.994000,3322.649
30.995000,3322.649
30.996000,3322.649
30.997000,3322.411
30.998000,3322.411
30.999000,3322.411
31.000000,3322.411
31.001000,3322.411
31.002000,3326.559
31.003000,3326.559
31.004000,3326.559
31.005000,3326.559
31.006000,3326.559
31.007000,3326.941
31.008000,3326.941
31.009000,3326.941
31.010000,3326.941
31.011000,3321.314
31.012000,3321.314
31.013000,3321.314
31.014000,3321.314
31.015000,3321.314
31.016000,3314.924
31.017000,3314.924
31.018000,3314.924
31.019000,3314.924
31.020000,3314.924
31.021000,3312.731
31.022000,3312.731
31.023000,3312.731
31.024000,3312.731
31.025000,3312.731
31.026000,3318.357
31.027000,3318.357
31.028000,3318.357
31.029000,3318.357
31.030000,3318.357
31.031000,3321.457
31.032000,3321.457
31.033000,3321.457
31.034000,3321.457
31.035000,3321.457
31.036000,3320.599
31.037000,3320.599
31.038000,3320.599
31.039000,3320.599
31.040000,0.000
31.041000,0.000
31.042000,0.000
31.043000,0.000
31.044000,0.000
31.045000,0.000
31.046000,3389.740
31.047000,3389.740
31.048000,3389.740
31.049000,3389.740
31.050000,3389.740
31.051000,3389.502
31.052000,3389.502
31.053000,3389.502
31.054000,3389.502
31.055000,3389.502
31.056000,3395.510
31.057000,3395.510
31.058000,3395.510
31.059000,3395.510
31.060000,3395.510
31.061000,3413.010
31.062000,3413.010
31.063000,3413.010
31.064000,3413.010
31.065000,3413.010
31.066000,3415.871
31.067000,3415.871
31.068000,3415.871
31.069000,3415.871
31.070000,3415.871
31.071000,3416.967
31.072000,3416.967
31.073000,3416.967
31.074000,3416.967
31.075000,3609.800
31.076000,3609.800
31.077000,3609.800
31.078000,3609.800
31.079000,3609.800
31.080000,3611.803
31.081000,3611.803
31.082000,3611.803
31.083000,3611.803
31.084000,3611.803
31.085000,3626.060
31.086000,3626.060
31.087000,3626.060
31.088000,3626.060
31.089000,3626.060
31.090000,3629.303
31.091000,3629.303
31.092000,3629.303
31.093000,3629.303
31.094000,3629.303
31.095000,3628.540
31.096000,3628.540
31.097000,3628.540
31.098000,3628.540
31.099000,3628.540
31.100000,3631.878
31.101000,3631.878
31.102000,3631.878
31.103000,3631.878
31.104000,14.210
31.105000,3797.197
31.106000,3797.197
31.107000,3797.197
31.108000,3797.197
31.109000,3797.197
31.110000,3795.338
31.111000,3795.338
31.112000,3795.338
31.113000,3795.338
31.114000,3795.338
31.115000,3795.004
31.116000,3795.004
31.117000,3795.004
31.118000,3795.004
31.119000,3795.004
31.120000,3794.241
31.121000,3794.241
31.122000,3794.241
31.123000,3794.241
31.124000,3794.241
31.125000,3791.904
31.126000,3791.904
31.127000,3791.904
31.128000,3791.904
31.129000,3791.904
31.130000,3789.425
31.131000,3789.425
31.132000,3789.425
31.133000,3789.425
31.134000,3789.425
31.135000,3792.095
31.136000,3792.095
31.137000,3792.095
31.138000,3792.095
31.139000,3792.524
31.140000,3792.524
31.141000,3792.524
31.142000,3792.524
31.143000,3792.524
31.144000,3792.381
31.145000,3792.381
31.146000,3792.381
31.147000,3792.381
31.148000,3792.381
31.149000,3792.620
31.150000,3792.620
31.151000,3792.620
31.152000,3792.620
31.153000,3792.620
31.154000,3793.859
31.155000,3793.859
31.156000,3793.859
31.157000,3793.859
31.158000,3793.859
31.159000,3789.377
31.160000,3789.377
31.161000,3789.377
31.162000,3789.377
31.163000,3789.377
31.164000,3746.796
31.165000,3746.796
31.166000,3746.796
31.167000,3746.796
31.168000,0.000
31.169000,3723.907
31.170000,3723.907
31.171000,3723.907
31.172000,3723.907
31.173000,3723.907
31.174000,3600.502
31.175000,3600.502
31.176000,3600.502
31.177000,3600.502
31.178000,3600.502
31.179000,3584.051
31.180000,3584.051
31.181000,3584.051
31.182000,3584.051
31.183000,3584.051
31.184000,3572.559
31.185000,3572.559
31.186000,3572.559
31.187000,3572.559
31.188000,3572.559
31.189000,3542.852
31.190000,3542.852
31.191000,3542.852
31.192000,3542.852
31.193000,3542.852
31.194000,3533.888
31.195000,3533.888
31.196000,3533.888
31.197000,3533.888
31.198000,3533.888
31.199000,3537.416
31.200000,3537.416
31.201000,3537.416
31.202000,3537.416
31.203000,3319.979
31.204000,3319.979
31.205000,3319.979
31.206000,3319.979
31.207000,3319.979
31.208000,3320.551
31.209000,3320.551
31.210000,3320.551
31.211000,3320.551
31.212000,3320.551
31.213000,3316.832
31.214000,3316.832
31.215000,3316.832
31.216000,3316.832
31.217000,3316.832
31.218000,3315.306
31.219000,3315.306
31.220000,3315.306
31.221000,3315.306
31.222000,3315.306
31.223000,3315.973
31.224000,3315.973
31.225000,3315.973
31.226000,3315.973
31.227000,3315.973
31.228000,3320.646
31.229000,3320.646
31.230000,3320.646
31.231000,3320.646
31.232000,0.000
31.233000,3326.225
31.234000,3326.225
31.235000,3326.225
31.236000,3326.225
31.237000,3326.225
31.238000,3323.746
31.239000,3323.746
31.240000,3323.746
31.241000,3323.746
31.242000,3323.746
31.243000,3321.075
31.244000,3321.075
31.245000,3321.075
31.246000,3321.075
31.247000,3321.075
31.248000,3318.024
31.249000,3318.024
31.250000,3318.024
31.251000,3318.024
31.252000,3318.024
31.253000,3314.352
31.254000,3314.352
31.255000,3314.352
31.256000,3314.352
31.257000,3314.352
31.258000,3316.545
31.259000,3316.545
31.260000,3316.545
31.261000,3316.545
31.262000,3316.545
31.263000,3320.169
